Region,2008,2009,2010,2011,2012,2013,2014,2015,2016,2017,2018,2019,2020,2021,2022,2023,2024,2025,2026,2027,2028,2029,2030,2031,2032,2033,2034,2035,2036,2037,2038,2039,2040,2041,2042,2043,2044,2045,2046,2047,2048,2049,2050,2051,2052,2053,2054,2055,2056,2057,2058,2059,2060,2061,2062,2063,2064,2065,2066,2067,2068,2069,2070,2071,2072,2073,2074,2075,2076,2077,2078,2079,2080,2081,2082,2083,2084,2085,2086,2087,2088,2089,2090,2091,2092,2093,2094,2095,2096,2097,2098,2099,2100,
East Midlands,Persons,Persons,Persons,Persons,Persons,Persons,Persons,Persons,Persons,Persons,Persons,Persons,Persons,Persons,Persons,Persons,Persons,Persons,Persons,Persons,Persons,Persons,Persons,Persons,Persons,Persons,Persons,Persons,Persons,Persons,Persons,Persons,Persons,Persons,Persons,Persons,Persons,Persons,Persons,Persons,Persons,Persons,Persons,Persons,Persons,Persons,Persons,Persons,Persons,Persons,Persons,Persons,Persons,Persons,Persons,Persons,Persons,Persons,Persons,Persons,Persons,Persons,Persons,Persons,Persons,Persons,Persons,Persons,Persons,Persons,Persons,Persons,Persons,Persons,Persons,Persons,Persons,Persons,Persons,Persons,Persons,Persons,Persons,Persons,Persons,Persons,Persons,Persons,Persons,Persons,Persons,Persons,Persons,
0-4,260.6,260.6,260.6,260.6,260.6,261.1,257.11609129,252.245505583,244.751913617,235.85737339,229.422132025,230.260212591,229.677259389,229.522397516,228.800669885,228.108307434,227.927983026,226.214090402,226.320083427,226.198837912,225.197063903,
5-9,240.4,240.4,240.4,240.4,240.4,248.0,255.573201953,264.738690877,268.730352299,274.115968165,272.743437596,269.953388443,264.284792672,257.386878431,248.292191941,241.059799536,241.893589633,242.102769276,241.943952613,240.820207622,240.124131349,
10-14,240.7,240.7,240.7,240.7,240.7,236.7,229.11164638,227.88730644,233.425979266,244.535350069,258.827980963,265.599840557,274.163207819,279.344433583,284.32813596,283.350165077,279.56425892,275.089186915,267.196073518,258.500017412,252.462936038,
15-19,275.2,275.2,275.2,275.2,275.2,272.1,272.407627815,272.299915456,269.78827872,264.078937991,262.537420804,256.332667182,253.70633744,260.828729536,272.526945564,286.612295555,295.563319093,303.520826177,309.490064968,314.467510825,314.280348479,
20-24,300.3,300.3,300.3,300.3,300.3,302.7,312.659255953,314.323996021,314.543412113,315.901398348,316.405348317,316.524061823,316.631324244,313.938779819,308.050357402,307.524064883,303.459635278,302.773366616,309.845277675,322.486824156,337.11719982,
25-29,265.2,265.2,265.2,265.2,265.2,267.3,267.171938419,267.233969989,270.473142709,271.519074624,266.793799518,275.209603252,276.849321694,277.882953522,278.108944095,280.112603001,280.285515174,281.838170025,279.476111928,274.994820767,274.481107469,
30-34,259.7,259.7,259.7,259.7,259.7,264.9,267.773262854,268.437137316,269.678013662,271.695846751,277.278890118,277.318420907,275.718222775,279.050964937,279.55753803,275.450707773,283.635491215,285.287541296,284.618427074,286.41113945,286.529571002,
35-39,258.0,258.0,258.0,258.0,258.0,250.5,247.487258312,252.012365707,259.098818775,268.94840182,276.789078712,280.405970144,280.820037445,282.015730028,283.194040766,288.335469407,289.189002682,289.359624174,292.234644306,293.206092015,289.170614467,
40-44,309.2,309.2,309.2,309.2,309.2,302.8,292.46576876,286.836148934,274.167721799,260.833512145,257.780644148,255.128841811,259.611046215,267.251186411,276.060164352,285.247864534,287.404110927,287.357704061,288.491478758,290.805540735,296.284161804,
45-49,320.5,320.5,320.5,320.5,320.5,320.1,322.346863295,317.73532618,318.614946212,314.05201306,306.450205592,296.911687945,290.293964357,276.649116694,263.732547396,261.284869973,257.999589512,262.832761986,270.411976329,279.356811638,289.277957361,
50-54,289.1,289.1,289.1,289.1,289.1,297.7,308.907665724,320.58553615,325.583886146,326.320377247,322.825429942,323.804890137,319.739189866,319.608554591,315.851365947,307.680556592,297.720678265,292.485347111,279.815176911,267.06850414,263.568826732,
55-59,254.2,254.2,254.2,254.2,254.2,257.9,261.471427729,267.707565278,277.795724805,288.169381807,297.266172249,309.942978366,319.733476579,325.099605927,325.661014945,321.244917556,324.095474555,318.550379426,318.953122832,314.964213648,307.382292216,
60-64,258.0,258.0,258.0,258.0,258.0,252.2,248.176045485,243.317458858,243.008260147,248.059263837,256.884992049,259.019031571,267.197349279,277.668051615,287.657562195,296.803229715,307.717449069,319.186739382,322.885067051,323.850640862,319.902458428,
65-69,239.9,239.9,239.9,239.9,239.9,251.6,260.989685576,271.46258707,277.108511158,256.740997403,246.73423377,241.766688925,237.389575096,237.410897199,243.373832064,250.273113971,253.380126019,260.937704551,270.171254959,279.96027746,289.135031361,
70-74,172.2,172.2,172.2,172.2,172.2,177.6,184.919303826,190.096280511,198.545935237,226.076084816,236.708539819,244.678467188,255.165169077,259.931902365,239.720766512,230.457372345,225.794255023,221.742453611,222.812777299,227.166271845,233.781032369,
75-79,140.0,140.0,140.0,140.0,140.0,143.4,149.157227434,151.332722589,148.866717419,149.886535796,158.806513227,163.741364982,168.609098591,175.186041173,201.283722591,212.102065925,218.032871923,225.086187848,229.081367501,210.372929752,201.038787288,
80-84,105.4,105.4,105.4,105.4,105.4,105.9,107.80825401,109.88768678,110.98031808,112.1701005,116.664461332,121.646915611,122.570729718,120.260055941,121.102917199,128.858428315,131.540372543,136.092984666,140.822611624,163.487087333,171.28864978,
85-89,64.5,64.5,64.5,64.5,64.5,64.9,66.5397086135,68.0048553252,72.2952518879,73.9571387069,74.2764946085,75.794245831,75.5427443067,76.790167524,78.1510167014,82.2345129634,85.4854948339,84.9687581281,82.5380738226,82.7512068178,88.3868506674,
90+,34.6,34.6,34.6,34.6,34.6,35.7,35.6853689439,37.9383741521,40.2622711511,42.1910506468,44.6476332539,44.9830508869,44.6081635588,47.9059188156,50.9621155456,51.9176035196,51.6824078383,53.3791154914,55.4136686425,58.5390152293,61.8442277377,
Total,4287.7,4287.7,4287.7,4287.7,4287.7,4313.1,4347.76760237,4384.08342922,4417.7194552,4445.10880712,4479.84340804,4509.02232815,4532.31101012,4563.73236563,4586.41584909,4618.65794807,4642.37162553,4668.80571114,4692.52121124,4715.40794962,4741.25324827,
Births,na,na,na,na,na,na,44.54,44.455,44.625,44.625,44.71,44.795,44.88,44.88,44.71,44.625,44.625,44.37,44.2,44.2,44.03,
Deaths,na,na,na,na,na,na,55.912642206,58.6363555279,60.6836340853,62.5639927656,63.6263533899,64.4766453922,65.9919655848,65.9420089684,67.6460287503,70.1065683713,71.2719468702,71.7785742302,72.2857922488,72.1145428051,74.2707900364,
Migration,na,na,na,na,na,na,46.0233001747,50.4042177742,49.6375160562,45.1010969905,53.2553884721,48.3098109404,44.0759041943,52.1807692463,45.3328678989,57.4668642675,49.6195799718,53.0855048401,51.0077367276,50.0839781474,55.4071478567,
West Midlands,
0-4,361.2,361.2,361.2,361.2,361.2,361.8,352.935974302,345.855321062,335.921059278,323.787342805,314.590254872,314.796857869,315.432176536,316.240369669,314.975082043,314.933348435,314.92101639,314.511854839,313.193351299,312.273560865,311.696304858,
5-9,337.0,337.0,337.0,337.0,337.0,345.7,353.88035226,359.872112588,364.869190773,371.260666958,368.309974654,361.038239469,352.96042943,343.621997714,330.093968026,320.696646209,321.494528195,322.323062949,322.727597927,321.854808607,321.609148673,
10-14,331.3,331.3,331.3,331.3,331.3,326.1,319.463764549,317.996093959,324.882488875,335.747422992,349.795575723,358.963703072,364.749809068,369.144149715,375.928602764,373.570561042,365.701272969,358.02131199,347.88727926,335.952597202,326.557476492,
15-19,363.3,363.3,363.3,363.3,363.3,360.3,355.218113169,353.497082793,346.780595776,337.260835649,333.498051819,327.446137844,326.365011128,333.838209268,344.89270586,357.936936993,367.68990238,374.261423704,379.641468844,386.219597728,383.457269555,
20-24,388.7,388.7,388.7,388.7,388.7,390.6,398.923814364,398.476196232,393.235090762,391.756469368,392.047973357,388.315930132,386.157395452,381.992159945,371.6425211,370.234943096,362.976675361,363.47442892,369.74050589,381.377544382,396.994514248,
25-29,367.1,367.1,367.1,367.1,367.1,370.3,378.579279174,384.453459145,396.880758236,405.31800686,405.988692162,414.257269813,413.958242778,408.673281706,407.951583911,407.411387028,404.640630972,403.64449213,398.055485624,390.063184815,388.224758629,
30-34,351.7,351.7,351.7,351.7,351.7,360.0,363.560044686,363.512112073,365.428917646,369.113043192,373.969294882,380.214201831,386.644873748,396.847961512,404.858414077,404.71002849,412.925889753,412.777261959,407.646763787,407.479448526,407.29491974,
35-39,342.0,342.0,342.0,342.0,342.0,332.6,326.298878811,332.505617499,340.870245092,351.596656296,361.901870723,365.19848029,365.888010317,366.758128773,369.400338804,374.012964314,380.416828345,385.614510769,396.578693893,402.571166332,403.595281881,
40-44,402.1,402.1,402.1,402.1,402.1,393.5,381.812498692,369.039948471,352.395139155,336.461008944,330.589914378,324.051040479,330.416443301,338.740293054,348.828562043,360.090232303,362.520018817,362.149777202,364.153940391,366.936622869,371.686563561,
45-49,406.9,406.9,406.9,406.9,406.9,407.6,410.584242,407.4856799,408.268517341,402.801711617,388.512902379,378.566644441,365.163491186,348.102598641,333.944089909,327.049921223,321.085236771,327.811601221,335.488393173,346.716315402,357.325033442,
50-54,365.2,365.2,365.2,365.2,365.2,375.0,388.819809235,402.68001726,407.64370377,405.940998757,403.175505706,405.427419413,402.829180073,402.764695185,396.685758391,384.799474661,373.393838726,361.334442778,344.421649158,329.004634644,323.804229141,
55-59,322.9,322.9,322.9,322.9,322.9,325.8,326.279654804,330.386468918,342.290871449,356.642737252,366.299287935,380.513638854,394.62288478,398.915821283,398.207536839,393.117070626,396.001322606,393.081976714,393.331449237,387.805630695,375.51093258,
60-64,320.6,320.6,320.6,320.6,320.6,313.7,306.913119583,301.432580421,302.245234185,307.984635825,313.073683845,313.242165556,317.458982772,328.324572758,342.271428707,352.362366513,365.763733014,378.52595515,383.733650225,382.232498202,378.420801377,
65-69,303.2,303.2,303.2,303.2,303.2,311.9,320.013589349,327.297264632,331.049881042,308.118351776,298.454705372,291.598346848,286.132137284,287.823220944,291.65205358,295.610392582,297.561179767,301.759937507,311.617246495,324.387050658,333.931392487,
70-74,227.3,227.3,227.3,227.3,227.3,234.3,244.65615735,251.68446215,259.233195176,284.363910981,291.706802941,297.480443204,303.971345279,307.684520927,285.77546242,276.555846122,269.977072868,263.823939063,264.608268178,269.069138578,274.175219369,
75-79,185.2,185.2,185.2,185.2,185.2,190.2,197.006167868,200.414467295,197.023747489,198.630852298,207.433594389,216.064015619,222.369921589,227.93320485,252.226297849,258.260942114,263.447535481,268.172732988,271.243320998,251.168250493,242.986952497,
80-84,138.9,138.9,138.9,138.9,138.9,140.7,141.604961166,142.603574493,145.199589757,148.775124733,154.71437322,159.500808931,161.456913181,157.756245537,158.445341574,167.058391994,174.28072195,178.543676109,181.894942168,204.675353308,210.430565233,
85-89,83.1,83.1,83.1,83.1,83.1,84.3,85.6007783808,89.0169277938,93.1802082664,95.9847445578,97.5996151006,97.0402324097,97.2237800395,99.4680711033,102.45797827,108.360412093,110.787916296,111.369211731,106.897224698,108.213273726,114.360726018,
90+,44.9,44.9,44.9,44.9,44.9,47.2,47.0079743845,48.5325757462,52.9233394358,55.6939499131,59.0383011747,59.8533868703,59.8872121826,63.288371821,66.4155002999,69.0282063386,68.4432276112,69.7133828177,73.4399805671,77.5041510506,80.9919238126,
Total,5642.6,5642.6,5642.6,5642.6,5642.6,5671.6,5699.15917413,5726.74196243,5760.3217735,5787.23847077,5810.70037463,5833.56896294,5853.68824012,5877.91787441,5896.65322647,5915.80007218,5934.02854827,5950.91498054,5966.30121181,5985.50482808,6003.05401359,
Births,na,na,na,na,na,na,61.88,61.88,62.22,62.22,62.39,62.305,62.135,62.05,61.965,61.965,61.71,61.54,61.54,61.455,61.2,
Deaths,na,na,na,na,na,na,73.7445698321,76.3607165827,78.0567775265,81.3025464056,82.8523913868,83.1365764221,84.9821859397,85.1282632431,86.38447888,87.7986597399,89.2797729609,90.1520240252,90.414077675,89.8199368491,92.6365967376,
Migration,na,na,na,na,na,na,39.4203942498,42.0635048897,49.4165885965,45.9968398941,43.9208882577,43.6872323295,42.9490855092,47.2921447969,43.123299069,44.9234213604,45.7249200592,45.3590181542,44.1523521489,47.3408179071,48.7140660098,
South West,
0-4,303.4,303.4,303.4,303.4,303.4,304.8,302.218227457,298.090872314,290.911299476,281.81638374,276.001018997,275.864612002,275.759355372,275.45775447,275.470875168,275.286453283,275.017310541,275.289603753,274.255204175,273.61923659,272.784885643,
5-9,282.4,282.4,282.4,282.4,282.4,290.9,300.389353608,312.565349776,322.353294801,330.351164213,329.801739522,328.012481235,323.085194798,315.902773355,306.208394951,300.191560992,299.850513251,299.938669435,300.626367187,300.633935541,300.245363892,
10-14,288.2,288.2,288.2,288.2,288.2,283.2,276.53055663,274.92875981,281.979751422,297.386676293,312.393939598,324.959551845,335.336733006,344.719662179,354.303347873,353.350656547,350.962258268,346.033422731,337.855361955,328.360401047,323.140465454,
15-19,323.3,323.3,323.3,323.3,323.3,322.8,323.979971414,324.338551186,320.098764255,312.458068942,311.369659762,304.305816099,303.008633666,310.264665189,325.677817849,342.482187366,353.819807766,365.556867699,375.30621252,383.865625879,384.078847243,
20-24,338.7,338.7,338.7,338.7,338.7,339.7,346.162295092,347.035676479,347.29498395,350.322597101,350.146667761,351.671075139,352.977384818,349.689153922,341.211821614,341.676931694,335.790936328,336.663993,345.293638205,360.884374288,378.661609243,
25-29,310.2,310.2,310.2,310.2,310.2,313.3,317.774505185,320.63917444,326.078480495,328.723702886,324.399852635,329.014743434,328.844294033,328.464175834,329.066700075,330.05264004,331.33601231,332.801431349,330.470890755,325.340220124,324.771070661,
30-34,306.3,306.3,306.3,306.3,306.3,312.6,315.263619446,315.706002715,316.319592715,319.096615479,326.426789381,330.458986151,332.49115677,337.104062063,339.726476316,335.98214476,340.747635636,340.133562214,336.92667688,338.686238995,338.642305858,
35-39,307.2,307.2,307.2,307.2,307.2,298.2,294.286361249,301.674917496,311.813028091,322.91426094,333.390555208,336.564647159,336.533868114,336.879999875,339.991198211,346.065099453,349.465689095,353.055656166,358.236326106,359.245174728,355.48730056,
40-44,369.3,369.3,369.3,369.3,369.3,361.0,353.171599614,343.940168814,329.833325611,316.82776512,313.479320229,310.086581295,317.602024451,327.863561916,339.485999799,349.29296519,352.771045664,353.246934093,354.702520538,356.535978545,363.915354031,
45-49,394.6,394.6,394.6,394.6,394.6,393.0,394.392118883,389.677632338,389.020954912,382.291328054,374.877288283,365.873159737,356.969318113,341.013238457,330.340563299,326.127384409,322.479152802,329.919178562,341.088407524,353.015875569,363.324591366,
50-54,362.9,362.9,362.9,362.9,362.9,371.4,387.888044077,402.164734122,409.706151979,413.342996043,408.133468604,409.066094848,404.356984567,402.954527354,395.915181432,388.221804473,379.717676584,370.723733342,354.877832583,343.503630285,339.341070749,
55-59,326.9,326.9,326.9,326.9,326.9,332.0,337.187119348,347.298125332,361.174700522,374.067507318,385.013495088,401.711422403,415.694169236,424.413875064,427.719389522,422.466590624,422.702304643,419.130434345,417.324697637,410.523791601,402.095050634,
60-64,342.1,342.1,342.1,342.1,342.1,332.3,326.728843737,321.304452707,324.272260586,334.455548008,347.465997718,351.858284593,362.642079647,376.429114989,389.47923967,400.0500285,418.713420225,431.721641622,440.172643497,443.328179054,437.816514216,
65-69,331.9,331.9,331.9,331.9,331.9,346.1,365.813998412,378.759280679,384.17972602,353.988164307,339.940672972,333.892304062,327.942331809,330.612309864,340.060823043,351.694815339,357.349106965,367.364059164,381.409008868,393.773849956,405.875947175,
70-74,239.6,239.6,239.6,239.6,239.6,248.9,259.603875726,271.414119532,287.124993846,325.991545012,340.498475581,355.29532756,366.917540702,370.879639897,342.20701767,327.434004766,320.938718851,315.276554009,318.374907512,327.32942951,338.501057471,
75-79,199.1,199.1,199.1,199.1,199.1,203.4,212.060954837,215.133562477,213.372575812,218.804281634,233.198909281,241.169841006,250.235260938,264.74654797,301.022596561,314.412956894,327.122585234,334.814487157,336.842854928,308.135803255,296.600378694,
80-84,156.0,156.0,156.0,156.0,156.0,157.7,162.433733272,165.20036304,167.366769103,171.61114407,177.371301953,181.93918923,183.792604469,181.619392295,185.035734226,196.929159872,204.066512772,210.707476767,221.487443868,253.78682238,265.658592779,
85-89,99.8,99.8,99.8,99.8,99.8,100.2,103.775112642,109.012254988,112.700985097,117.496646512,120.387543603,118.639497566,120.193831608,122.002875948,125.83078554,130.093516086,133.101398435,135.211261831,130.510576145,132.285784548,141.223724606,
90+,58.4,58.4,58.4,58.4,58.4,60.4,63.0831015687,66.5802424815,69.3801214264,73.0526147141,77.3781681126,76.7365137636,78.9532339388,83.0551171011,84.3960471154,87.4416244442,87.8794217462,91.0210485863,92.8299510848,97.3082224772,101.212368276,
Total,5340.3,5340.3,5340.3,5340.3,5340.3,5371.9,5442.7433922,5505.46424073,5564.98176012,5624.99901039,5681.67486429,5727.12012913,5773.33600006,5824.07244774,5873.15000993,5919.25252473,5963.83150712,6008.61001583,6048.59152197,6090.16257437,6133.37649855,
Births,na,na,na,na,na,na,51.0,51.255,51.595,51.68,51.595,51.68,51.765,51.51,51.51,51.425,51.425,51.255,51.085,51.085,51.0,
Deaths,na,na,na,na,na,na,91.2614320629,97.7671193996,103.136821612,105.805533404,109.949616446,112.753864378,112.713879288,114.964373933,117.707147594,119.758899129,121.70609327,122.05936706,124.641264056,123.476534334,127.552680392,
Migration,na,na,na,na,na,na,110.86722958,109.034958065,110.999951541,114.103176948,114.990841308,106.459680805,107.105295299,114.111593859,115.175752863,114.337457429,114.79606195,115.530581214,113.444747653,113.86994098,119.629957583,
North East,
0-4,152.1,152.1,152.1,152.1,152.1,151.8,148.662147891,143.92980145,138.312642626,133.288411599,129.763693352,129.587228525,129.439872458,128.098791568,127.895872027,127.607860209,127.064653082,126.123711285,125.382096963,125.408264064,124.609849335,
5-9,140.4,140.4,140.4,140.4,140.4,144.2,147.480863138,151.160065052,153.645488998,154.340575776,152.85102804,150.310675476,146.174794762,140.955165802,135.930466855,132.00710893,131.231357338,131.280503334,130.932206027,130.12996403,129.043926296,
10-14,139.6,139.6,139.6,139.6,139.6,136.6,131.723949209,130.627012291,134.503595161,138.777634497,144.842462077,148.320192823,152.196348003,153.485903543,155.572362336,154.08136715,150.744695377,146.608604443,141.189926239,136.364607279,132.441872651,
15-19,163.4,163.4,163.4,163.4,163.4,160.7,159.934926709,158.563817299,155.790807955,150.622261724,149.626523328,144.746764018,143.447259555,146.922271709,151.590783092,157.6521624,161.722512024,166.390737323,167.67688208,170.556993295,168.666013156,
20-24,187.7,187.7,187.7,187.7,187.7,187.8,192.428573514,194.263816804,193.502732407,192.732470923,193.743092733,192.562147072,191.9697561,188.782065917,184.791170983,183.978014377,180.287540045,179.579791456,183.845754018,189.106158152,196.157034265,
25-29,164.9,164.9,164.9,164.9,164.9,166.7,166.369967835,165.240126446,164.504725787,165.956749639,162.632999059,167.434999326,170.04150081,170.451409343,170.056960206,171.046045342,171.042053427,170.831140716,169.020729021,166.009665261,166.175191664,
30-34,155.5,155.5,155.5,155.5,155.5,159.3,159.320108413,158.337136609,159.732994854,160.722435458,163.097633211,162.960226997,161.626046202,161.285126022,162.53723466,158.020612963,163.391197358,165.769970983,166.550459208,167.150610797,168.285861985,
35-39,147.0,147.0,147.0,147.0,147.0,142.8,141.648679568,145.066588612,148.275564446,153.665999963,158.055599489,157.461564323,157.656712785,158.639713413,159.416648068,161.181775994,161.05724116,159.704528899,159.460408682,160.700042091,157.444629007,
40-44,179.0,179.0,179.0,179.0,179.0,173.9,167.933355641,161.932465768,152.312033102,143.850914348,142.120959174,140.969432198,144.185088638,147.985862962,152.176593018,156.760087413,156.740002471,155.91797668,157.280213271,157.443404852,159.788491074,
45-49,194.3,194.3,194.3,194.3,194.3,191.1,187.675468764,182.810212345,182.675140936,178.71923677,172.541382222,166.685189234,160.397658171,151.088103319,143.532512934,141.307071423,140.552398349,143.162852189,147.152240355,151.531769561,156.105785872,
50-54,185.3,185.3,185.3,185.3,185.3,187.9,191.574563332,197.365339338,198.508776918,196.215898141,190.30205631,186.946083937,182.556113424,181.112725858,178.243544227,172.159175698,166.791278982,160.196432822,151.574901346,143.30902542,142.148879339,
55-59,164.3,164.3,164.3,164.3,164.3,168.0,171.403305639,175.732620117,178.9890073,182.380992665,184.529453011,189.028518457,194.066368036,196.067615146,193.656860464,187.642669028,184.717566335,180.368539814,179.378039994,176.774960572,170.164762023,
60-64,160.7,160.7,160.7,160.7,160.7,157.1,153.241928119,150.878058518,151.595054853,156.399659443,161.910775537,165.785605532,170.189513975,173.331071806,177.024407143,178.296939551,182.976951444,188.21258187,189.847344087,187.706827764,182.188224563,
65-69,143.4,143.4,143.4,143.4,143.4,151.8,160.549271998,166.670409711,169.197429487,155.650627828,148.587085396,144.750974677,142.623284577,143.181143742,148.413771848,153.538364185,157.257505588,160.510412103,163.725996772,168.132524389,169.343620372,
70-74,109.4,109.4,109.4,109.4,109.4,109.2,107.400485977,107.743065811,112.209778437,129.397776915,138.824075793,146.279965914,151.62903517,154.699742178,141.204122099,135.274436773,132.055227304,129.739217424,130.511191831,134.959890572,139.676162474,
75-79,91.7,91.7,91.7,91.7,91.7,93.3,96.7416663176,97.446179803,94.6848135235,92.9311684887,92.4047387024,91.2944150077,91.5617152649,95.0107212865,111.04980507,119.607321199,125.632991764,130.100780742,132.268474525,120.628546456,115.85928649,
80-84,66.4,66.4,66.4,66.4,66.4,67.5,67.6963117268,69.5316092892,68.313354336,69.0009828078,71.0824854565,73.659836752,74.51298421,71.8806154405,70.9932998122,70.7496677607,69.9751538849,69.7783141346,72.23715521,86.4035120863,92.9627442155,
85-89,38.2,38.2,38.2,38.2,38.2,38.4,38.7801005414,39.3002453267,40.8046309524,41.1781627889,42.2834088879,42.4348148108,42.9756669129,43.1491358425,44.2349492186,46.4471492919,47.6297556717,47.8537951313,46.3543242542,45.1238237016,45.3202298216,
90+,19.4,19.4,19.4,19.4,19.4,20.2,19.6243680223,19.4298530835,20.8844955962,21.6447498568,23.9581527387,22.9323096277,23.258745833,24.4315856619,25.9868779964,27.5640104353,27.100081434,28.4368838518,28.8287329823,30.2394159791,32.3300241275,
Total,2602.7,2602.7,2602.7,2602.7,2602.7,2608.3,2610.19004236,2616.02842367,2618.44306768,2617.47670963,2623.15760452,2624.15094471,2630.50846489,2630.55877056,2634.30824206,2634.92184012,2637.97016304,2640.5667752,2643.21707687,2647.68000632,2648.71258873,
Births,na,na,na,na,na,na,25.67,25.67,25.585,25.585,25.5,25.5,25.33,25.245,24.99,24.82,24.565,24.395,24.31,24.225,24.225,
Deaths,na,na,na,na,na,na,31.2487401246,31.7749799245,31.7749491406,32.0135969112,32.0067548,32.8981868225,33.0264012128,33.1056492694,32.9347944022,33.6386554308,34.4349969158,34.2513910565,34.6487851801,34.5722196418,35.329905062,
Migration,na,na,na,na,na,na,7.46878247985,11.9433612437,8.60459314278,5.45046615052,12.1779101341,8.35224015563,14.0133133367,7.87895166655,11.621487207,9.3398968632,12.547046771,12.1340144451,12.4600429483,14.3311356243,11.5754704846,
Northern Ireland,
0-4,127.324,127.324,127.324,127.324,127.324,126.595,122.246504013,118.587712929,114.179205369,109.883037544,106.875563015,106.617380266,106.187192338,105.525080124,105.651191645,105.691125976,105.516320053,105.166878205,104.742403809,103.180369337,101.582176856,
5-9,114.311,114.311,114.311,114.311,114.311,118.175,123.232506501,127.026604712,130.345316499,131.34631018,128.317429384,124.0043235,120.392321103,116.014963461,111.739498858,108.748811629,108.488340104,108.057786034,107.395281968,107.523095384,107.560988185,
10-14,115.669,115.669,115.669,115.669,115.669,113.24,109.212505502,107.666710891,109.044860939,113.053278949,119.821457688,124.916652758,128.748619239,132.083567052,133.092725033,130.064558616,125.752802603,122.140330598,117.762665621,113.487515525,110.497295019,
15-19,124.123,124.123,124.123,124.123,124.123,122.296,120.457858319,118.905279852,116.428844138,112.940192051,110.079986078,106.155861128,104.650214555,106.044808595,110.063020049,116.833350144,121.924396445,125.754821972,129.086991424,130.096654409,127.069573002,
20-24,123.87,123.87,123.87,123.87,123.87,122.86,120.555788155,116.260323774,111.498951775,108.81872148,105.814655211,104.521142598,103.41492606,101.25447962,98.0116775374,95.2190084919,91.3161814117,89.8215879875,91.2194610952,95.2332088875,101.99464199,
25-29,125.132,125.132,125.132,125.132,125.132,125.912,127.644688305,128.441118196,129.366896373,128.8397533,127.770067586,125.720917341,121.675935942,117.091007948,114.542955786,111.608875741,110.328827633,109.230881689,107.079541959,103.851256126,101.072433669,
30-34,122.047,122.047,122.047,122.047,122.047,123.242,123.994080771,123.3167773,122.647093484,123.279817576,124.566370585,126.444269979,127.381479543,128.397795855,127.948236774,126.906582604,124.860825123,120.834550819,116.264057339,113.730875999,110.811713292,
35-39,118.222,118.222,118.222,118.222,118.222,116.104,114.092585868,115.744634987,118.267399827,120.228363782,121.399488381,122.233732212,121.636761368,121.023547134,121.698013922,122.991045707,124.856332045,125.78185414,126.792442547,126.347628572,125.309089966,
40-44,130.108,130.108,130.108,130.108,130.108,128.322,126.449793497,123.81722727,120.107365999,117.024352928,115.424924054,113.489959036,115.173496888,117.714122961,119.67351075,120.83007641,121.638427067,121.033311069,120.418737957,121.089671796,122.374337499,
45-49,133.074,133.074,133.074,133.074,133.074,133.471,133.56613766,132.313308521,131.893068037,130.532504893,128.259667747,126.434977235,123.86432253,120.207817956,117.147071053,115.557835276,113.632938797,115.296800696,117.809343569,119.750847761,120.894978234,
50-54,120.659,120.659,120.659,120.659,120.659,123.36,127.949187043,131.924890663,133.348716927,133.780179485,132.92717738,133.04650666,131.836864044,131.449648576,130.119666881,127.888697849,126.092927557,123.560187883,119.951411032,116.936100361,115.370340701,
55-59,102.848,102.848,102.848,102.848,102.848,105.909,108.875434556,112.693955339,116.403015243,119.197813246,121.551795451,126.040354784,129.948023864,131.354073658,131.765890957,130.944760452,131.056702015,129.869383025,129.494846115,128.212230843,126.038351438,
60-64,93.428,93.428,93.428,93.428,93.428,93.523,92.9038669512,92.5946625729,94.5557971572,98.2925455357,102.408066102,105.251156316,108.932319562,112.535001098,115.239407264,117.527670192,121.842213339,125.600191217,126.947856917,127.369659001,126.610931761,
65-69,86.052,86.052,86.052,86.052,86.052,87.241,88.4154254958,89.8480290371,90.5561027587,88.841521806,88.5914145049,87.9427904757,87.6088609255,89.4548056944,92.9663796221,96.8744089737,99.515157961,102.975052189,106.386933155,108.981896682,111.205609342,
70-74,65.054,65.054,65.054,65.054,65.054,67.838,71.0511184182,74.4082127841,77.5210775646,80.3761088287,80.2148879492,81.231282396,82.4958402639,83.0903386086,81.4070011377,81.1343724612,80.4569610039,80.0748145296,81.7558158353,85.0249802072,88.6655463587,
75-79,51.78,51.78,51.78,51.78,51.78,52.71,54.2554762822,54.3403081275,54.0376999665,55.1892617921,58.9185383668,61.679175177,64.5486663442,67.2232531986,69.7307473967,69.682871348,70.462915497,71.4855328578,71.9289375605,70.4340204032,70.2240877464,
80-84,37.22,37.22,37.22,37.22,37.22,37.953,38.5267205098,39.2776764969,39.9097857577,41.1057020593,42.0047340461,43.0553463374,42.9793063577,42.6541935796,43.5642616402,46.7218459781,48.8455919032,51.0342041493,53.0991561532,55.2961147205,55.4525327568,
85-89,21.673,21.673,21.673,21.673,21.673,22.083,22.5179931282,23.1389516368,24.0848237456,24.8298880315,25.7292814912,25.8837903695,26.3542350742,26.9004848432,27.7826638079,28.5020536875,29.0467940431,28.8018993762,28.4484271325,29.2373032469,31.7266134173,
90+,11.04,11.04,11.04,11.04,11.04,11.49,11.2872770941,11.6179444105,12.2644608943,13.2678381314,14.3162527991,14.2717085044,14.6474368628,15.4215657171,16.0050097418,16.8300297386,16.8535093694,17.3438294452,18.1338698461,19.2689680895,20.2625935258,
Total,1823.634,1823.634,1823.634,1823.634,1823.634,1832.324,1837.23494807,1841.9243295,1846.46048246,1850.8271916,1854.99175782,1858.94132707,1862.47682286,1865.44055568,1868.14892986,1870.55798128,1872.48816397,1873.86389788,1874.71818103,1875.05239735,1874.72383476,
Births,na,na,na,na,na,na,20.91,20.91,20.91,20.825,20.825,20.74,20.655,20.57,19.635,19.465,19.38,19.295,19.21,19.125,19.04,
Deaths,na,na,na,na,na,na,19.3527806161,19.8916160488,20.2330029808,20.6971523513,21.1701733518,21.5612092296,22.08542454,22.424445057,21.2719787001,21.5584552472,21.8254547334,22.2874482075,22.6784749197,23.0854040451,23.6288914623,
Migration,na,na,na,na,na,na,3.35372868594,3.67099747825,3.85915593886,4.23886149205,4.50973957123,4.77077848651,4.96592032951,4.81817787137,4.34535287954,4.48695879354,4.30599738781,4.29279579425,4.23673536266,4.19206876743,4.13285180348,
Scotland,
0-4,295.871,295.871,295.871,295.871,295.871,293.955,283.118638071,275.148484025,262.315506739,253.676893106,249.673050535,252.678844156,256.323061364,258.139125678,259.253122104,259.548208096,260.49554419,261.018790272,262.202199502,263.023159072,263.320965786,
5-9,275.541,275.541,275.541,275.541,275.541,282.389,290.878556199,294.20064117,302.512278163,305.127752008,299.259807751,288.60923222,280.788317241,268.074708885,259.523481505,255.572826716,258.585257144,262.235592547,264.058531241,265.179171949,265.480989825,
10-14,281.597,281.597,281.597,281.597,281.597,274.884,265.8938624,263.35953929,264.474191533,272.240317529,284.497194333,293.106443899,296.522506011,304.910526911,307.576839938,301.740256101,291.102900435,283.292011657,270.586720478,262.048447665,258.102892903,
15-19,319.783,319.783,319.783,319.783,319.783,314.24,310.943138018,307.588285759,302.805642839,293.205836057,287.804043991,278.948073689,276.506268603,277.693695919,285.498953854,297.785035259,306.390676883,309.804120512,318.186476732,320.850362412,315.023647678,
20-24,370.639,370.639,370.639,370.639,370.639,371.416,382.38979011,386.055646375,381.610316369,378.479236385,379.303704777,376.484841606,373.457853958,368.898820344,359.43804884,354.110187131,345.286599725,342.872773961,344.078588151,351.879532946,364.152523287,
25-29,347.05,347.05,347.05,347.05,347.05,352.356,361.395093391,368.732340898,381.874928966,393.225339962,392.026857802,403.890103239,408.270722542,404.411900304,401.662541106,402.690323962,399.909014789,396.911567269,392.383109318,382.969206929,377.674104601,
30-34,332.962,332.962,332.962,332.962,332.962,340.805,343.323589293,346.379443992,347.973250415,350.150952359,359.144727706,368.782629223,376.602399587,390.130177236,401.726010908,400.700546231,412.536486971,416.907943493,413.093703372,410.387519967,411.430182496,
35-39,322.008,322.008,322.008,322.008,322.008,313.763,309.414180216,311.975984869,318.477154765,333.320949028,344.024018069,346.836361954,350.131950827,351.929863108,354.229884017,363.260721744,372.811832075,380.569797096,394.004728481,405.517051106,404.487509617,
40-44,385.46,385.46,385.46,385.46,385.46,373.834,358.753824655,347.483464734,333.574021546,318.348996863,314.422924611,310.316879463,313.01880117,319.59738855,334.386115557,345.024048983,347.778163133,351.022962021,352.79069571,355.062308976,364.004600194,
45-49,410.305,410.305,410.305,410.305,410.305,407.472,405.735298358,396.550028917,395.060729546,386.728034174,371.162135577,356.454269005,345.48182238,331.876512867,316.928381364,313.13091488,309.077108113,311.75876331,318.271241398,332.908258726,343.422725612,
50-54,384.707,384.707,384.707,384.707,384.707,392.083,401.702597741,412.504615918,412.139551083,409.58085943,402.11489239,400.665683741,391.851777929,390.572386044,382.520324817,367.28545803,352.904315824,342.20196913,328.896069066,314.228860505,310.529414531,
55-59,339.288,339.288,339.288,339.288,339.288,346.075,353.950825119,361.299321248,368.624568071,375.423196218,382.430253087,392.065043301,402.833976489,402.671519385,400.363944134,393.26095476,392.001077038,383.539011923,382.445532348,374.716786642,359.883226436,
60-64,322.638,322.638,322.638,322.638,322.638,317.055,309.665864627,307.770755407,312.021054094,322.080950731,331.604015594,339.381888265,346.619398546,353.884340865,360.666827532,367.67682446,377.091606914,387.610633096,387.543834342,385.450934261,378.724365154,
65-69,285.732,285.732,285.732,285.732,285.732,297.139,312.053103436,325.030154578,332.020801575,304.984294983,293.607409083,286.906447642,285.339923309,289.594835786,299.310624223,308.54875253,315.963701116,322.839069055,329.844052283,336.459383467,343.30024926,
70-74,221.533,221.533,221.533,221.533,221.533,224.904,223.803961978,219.365443335,222.371478133,252.095461785,263.675537,277.330911707,288.95088479,295.174795139,270.855675641,260.870658387,254.927749789,253.66507957,257.771587692,266.878921069,275.524777815,
75-79,180.611,180.611,180.611,180.611,180.611,183.739,186.473374518,186.52124888,182.097350361,181.700996424,185.238504218,184.342733226,180.476496764,183.039873384,209.77202222,220.400757508,232.025006868,241.649299002,246.690609101,225.761630165,217.415891436,
80-84,128.633,128.633,128.633,128.633,128.633,130.517,130.988243514,132.376114179,132.939744452,132.662922875,135.15620643,137.147122929,137.182966825,133.722563058,133.775794702,137.321405505,136.334916342,132.888218225,134.649922289,157.250032452,166.209970569,
85-89,72.337,72.337,72.337,72.337,72.337,73.216,72.8148418906,73.1362577356,74.42621015,77.0736544955,78.5903495535,78.6731887254,79.7749001096,80.7200487981,81.3078953884,83.8237382075,84.7455476483,84.5358254969,81.9412665694,82.2219366842,85.1113929147,
90+,36.905,36.905,36.905,36.905,36.905,38.056,35.9651917659,36.0405981117,38.0121243127,40.4058715958,43.1030066891,42.0010609534,42.5014854374,44.6262033102,47.7758870491,50.3427975589,49.9233523994,51.1765984069,53.3556843372,55.9691249497,59.0234473534,
Total,5313.6,5313.6,5313.6,5313.6,5313.6,5327.898,5339.2639753,5351.51836942,5365.33090311,5380.51251601,5396.8386392,5414.62175894,5432.63551388,5449.66928557,5466.5723749,5483.09441605,5499.8908574,5516.50002604,5532.79455241,5548.76262994,5562.82287747,
Births,na,na,na,na,na,na,49.045,50.15,50.405,50.66,50.745,50.915,51.0,51.85,51.85,51.85,51.0,50.915,50.83,50.66,50.575,
Deaths,na,na,na,na,na,na,57.0630449863,56.5445298084,56.1013784201,55.8716485563,56.3426927001,56.1935748039,56.2448380286,56.3093459883,56.4121223838,57.6015231609,57.2014552407,57.5688530106,57.7195305163,57.9991002929,58.6103313086,
Migration,na,na,na,na,na,na,19.3840202865,18.6489239307,19.5089121103,20.3932614527,21.923815887,23.0041042787,23.1471797907,21.3104541273,21.2243735271,21.943873762,22.5474201647,22.7443538114,22.535969627,22.4843561941,21.0410071488,
South East,
0-4,545.2,545.2,545.2,545.2,545.2,547.2,540.188725555,527.075158307,512.863775371,497.837815321,487.555528657,488.258420797,487.800675247,487.232341418,487.548388821,487.383375462,486.992366397,487.030109653,485.107434737,483.527099909,482.971269874,
5-9,507.4,507.4,507.4,507.4,507.4,524.0,541.736194384,566.237635122,580.98768405,592.555515902,591.007011693,585.182874635,573.255813,559.834643689,545.201361921,535.311867682,536.203136506,536.929104953,536.350954422,537.05557873,536.88203326,
10-14,503.0,503.0,503.0,503.0,503.0,496.0,487.720969494,486.595247291,497.800390648,522.335740626,551.04828569,571.554910658,595.246446699,611.974427284,623.133451041,622.172893799,614.553950578,604.813265518,591.191140403,576.159812955,567.863241807,
15-19,537.2,537.2,537.2,537.2,537.2,533.4,533.981412953,534.722139038,529.459606664,516.011197533,512.491736814,502.992887628,501.247836798,515.218857165,541.923039042,568.625978745,589.107772964,610.985822359,626.300539379,639.234930769,636.469724249,
20-24,541.8,541.8,541.8,541.8,541.8,540.9,542.791604903,534.710299734,521.23344886,513.503946775,511.120551298,510.845537172,508.580704403,503.886709316,491.10638776,488.434494819,479.311713674,477.542363351,489.297871799,511.877754782,536.80245949,
25-29,524.4,524.4,524.4,524.4,524.4,527.3,539.710569387,547.585673187,562.995321164,574.803390427,573.942153376,576.38683873,566.086341079,554.459461137,546.480184758,542.659967264,541.27020719,540.398664217,532.935877457,521.510592438,518.741349138,
30-34,548.3,548.3,548.3,548.3,548.3,555.8,559.032956963,561.80238435,564.91278464,571.354531832,585.110925245,595.319068387,604.504802662,618.648145269,630.389367289,629.589286914,630.539932096,622.147980883,610.637314471,601.405010932,597.568175672,
35-39,560.1,560.1,560.1,560.1,560.1,549.2,551.643463179,564.348182439,584.339654533,603.27119383,619.36070644,624.408480149,628.213566428,632.171720982,638.664302691,652.271395182,662.904826041,672.151476067,687.930672159,699.127440048,697.377128875,
40-44,637.4,637.4,637.4,637.4,637.4,628.1,618.784012146,613.867525551,594.460776415,580.882569363,578.904003233,581.563698887,598.075216453,618.292813159,639.43472303,656.348449424,662.384087494,666.387458063,670.543656135,676.840918976,690.438922129,
45-49,662.9,662.9,662.9,662.9,662.9,663.1,663.665991091,655.424847951,655.941159331,647.938338751,639.205851655,630.214116094,624.275577598,604.672179865,592.091552046,590.899732575,594.380134647,611.094179969,632.887196927,655.013036925,670.323534139,
50-54,590.1,590.1,590.1,590.1,590.1,607.5,632.787356569,657.535973529,669.685019164,673.898897559,663.077251832,665.325277284,657.277163804,657.274517061,649.590104878,640.425390779,632.760338594,627.369140625,607.70694992,595.459291738,594.941342919,
55-59,507.4,507.4,507.4,507.4,507.4,518.5,529.8437748,544.820505991,563.875692611,582.099223921,599.74955604,624.993250369,649.051875937,661.064988705,666.261755591,657.763503881,657.871653551,647.76951842,649.358161224,643.331570446,633.458229227,
60-64,503.7,503.7,503.7,503.7,503.7,489.2,474.698890476,470.379918766,475.934582145,493.407850597,509.46703079,521.689726483,535.462216457,554.813683352,572.998380312,591.524235451,615.739452931,637.896040956,649.945299791,655.383717765,646.283155345,
65-69,478.7,478.7,478.7,478.7,478.7,500.5,529.23607651,547.822015638,551.995627396,502.845014677,480.50131544,465.431199279,461.746535498,468.391925297,483.07818346,499.495110468,510.20575972,524.864953422,541.34781373,559.385256188,578.02789767,
70-74,342.6,342.6,342.6,342.6,342.6,354.8,366.030815581,376.836805245,402.807742255,464.251729883,484.456095605,510.141650152,523.722336259,528.040455368,481.529653402,459.301549333,445.553494769,442.338484285,446.290768094,460.348815863,477.317643137,
75-79,287.5,287.5,287.5,287.5,287.5,295.0,307.632446464,316.013722977,307.951686426,313.249068634,331.047313511,340.086981738,349.78223015,371.974588785,427.681259692,448.766122826,469.834140821,479.313351019,481.290012695,437.735770725,419.05246636,
80-84,224.2,224.2,224.2,224.2,224.2,226.8,234.131843586,238.87454357,244.019364814,248.39066309,259.273100921,267.774624865,271.122985211,263.993338635,267.758016396,282.52079142,290.364663707,297.979003024,315.126077442,365.315045601,382.995389635,
85-89,141.1,141.1,141.1,141.1,141.1,141.5,148.536175351,158.191196735,166.229809142,170.446335754,172.599496006,175.998485,177.417407898,180.396868957,186.01538504,192.417239129,197.385887674,200.152692211,193.055381959,193.616404822,204.74247618,
90+,83.7,83.7,83.7,83.7,83.7,87.0,89.7306244902,96.9531950858,101.769839954,107.728449139,113.562500351,114.403200638,118.464506956,123.542138704,128.334979935,133.454516331,133.22886807,137.864710715,141.558453314,148.683902073,156.389178049,
Total,8726.7,8726.7,8726.7,8726.7,8726.7,8785.8,8891.88390388,8999.79697051,9089.26396558,9176.81147361,9263.4804146,9352.57122894,9431.33423854,9515.88380415,9599.2204771,9679.36590148,9750.59238742,9825.02831971,9888.86157606,9961.01195168,10028.6456172,
Births,na,na,na,na,na,na,90.44,90.525,90.44,90.44,90.44,90.185,90.1,90.1,89.59,89.505,89.42,89.165,88.995,88.825,88.57,
Deaths,na,na,na,na,na,na,131.924991046,140.289893022,150.020622542,154.328204647,159.725559347,162.635966736,167.006294855,169.858082476,170.165615768,175.555697127,179.600331912,181.855834706,184.143499364,181.613671881,187.265482436,
Migration,na,na,na,na,na,na,147.438720961,157.469047826,148.640536026,151.029386237,155.459571784,161.269605232,155.570419275,164.139630753,163.557448619,166.053199881,160.876022282,166.564151981,158.375027388,164.466712614,165.712872564,
London,
0-4,611.8,611.8,611.8,611.8,611.8,618.7,606.149770415,589.461722496,570.539082994,539.086941787,513.576006529,514.957699146,517.140999164,518.304473192,519.416342905,519.98458065,519.592725875,519.460223896,519.045587816,519.202052346,519.418367753,
5-9,508.6,508.6,508.6,508.6,508.6,527.4,538.617942598,544.465445107,547.529848584,553.185800297,548.714651139,534.185459797,516.309192634,494.60656211,461.967325385,434.07475143,434.054519554,435.432536774,437.383158103,437.09275826,437.056182169,
10-14,453.9,453.9,453.9,453.9,453.9,452.8,440.46339423,439.064610541,448.009715618,469.093387401,487.98906363,499.002288387,503.850022379,504.323865522,508.187230451,501.12954012,487.752887701,468.08007226,443.905592291,412.149680567,382.025279482,
15-19,464.8,464.8,464.8,464.8,464.8,466.3,467.303118521,467.479590046,464.247423108,455.620490173,456.330461761,443.981340928,440.981079909,449.123604249,466.224440371,483.32903053,490.948746513,495.790752212,495.267504251,497.741285274,490.095270472,
20-24,610.0,610.0,610.0,610.0,610.0,608.5,637.070385183,660.224706656,680.750219943,708.992759867,739.18051166,734.956320611,732.698575275,726.041632961,713.000162057,706.907798295,689.182355334,681.405995801,685.56774945,702.666750703,720.565390012,
25-29,834.7,834.7,834.7,834.7,834.7,840.0,893.958521965,944.638521261,1003.99357694,1058.89506918,1102.7854664,1132.21308444,1153.04938986,1168.6754622,1192.42504336,1216.92490215,1210.47215973,1203.8062105,1189.75474225,1171.31177797,1161.60816736,
30-34,825.0,825.0,825.0,825.0,825.0,843.8,861.633407759,876.001180681,886.120128587,891.992545707,903.779036309,959.457165461,1010.86263702,1070.54081556,1125.5681675,1167.58491551,1197.06083158,1216.36217211,1230.84668647,1253.85184062,1277.00675543,
35-39,675.2,675.2,675.2,675.2,675.2,685.2,692.924686302,707.971212981,725.378413369,734.20971203,737.473104991,752.335014103,764.745328002,772.322241169,776.067401823,787.520453416,843.060744013,895.910889456,953.82743378,1007.87172521,1051.07715917,
40-44,613.4,613.4,613.4,613.4,613.4,615.3,605.777477385,598.76835901,592.295606137,589.942649897,592.712969093,596.477860573,606.992318971,618.497957255,624.251008806,623.468792422,637.332391279,647.96473554,654.364651814,658.326196863,669.603692369,
45-49,571.9,571.9,571.9,571.9,571.9,578.4,576.887716521,573.244596022,570.890266888,567.452198995,564.34749543,552.518668628,544.230635428,536.099466096,530.714682681,531.64676268,532.32123692,540.996930897,548.915846631,551.997700197,549.974544376,
50-54,480.9,480.9,480.9,480.9,480.9,497.1,515.114824398,528.351510434,538.262930023,542.89914037,538.93036089,537.080365255,533.165153754,529.596701228,525.800133482,520.776791499,509.47080023,499.148163095,490.981122412,483.775715543,482.106390522,
55-59,385.8,385.8,385.8,385.8,385.8,397.4,405.533441488,418.076625004,428.495524982,439.403365523,453.439302792,469.094795376,479.273825734,488.8177198,491.011598567,486.489888184,485.140143113,480.808638855,477.266422428,472.34398469,467.435471759,
60-64,334.6,334.6,334.6,334.6,334.6,331.7,324.828259306,322.522175717,327.623523919,335.962694934,346.771451483,352.555977893,362.818074171,371.426555483,381.030020301,392.259147027,404.679043428,414.728371817,420.852466117,422.921477471,417.410006975,
65-69,282.0,282.0,282.0,282.0,282.0,293.0,303.446644426,312.563497182,314.932964511,295.547957615,285.616377255,278.7256236,275.131881677,280.21006174,286.188001432,293.467068533,299.352192679,307.189200033,313.438291709,321.179965313,329.076308898,
70-74,214.5,214.5,214.5,214.5,214.5,216.6,214.607645447,211.084619607,221.495009131,245.678191324,256.865778871,265.384270951,274.144963189,273.707422841,256.829515711,247.827527616,239.701855382,236.959473458,240.69016332,243.918351127,252.278506169,
75-79,179.9,179.9,179.9,179.9,179.9,182.4,189.704967626,191.001427868,184.263980735,182.4607001,185.242465013,182.29385922,180.245329341,187.968106726,211.517987003,220.507227891,227.751438543,232.882508826,232.935064709,217.807905403,210.413100262,
80-84,135.0,135.0,135.0,135.0,135.0,136.5,138.472338555,138.472328007,141.637656852,142.517108198,146.238200216,150.266748777,150.207641764,144.688230989,143.361713595,145.959527177,143.551908439,143.017722477,148.541486231,168.046898325,177.002395794,
85-89,81.1,81.1,81.1,81.1,81.1,81.3,83.0548713904,85.5800530641,88.5767738642,91.6063297721,92.6551242446,93.216408402,93.0467922084,93.7448202283,96.2941402676,99.3095330559,100.266761352,101.658469677,96.9694994462,96.0631770726,97.8651597688,
90+,45.6,45.6,45.6,45.6,45.6,47.1,48.4203136591,50.0481339447,52.5175398462,55.4595229595,57.7707728655,58.2643607434,61.2312729133,62.0824849053,64.428305997,67.7484062217,65.3235237425,68.4262383927,71.6591225873,74.2358195413,77.1758318232,
Total,8308.7,8308.7,8308.7,8308.7,8308.7,8419.5,8543.96972717,8659.02031563,8787.56018603,8900.00656613,9010.41860058,9106.96731229,9200.12511339,9290.77818426,9374.28322169,9446.91664441,9517.01626541,9590.02930608,9652.21259181,9712.5050625,9769.19398057,
Births,na,na,na,na,na,na,115.685,117.13,117.895,118.915,119.68,119.85,120.105,120.445,120.615,120.87,121.04,120.955,120.615,120.36,120.275,
Deaths,na,na,na,na,na,na,81.0163890081,84.589111544,86.4290248817,88.0650860255,90.041649144,90.347626502,91.4178137957,92.4051508797,91.4291512153,93.0611743551,94.4689043766,92.7558025108,94.6361033953,95.1162303673,96.6370235436,
Migration,na,na,na,na,na,na,89.7476385915,82.3717418971,97.0345021788,81.5533054009,80.6919573469,66.9622286546,64.3966560489,62.5478837843,54.241378562,44.6811919264,42.8233140036,44.2191348944,35.8635804468,34.7905150759,32.7093725972,
Yorkshire and The Humber,
0-4,333.5,333.5,333.5,333.5,333.5,333.9,324.947085503,314.366351791,305.483661194,291.58756583,282.848160199,282.916945892,283.044827805,283.003393668,282.224684321,282.300050336,280.982148353,280.432535921,279.940175104,278.084933763,277.566265625,
5-9,306.8,306.8,306.8,306.8,306.8,315.0,323.816943298,332.037405538,334.288506229,338.531142533,335.420660888,326.866282481,316.881403539,307.002531892,294.299500739,285.956918154,285.622463867,285.545932697,285.300355696,284.715537098,284.388316949,
10-14,298.6,298.6,298.6,298.6,298.6,294.3,286.645997013,284.957402492,292.021745578,302.666953208,314.50562549,323.715107142,332.527601215,334.376230055,338.615009858,335.501307082,326.349279245,317.359246129,307.679555236,294.977688868,286.637157542,
15-19,340.9,340.9,340.9,340.9,340.9,337.4,337.454677825,338.085207764,332.727014854,326.954456554,326.740232098,317.882407664,315.787196467,323.241629726,333.481440503,346.308071266,356.501939532,364.907410343,368.539667878,373.171238634,369.257758932,
20-24,391.4,391.4,391.4,391.4,391.4,393.9,411.784687049,417.908253223,423.414884711,428.103811962,431.376452433,430.791751974,429.392918572,423.600070468,416.996042676,415.553011636,408.674628218,407.961103431,417.195972151,430.210342943,445.015282606,
25-29,348.3,348.3,348.3,348.3,348.3,352.1,350.141134156,348.369557946,350.172662771,353.563307837,348.793678242,363.430227325,370.091529052,374.150034134,378.388909892,382.606499836,382.979346748,384.132658165,379.500173896,374.25638431,373.176383071,
30-34,331.2,331.2,331.2,331.2,331.2,338.5,342.381702022,341.663384795,342.915174244,343.351464317,348.943847786,346.964467706,344.779534141,346.969501023,348.364439167,342.798049148,357.168096375,363.366189454,367.361503322,371.737862124,376.690120962,
35-39,319.1,319.1,319.1,319.1,319.1,309.8,304.205103931,309.927918667,316.821137753,328.071206541,337.909866695,341.344526728,340.78246343,341.996123566,342.596658176,348.354848662,345.834065836,343.510102152,344.571638995,347.394876954,340.758325446,
40-44,378.4,378.4,378.4,378.4,378.4,370.3,359.278451128,347.776322976,328.832473555,312.996586568,306.634865671,302.412128847,307.117311892,314.183621013,326.202974726,335.019415721,337.807435662,338.395680261,339.172618014,338.744518118,344.661465682,
45-49,383.7,383.7,383.7,383.7,383.7,383.3,383.603162009,381.815742276,383.131074247,377.211043969,365.859686177,354.822849602,342.922290726,323.984454337,309.746265282,303.376038728,298.738749548,304.411077386,311.439752736,321.230808078,332.601014584,
50-54,354.1,354.1,354.1,354.1,354.1,360.4,373.259316648,380.990967565,384.423452432,383.580955394,379.284544516,378.917317781,376.492093365,378.190824041,373.276018779,360.761374622,350.074303279,339.135893136,321.559386892,306.484160841,300.446363918,
55-59,310.6,310.6,310.6,310.6,310.6,316.4,320.380134609,329.97971933,338.443366958,347.179194085,353.822703067,365.742300015,373.777992316,377.164102673,377.318161703,371.274985488,372.373947413,369.660887314,371.704420864,365.980269252,354.288768479,
60-64,307.9,307.9,307.9,307.9,307.9,299.8,291.532640655,284.215038656,287.037408736,295.21934258,304.384091389,308.289719086,317.442828425,325.681857518,333.632948455,340.925252785,351.849004322,359.547022005,363.458835963,362.619885888,358.84297333,
65-69,282.2,282.2,282.2,282.2,282.2,295.9,310.426502712,320.405252391,326.160259213,296.93121761,282.821207654,275.277651664,269.149519647,270.5841452,277.957769651,287.873145993,291.100878939,300.19699679,307.616530979,315.615414222,321.633290487,
70-74,209.4,209.4,209.4,209.4,209.4,212.4,213.42446661,216.258887844,223.974594659,257.913735463,271.728983362,285.403855654,292.85047303,298.152294444,271.095321795,257.96005105,250.794096114,244.671566743,246.29679727,254.220802969,262.262803161,
75-79,175.7,175.7,175.7,175.7,175.7,179.7,185.311906608,186.750694051,181.870157246,180.175598821,183.675072072,185.433143727,187.147567738,193.904878266,224.694850572,236.770124441,247.171954364,254.347066785,258.334068683,234.074966718,222.80056808,
80-84,127.6,127.6,127.6,127.6,127.6,128.7,130.672841894,132.807565103,133.066067429,137.48953145,142.040434773,145.426312382,146.991385043,142.821601531,141.149604473,144.941143845,145.597728965,147.32142474,152.229358913,177.82507082,190.175458754,
85-89,76.2,76.2,76.2,76.2,76.2,77.0,77.8194874564,80.1282869603,81.410886372,83.0358172049,84.3002928499,85.6653284862,85.6233974265,88.5139612259,90.802445737,94.5626532047,96.322394845,97.6680110671,93.7396054441,93.3419627441,95.7880128956,
90+,41.6,41.6,41.6,41.6,41.6,42.6,40.9806085974,42.1153151185,44.5388311935,46.3730579125,49.3565865703,48.8358121937,49.3736738687,51.9580962686,53.8616762951,56.3729947271,56.2795024069,57.8175830007,60.6300182302,63.1327782265,67.5223348779,
Total,5317.2,5317.2,5317.2,5317.2,5317.2,5341.4,5368.06684972,5390.55927449,5410.73335937,5430.93598984,5450.44699193,5470.13813635,5482.1760077,5499.47935105,5514.7047228,5529.21593673,5542.22196403,5560.38838752,5576.27043626,5587.81950257,5604.51266538,
Births,na,na,na,na,na,na,56.78,56.95,56.865,57.035,57.035,56.865,56.695,56.44,56.27,55.93,55.76,55.76,55.76,55.42,55.42,
Deaths,na,na,na,na,na,na,65.1792376748,65.9972190584,67.6764472382,68.0744688866,68.9884314799,69.5953647239,70.9936324219,70.9809824148,71.9709842897,72.5641206596,72.7522535563,73.2030228007,74.1553492282,74.4780493446,76.4232620758,
Migration,na,na,na,na,na,na,35.0660873992,31.5396438195,30.9855321273,31.2420993519,31.4603933424,32.3995692422,26.3188309259,31.8102654908,30.8295135382,30.9983649107,29.7479318113,35.3292125122,33.9602761437,30.2501108804,37.184884122,
Wales,
0-4,179.849,179.849,179.849,179.849,179.849,179.013,174.479572393,169.329966034,162.798025995,157.31051709,153.082909244,153.246068265,153.274117651,152.855528441,154.290368171,155.391480921,156.25245816,156.823604056,157.157282347,156.191765367,155.235118676,
5-9,167.565,167.565,167.565,167.565,167.565,172.372,177.805573339,182.19051962,185.932859664,186.796352286,183.808580693,179.246712498,174.071984375,167.521169614,162.01963363,157.789673335,157.95263069,157.980341313,157.56131967,158.998394484,160.098335937,
10-14,171.228,171.228,171.228,171.228,171.228,166.989,160.322697608,158.268346814,160.349165601,166.118571721,174.609746684,180.005955849,184.361794234,188.081371359,188.930459387,185.942625272,181.382224577,176.209297401,169.660261473,164.161397677,159.932433417,
15-19,196.338,196.338,196.338,196.338,196.338,192.874,192.518260914,192.187932754,190.381830804,183.891596588,180.510035001,173.775668291,171.681644379,173.7528768,179.512909038,187.998751332,193.392991525,197.745606516,201.462246698,202.311517178,199.326588976,
20-24,216.172,216.172,216.172,216.172,216.172,220.441,229.032772075,231.920038963,230.252618947,231.882803011,230.135166897,229.457759155,228.857353734,226.870287121,220.262077333,216.84285169,210.125589984,208.042379362,210.115892178,215.871512461,224.346576853,
25-29,186.086,186.086,186.086,186.086,186.086,188.761,191.117752717,193.741380567,200.667681391,205.741595548,207.636333162,215.866026862,218.442073423,216.584222535,218.062452178,216.269842658,215.60109776,215.009020325,213.026400259,206.437119249,203.023989877,
30-34,177.682,177.682,177.682,177.682,177.682,181.506,181.858307544,180.54411033,179.606219981,181.214347945,184.977230813,187.126231479,189.550104586,196.342887859,201.307005438,203.181548924,211.382086302,213.941518315,212.085683134,213.563657242,211.775216273,
35-39,172.771,172.771,172.771,172.771,172.771,167.774,164.818486419,168.196485415,173.392964624,177.281688546,182.169899868,182.40634899,180.997301965,179.985036229,181.522347691,185.246234807,187.379058756,189.791985711,196.546056625,201.482937038,203.352294162,
40-44,209.0,209.0,209.0,209.0,209.0,203.817,195.661460717,189.508158502,178.450392809,170.721888156,168.031410069,165.008666499,168.302457931,173.411634464,177.239629545,182.058987922,182.274032039,180.862698695,179.84257307,181.354057982,185.042799132,
45-49,220.711,220.711,220.711,220.711,220.711,219.385,218.786835219,214.4648579,214.918958582,210.729228333,203.834372371,195.681053759,189.521660165,178.52751564,170.827165019,168.136184872,165.150678142,168.43220015,173.495534214,177.279024093,182.048864122,
50-54,206.934,206.934,206.934,206.934,206.934,210.515,217.980945901,223.777049132,224.50885296,223.369213806,219.530071495,218.90532022,214.602702009,215.035451564,210.891083192,204.071553015,196.040656239,189.975070894,179.123215224,171.513531596,168.829945038,
55-59,188.393,188.393,188.393,188.393,188.393,189.67,190.602991233,195.249796414,200.803165764,206.027735044,209.744014119,217.007399691,222.641598562,223.32635285,222.199173949,218.452727235,217.847561085,213.631088669,214.070307817,210.011206508,203.310914158,
60-64,195.46,195.46,195.46,195.46,195.46,189.862,185.71198342,181.096760488,180.808959821,184.237546887,187.812302167,188.6636375,193.111113561,198.45519851,203.529548982,207.150803491,214.171742287,219.614069996,220.23320986,219.137825648,215.507401279,
65-69,181.212,181.212,181.212,181.212,181.212,188.688,197.476287964,204.308167528,208.126679079,192.054509575,182.927395363,178.909254215,174.43725985,174.098170039,177.312518546,180.682048129,181.488474465,185.715012754,190.779794544,195.623301021,199.08992026,
70-74,136.928,136.928,136.928,136.928,136.928,140.473,143.910795456,146.76811025,149.581878757,166.826431834,174.496648531,182.289355999,188.240600698,191.407771718,176.48646631,168.09572412,164.424628889,160.282174128,159.90447758,162.827609606,165.864027652,
75-79,110.418,110.418,110.418,110.418,110.418,112.4,115.05024074,115.552513816,114.977633836,117.496424428,122.026076333,124.903644122,127.273152273,129.606755622,145.330052958,152.502056523,159.018068645,163.90528068,166.253808104,152.931212812,145.593974479,
80-84,80.388,80.388,80.388,80.388,80.388,81.432,82.7444973798,84.1879325537,85.4353696648,86.7795837435,89.0463242613,90.7225999748,90.8269188771,90.1815686538,92.3486524477,96.3553172575,98.6133093947,100.397263471,102.011473702,115.588283928,121.900440351,
85-89,49.509,49.509,49.509,49.509,49.509,49.37,49.4679959806,50.0445856986,50.7262405467,51.8358415814,53.5904606309,54.0238337151,54.939407148,55.9536879761,57.1846425104,59.2260031565,60.120718724,60.0078709606,59.2751063667,60.8588317949,63.9008587337,
90+,27.423,27.423,27.423,27.423,27.423,27.962,27.3449360651,28.0206259013,29.4036671709,30.883367776,32.3599448689,31.7332251062,32.1813249731,33.1503366813,34.4881960773,36.2378560262,36.4378551195,37.5996134332,38.8512631735,40.4485941068,42.701994329,
Total,3074.067,3074.067,3074.067,3074.067,3074.067,3083.304,3096.69239308,3109.35733868,3121.123166,3131.1992439,3140.32892257,3148.97876219,3157.31457039,3165.14782368,3173.7443824,3181.63227069,3189.05586278,3195.96609683,3201.45590604,3206.59177979,3210.88169371,
Births,na,na,na,na,na,na,29.835,30.005,30.09,30.94,31.025,31.025,30.94,30.94,30.005,30.005,29.92,29.835,29.835,29.75,29.665,
Deaths,na,na,na,na,na,na,41.844623975,42.3118886759,42.7290300626,42.9931430612,43.6961955761,44.0409380676,44.3564033529,44.6123577334,44.72121608,45.6829415774,46.4766682588,47.3058774591,46.2492181801,46.2994319175,47.594284957,
Migration,na,na,na,na,na,na,25.3980170589,24.9718342724,24.4048573799,22.1292209615,21.8008742518,21.6657776833,21.7522115579,21.5056110141,23.3127748067,23.5658298633,23.940194111,24.3324347242,21.7322895438,21.454608249,21.9567625325,
North West,
0-4,438.9,438.9,438.9,438.9,438.9,439.4,430.030963416,419.518458744,404.902274319,387.119908961,375.429097919,375.783082197,374.317745772,374.759340882,373.127062979,371.638874303,369.667565926,368.721748287,367.26491428,365.439949408,363.671542983,
5-9,405.1,405.1,405.1,405.1,405.1,416.0,427.712442699,435.644737492,439.398899563,445.145039545,441.948568683,431.785971365,421.272419057,407.053445218,389.468978553,377.378732431,378.720814511,377.647093422,377.485303765,375.846939754,375.347974542,
10-14,399.0,399.0,399.0,399.0,399.0,392.5,379.124552576,377.683588231,386.188702792,399.667433892,417.921497047,430.02579084,436.957099084,442.695777165,448.039139702,444.639620789,434.476713883,423.366232869,409.744833557,393.156976555,379.277937797,
15-19,445.3,445.3,445.3,445.3,445.3,436.6,432.094002628,427.166689655,416.646149427,404.71414036,398.935959886,386.345945577,384.496424952,393.588314749,407.455630468,424.109151839,437.196320617,443.719232989,450.244966121,456.178565549,452.574218901,
20-24,496.4,496.4,496.4,496.4,496.4,495.2,500.984820224,495.410174611,488.423966089,486.392359473,483.541257793,478.797530595,474.230359158,466.061914371,452.304056481,447.885286698,437.273559963,435.809968342,444.492263075,459.341652192,477.772774721,
25-29,467.9,467.9,467.9,467.9,467.9,471.8,476.702061189,481.586713044,491.432291383,499.476577559,495.375633355,503.892326681,500.455515002,494.417381557,493.337884161,491.043594271,487.061590777,484.055677409,475.26013389,464.656977349,460.006701902,
30-34,442.5,442.5,442.5,442.5,442.5,453.3,458.253157516,460.195876507,463.905200533,463.411747244,469.06574428,474.924106569,477.581459435,485.998315787,495.605109259,491.081352588,498.942662273,498.437933877,492.94760728,491.621881311,490.07632128,
35-39,424.8,424.8,424.8,424.8,424.8,413.2,405.420531845,410.946925937,420.823459754,434.655168107,449.062062517,455.157202678,457.446849493,460.112558911,459.177695011,463.398517253,468.218734749,472.428246188,481.006923462,489.786894365,484.639961042,
40-44,506.2,506.2,506.2,506.2,506.2,494.3,474.945893194,459.474340001,432.5611594,412.120824708,405.115071851,398.318583473,403.623990408,411.679677031,427.271814848,440.65407085,446.280995312,448.110188753,449.125959127,448.535150309,453.892648313,
45-49,522.5,522.5,522.5,522.5,522.5,520.5,520.63301081,512.084506378,511.788870569,502.445737779,485.064401779,467.05283176,450.34107129,426.36911935,405.486869015,398.423367211,391.809957542,396.689665852,404.90351384,420.846422097,434.376466703,
50-54,479.8,479.8,479.8,479.8,479.8,490.6,507.758236443,522.545017417,525.438036533,519.85681686,511.006344427,510.611355949,501.953745062,502.769035842,493.771912931,476.16626084,459.444605349,443.044637854,419.381617183,397.995127165,392.573981132,
55-59,417.4,417.4,417.4,417.4,417.4,423.1,429.616368803,441.745865739,452.524984598,466.753003196,475.69674146,492.659319589,507.48305023,509.070368407,505.441956621,496.221740568,496.811040602,488.588263163,489.076453273,479.985797789,464.895967447,
60-64,416.0,416.0,416.0,416.0,416.0,403.7,390.907987963,381.408548774,380.799974236,392.471551954,403.274405374,408.777547257,419.685428774,430.846953959,443.523919482,453.375898891,469.855750253,484.476344886,484.544782249,481.680690275,473.092045425,
65-69,379.0,379.0,379.0,379.0,379.0,395.4,414.353612463,428.460915967,436.859428941,395.880678119,375.765317593,362.853916878,354.261591514,354.75206273,364.516608826,375.175561507,381.06638942,390.792370033,402.002371993,413.599266201,422.417324483,
70-74,286.4,286.4,286.4,286.4,286.4,291.2,293.569967814,291.719848194,298.282763864,340.602383677,358.584792347,375.270945328,388.002247446,394.336412812,356.807647427,338.419147403,328.011633478,319.969282873,319.975014391,329.576093279,338.160042822,
75-79,232.4,232.4,232.4,232.4,232.4,237.9,245.163626135,246.832007993,241.966990909,240.52885297,247.301762411,248.579679972,247.93523698,252.101418169,291.717784573,307.906527297,320.235609263,332.302860242,337.17461,304.906958596,288.247656914,
80-84,170.9,170.9,170.9,170.9,170.9,172.1,171.605069221,172.130695697,174.835418851,176.248464186,184.37920452,187.699183747,189.75375524,185.507892846,185.906053425,190.69838228,192.301626526,191.382141387,195.092716115,228.527596668,242.121283731,
85-89,100.2,100.2,100.2,100.2,100.2,100.7,102.528860599,104.16667861,105.316226555,108.551658849,109.976530777,109.765376919,110.642030784,111.390210961,114.674170495,120.490546058,123.587003156,124.527357953,120.306694002,120.588677309,124.948416814,
90+,53.8,53.8,53.8,53.8,53.8,55.2,52.6466509929,53.4700682367,57.4628801139,59.3929872405,62.4198777307,62.2023006406,64.0910165667,65.2225631868,69.0111299843,72.1183302459,70.9526763201,73.1983118837,77.3640744859,80.3227114063,85.8258320684,
Total,7084.5,7084.5,7084.5,7084.5,7084.5,7102.7,7114.05181653,7122.19165723,7129.55767843,7135.43533468,7149.86427175,7160.50299802,7164.53103625,7168.73276393,7176.64542424,7180.82496332,7191.91524992,7197.26755826,7197.39475209,7202.59432758,7203.91909902,
Births,na,na,na,na,na,na,75.65,75.31,75.395,75.225,74.97,74.63,74.46,73.865,73.61,73.1,72.675,72.335,71.825,71.4,71.145,
Deaths,na,na,na,na,na,na,82.450630663,83.4621536214,84.1734115224,85.7106534339,86.182037211,87.1695867724,87.6459961718,88.3417038277,87.4582693883,90.2450860951,91.3290938557,91.9405836197,92.7363546273,93.2383357112,95.1456782117,
Migration,na,na,na,na,na,na,18.1460104559,16.2919943193,16.1444327255,16.3405636856,25.5032790833,23.0160301768,17.0440967291,18.431209491,21.5119919496,20.9407716263,29.3237429954,24.4945465299,20.5448878864,26.3618736214,24.5923638957,
East,
0-4,370.7,370.7,370.7,370.7,370.7,372.9,368.263644533,362.561796087,354.714744063,344.607408408,338.22948879,338.767731524,338.685125944,338.947102371,338.871905836,338.543206766,338.556318715,337.490661393,336.766711494,335.674571536,334.384175422,
5-9,340.4,340.4,340.4,340.4,340.4,351.6,365.320954372,380.235481771,391.965926211,402.503519908,400.317159901,398.063930138,392.555811789,385.30181978,375.191825477,368.21485069,368.150155102,368.857450343,368.914400368,369.430049483,368.697455425,
10-14,337.2,337.2,337.2,337.2,337.2,333.0,326.764683959,325.894987144,334.970386875,349.814587288,369.831500259,382.547083642,399.044493046,408.976036681,419.109278078,419.106759102,415.856204211,409.74962128,403.887828402,394.176212324,386.006506652,
15-19,357.5,357.5,357.5,357.5,357.5,352.8,349.850272724,345.481011417,339.298502512,328.32188524,325.888783452,319.237216465,319.545877222,328.607250645,343.637863203,362.249877954,377.736398089,390.439046902,399.562452381,408.292909441,408.083379038,
20-24,352.3,352.3,352.3,352.3,352.3,351.0,350.383647017,343.78225119,332.389096995,326.154325141,320.300014878,317.499766972,316.27257602,310.451226941,301.033809455,296.978077122,289.914090759,288.416933334,295.07418351,309.48843068,325.692270077,
25-29,364.2,364.2,364.2,364.2,364.2,370.7,385.123085215,398.518433166,414.275680426,425.63465463,427.626475975,427.556706354,420.714846245,412.274735988,404.422766779,398.747659873,394.523314202,393.267431892,386.424755102,376.583162108,371.304934696,
30-34,373.1,373.1,373.1,373.1,373.1,380.1,384.014838529,387.486959736,392.91031981,400.28792005,414.797927236,430.719013818,441.839415751,458.31610005,470.00524145,471.734317034,471.828004842,464.356851894,455.493922945,448.417148103,442.723527712,
35-39,374.2,374.2,374.2,374.2,374.2,367.5,368.177178202,377.552769891,392.051553972,406.107851841,419.729647032,425.910030373,429.273259726,434.997224367,441.290512964,455.115275062,470.558773362,481.642146401,498.657275914,508.498945319,513.346730042,
40-44,427.1,427.1,427.1,427.1,427.1,421.3,413.879594139,408.922854281,397.088041207,387.93711205,385.85248111,387.801730695,398.258026902,414.042117106,429.789810434,441.922391258,448.772086496,454.596734097,458.603212621,464.97099072,477.868398225,
45-49,441.9,441.9,441.9,441.9,441.9,441.9,445.128853713,440.824861214,441.362590544,437.013320859,428.595493926,421.837893522,418.17721526,405.274790142,397.261968498,395.509798954,398.361303049,409.703451955,424.564537179,441.773019759,454.368683583,
50-54,395.6,395.6,395.6,395.6,395.6,405.6,423.486874846,439.94361445,449.053680901,451.266995977,447.228689118,449.969340361,446.842969555,446.23605332,441.994500722,434.314937618,427.454139898,422.905852095,411.893322688,403.364625197,401.654135878,
55-59,346.3,346.3,346.3,346.3,346.3,353.0,358.695873948,368.114145278,381.087034831,395.26094088,408.691876177,425.379733474,442.135003287,451.058517082,453.403720598,448.59571272,452.060469164,448.71342006,448.717644586,443.53122124,435.927966417,
60-64,349.5,349.5,349.5,349.5,349.5,338.7,332.90971546,326.889460995,332.458960759,340.679399701,352.771810913,359.282833744,367.801122496,380.356295425,394.605937966,408.779259565,424.73061505,439.428991435,449.164166319,451.62498015,448.029059797,
65-69,333.7,333.7,333.7,333.7,333.7,348.5,368.462783916,382.846506918,387.296220007,351.357949805,335.785204872,328.648071625,323.82558,328.080794351,336.21183741,348.58206385,354.70582495,364.029525997,376.193492603,389.889861873,401.364620935,
70-74,238.1,238.1,238.1,238.1,238.1,245.0,254.38245812,261.143195856,278.010166426,323.798336012,338.476695186,354.547211683,367.058036109,368.802257884,335.827897247,319.940372036,314.071930771,310.272932632,314.43123085,321.333081952,332.352191214,
75-79,202.6,202.6,202.6,202.6,202.6,206.9,217.254204707,218.057146097,214.340206849,215.325903341,229.606153144,234.949954979,239.809582219,255.366870382,296.70881961,310.163608279,324.62407958,333.124376365,334.7581844,304.06169722,290.546526097,
80-84,155.3,155.3,155.3,155.3,155.3,157.5,162.255739122,166.69680308,169.539942662,174.294078469,180.292750884,185.56954213,186.039475458,179.538414334,182.106825254,191.593438489,196.640603817,202.033947117,212.248403722,250.93264816,262.343454835,
85-89,94.8,94.8,94.8,94.8,94.8,96.4,101.404317001,107.6783468,112.489035824,115.102191357,117.242075792,120.196482649,121.478718745,123.632884026,126.464380281,131.465566423,134.793180982,133.293837578,128.256650054,130.976726803,138.449224052,
90+,53.1,53.1,53.1,53.1,53.1,55.4,56.9916722451,60.5677504172,63.4129525646,66.9968762812,71.4935885818,72.6373251593,76.0095485581,77.8235248902,81.591244278,84.5572825332,85.8135073665,88.3969754333,92.1994119667,96.001804756,101.116002321,
Total,5907.6,5907.6,5907.6,5907.6,5907.6,5949.8,6032.75039177,6103.19837579,6178.71504344,6242.46525724,6312.75781723,6381.12159931,6445.36668433,6508.08401576,6569.53014554,6626.11445533,6689.1510004,6740.72018821,6795.81178711,6849.02208682,6894.25924242,
Births,na,na,na,na,na,na,62.305,62.645,62.9,63.24,63.41,63.665,63.58,63.58,63.58,63.495,63.495,63.325,63.07,62.9,62.815,
Deaths,na,na,na,na,na,na,89.6317743038,95.4537537024,99.8495689872,101.577254833,103.12480457,105.773322961,108.653302974,110.727656138,111.051402228,115.248589589,116.744924553,119.372879424,118.612614455,119.582386335,124.414226801,
Migration,na,na,na,na,na,na,110.267847919,103.256737723,112.466236635,102.087468634,110.003032915,110.468803058,109.310384641,109.858505283,108.891320886,108.30822973,116.229169443,107.485713167,110.517153445,109.735030087,106.425825222,
