  Ages,2008,2009,2010,2011,2012,2013,2014,2015,2016,2017,2018,2019,2020,2021,2022,2023,2024,2025,2026,2027,2028,2029,2030,2031,2032,2033,2034,2035,2036,2037,2038,2039,2040,2041,2042,2043,2044,2045,2046,2047,2048,2049,2050,2051,2052,2053,2054,2055,2056,2057,2058,2059,2060,2061,2062,2063,2064,2065,2066,2067,2068,2069,2070,2071,2072,2073,2074,2075,2076,2077,2078,2079,2080,2081,2082,2083,2084,2085,2086,2087,2088,2089,2090,2091,2092,2093,2094,2095,2096,2097,2098,2099,2100
0,397.904,397.904,397.904,397.904,397.904,388.974,392.882,394.336,395.868,396.978,397.673,397.816,397.516,396.91,396.176,395.307,394.285,393.189,392.093,391.017,390.025,389.181,388.587,388.276,388.277,388.688,389.592,390.985,392.849,395.135,406.29,406.29,406.29,406.29,416.768,416.768,416.768,416.768,416.768,419.595,419.595,419.595,419.595,419.595,418.89,418.89,418.89,418.89,418.89,419.084,419.084,419.084,419.084,419.084,419.524,419.8780714,419.9916234,420.1051753,420.2187273,420.3322792,420.4458312,420.5593831,420.6729351,420.786487,420.900039,421.0135909,421.1271429,421.2406948,421.3542468,421.4677987,421.5813506,421.6949026,421.8084545,421.9220065,422.0355584,422.1491104,422.2626623,422.3762143,422.4897662,422.6033182,422.7168701,422.8304221,422.943974,423.057526,423.1710779,423.2846299,423.3981818,423.5117338,423.6252857,423.7388377,423.8523896,423.9659416,424.0794935
1,393.627,393.627,393.627,393.627,393.627,398.449,389.567,393.467,395.115,396.526,397.672,398.287,398.435,398.139,397.539,396.812,395.947,394.93,393.838,392.746,391.674,390.687,389.846,389.255,388.948,388.951,389.364,390.271,391.665,393.531,404.137,404.137,404.137,404.137,416.02,416.02,416.02,416.02,416.02,420.168,420.168,420.168,420.168,420.168,419.796,419.796,419.796,419.796,419.796,419.526,419.526,419.526,419.526,419.526,419.806,420.8661429,421.0429091,421.2196753,421.3964416,421.5732078,421.749974,421.9267403,422.1035065,422.2802727,422.457039,422.6338052,422.8105714,422.9873377,423.1641039,423.3408701,423.5176364,423.6944026,423.8711688,424.0479351,424.2247013,424.4014675,424.5782338,424.755,424.9317662,425.1085325,425.2852987,425.4620649,425.6388312,425.8155974,425.9923636,426.1691299,426.3458961,426.5226623,426.6994286,426.8761948,427.052961,427.2297273,427.4064935
2,387.721,387.721,387.721,387.721,387.721,394.344,399.185,390.297,394.416,395.922,397.368,398.415,399.031,399.181,398.886,398.289,397.564,396.701,395.685,394.594,393.503,392.433,391.447,390.607,390.017,389.71,389.714,390.129,391.037,392.432,402.016,402.016,402.016,402.016,415.017,415.017,415.017,415.017,415.017,420.64,420.64,420.64,420.64,420.64,420.77,420.77,420.77,420.77,420.77,420.169,420.169,420.169,420.169,420.169,420.306,422.1525952,422.4206407,422.6886861,422.9567316,423.2247771,423.4928225,423.760868,424.0289134,424.2969589,424.5650043,424.8330498,425.1010952,425.3691407,425.6371861,425.9052316,426.1732771,426.4413225,426.709368,426.9774134,427.2454589,427.5135043,427.7815498,428.0495952,428.3176407,428.5856861,428.8537316,429.1217771,429.3898225,429.657868,429.9259134,430.1939589,430.4620043,430.7300498,430.9980952,431.2661407,431.5341861,431.8022316,432.0702771
3,384.329,384.329,384.329,384.329,384.329,388.361,395.002,399.833,391.163,395.139,396.68,398.025,399.074,399.69,399.842,399.548,398.951,398.227,397.365,396.349,395.259,394.169,393.099,392.114,391.274,390.684,390.378,390.382,390.797,391.706,399.871,399.871,399.871,399.871,413.563,413.563,413.563,413.563,413.563,420.79,420.79,420.79,420.79,420.79,421.618,421.618,421.618,421.618,421.618,420.83,420.83,420.83,420.83,420.83,420.843,423.5540476,423.9427359,424.3314242,424.7201126,425.1088009,425.4974892,425.8861775,426.2748658,426.6635541,427.0522424,427.4409307,427.829619,428.2183074,428.6069957,428.995684,429.3843723,429.7730606,430.1617489,430.5504372,430.9391255,431.3278139,431.7165022,432.1051905,432.4938788,432.8825671,433.2712554,433.6599437,434.048632,434.4373203,434.8260087,435.214697,435.6033853,435.9920736,436.3807619,436.7694502,437.1581385,437.5468268,437.9355152
4,387.572,387.572,387.572,387.572,387.572,384.875,388.925,395.556,400.598,391.791,395.802,397.244,398.59,399.64,400.256,400.409,400.116,399.519,398.796,397.934,396.919,395.829,394.74,393.67,392.686,391.846,391.256,390.951,390.955,391.371,397.829,397.829,397.829,397.829,411.682,411.682,411.682,411.682,411.682,420.577,420.577,420.577,420.577,420.577,422.309,422.309,422.309,422.309,422.309,421.484,421.484,421.484,421.484,421.484,421.409,425.0297381,425.566342,426.1029459,426.6395498,427.1761537,427.7127576,428.2493615,428.7859654,429.3225693,429.8591732,430.3957771,430.932381,431.4689848,432.0055887,432.5421926,433.0787965,433.6154004,434.1520043,434.6886082,435.2252121,435.761816,436.2984199,436.8350238,437.3716277,437.9082316,438.4448355,438.9814394,439.5180433,440.0546472,440.5912511,441.127855,441.6644589,442.2010628,442.7376667,443.2742706,443.8108745,444.3474784,444.8840823
5,374.439,374.439,374.439,374.439,374.439,388.1,385.42,389.461,396.296,401.202,392.43,396.346,397.788,399.135,400.185,400.802,400.956,400.663,400.067,399.344,398.483,397.468,396.379,395.291,394.221,393.238,392.398,391.808,391.504,391.508,396.095,396.095,396.095,396.095,409.543,409.543,409.543,409.543,409.543,420.032,420.032,420.032,420.032,420.032,422.873,422.873,422.873,422.873,422.873,422.189,422.189,422.189,422.189,422.189,422.042,426.5855476,427.2914762,427.9974048,428.7033333,429.4092619,430.1151905,430.821119,431.5270476,432.2329762,432.9389048,433.6448333,434.3507619,435.0566905,435.762619,436.4685476,437.1744762,437.8804048,438.5863333,439.2922619,439.9981905,440.704119,441.4100476,442.1159762,442.8219048,443.5278333,444.2337619,444.9396905,445.645619,446.3515476,447.0574762,447.7634048,448.4693333,449.1752619,449.8811905,450.587119,451.2930476,451.9989762,452.7049048
6,367.47,367.47,367.47,367.47,367.47,374.958,388.634,385.945,390.173,396.884,401.821,392.96,396.877,398.319,399.667,400.718,401.335,401.49,401.197,400.602,399.88,399.019,398.005,396.916,395.829,394.759,393.776,392.936,392.347,392.043,394.768,394.768,394.768,394.768,407.243,407.243,407.243,407.243,407.243,419.131,419.131,419.131,419.131,419.131,423.284,423.284,423.284,423.284,423.284,422.923,422.923,422.923,422.923,422.923,422.732,428.1605238,429.0511472,429.9417706,430.8323939,431.7230173,432.6136407,433.5042641,434.3948874,435.2855108,436.1761342,437.0667576,437.957381,438.8480043,439.7386277,440.6292511,441.5198745,442.4104978,443.3011212,444.1917446,445.082368,445.9729913,446.8636147,447.7542381,448.6448615,449.5354848,450.4261082,451.3167316,452.207355,453.0979784,453.9886017,454.8792251,455.7698485,456.6604719,457.5510952,458.4417186,459.332342,460.2229654,461.1135887
7,352.767,352.767,352.767,352.767,352.767,367.978,375.48,389.145,386.631,390.746,397.485,402.338,393.478,397.396,398.838,400.186,401.239,401.856,402.012,401.719,401.125,400.403,399.542,398.529,397.44,396.353,395.284,394.301,393.461,392.872,393.898,393.898,393.898,393.898,404.88,404.88,404.88,404.88,404.88,417.884,417.884,417.884,417.884,417.884,423.513,423.513,423.513,423.513,423.513,423.648,423.648,423.648,423.648,423.648,423.453,429.6781905,430.7611515,431.8441126,432.9270736,434.0100346,435.0929957,436.1759567,437.2589177,438.3418788,439.4248398,440.5078009,441.5907619,442.6737229,443.756684,444.839645,445.9226061,447.0055671,448.0885281,449.1714892,450.2544502,451.3374113,452.4203723,453.5033333,454.5862944,455.6692554,456.7522165,457.8351775,458.9181385,460.0010996,461.0840606,462.1670216,463.2499827,464.3329437,465.4159048,466.4988658,467.5818268,468.6647879,469.7477489
8,346.236,346.236,346.236,346.236,346.236,353.278,368.499,375.993,389.819,387.2,391.34,398.003,402.856,393.998,397.916,399.358,400.707,401.76,402.378,402.534,402.241,401.648,400.926,400.065,399.052,397.964,396.877,395.808,394.825,393.986,393.515,393.515,393.515,393.515,402.593,402.593,402.593,402.593,402.593,416.287,416.287,416.287,416.287,416.287,423.519,423.519,423.519,423.519,423.519,424.354,424.354,424.354,424.354,424.354,424.178,431.0639762,432.3384372,433.6128983,434.8873593,436.1618203,437.4362814,438.7107424,439.9852035,441.2596645,442.5341255,443.8085866,445.0830476,446.3575087,447.6319697,448.9064307,450.1808918,451.4553528,452.7298139,454.0042749,455.2787359,456.553197,457.827658,459.102119,460.3765801,461.6510411,462.9255022,464.1999632,465.4744242,466.7488853,468.0233463,469.2978074,470.5722684,471.8467294,473.1211905,474.3956515,475.6701126,476.9445736,478.2190346
9,335.857,335.857,335.857,335.857,335.857,346.752,353.802,369.017,376.659,390.388,387.79,391.861,398.524,403.378,394.521,398.439,399.881,401.231,402.284,402.902,403.058,402.766,402.173,401.451,400.591,399.578,398.49,397.403,396.334,395.353,393.627,393.627,393.627,393.627,400.506,400.506,400.506,400.506,400.506,414.36,414.36,414.36,414.36,414.36,423.261,423.261,423.261,423.261,423.261,424.997,424.997,424.997,424.997,424.997,424.886,432.2249286,433.6804156,435.1359026,436.5913896,438.0468766,439.5023636,440.9578506,442.4133377,443.8688247,445.3243117,446.7797987,448.2352857,449.6907727,451.1462597,452.6017468,454.0572338,455.5127208,456.9682078,458.4236948,459.8791818,461.3346688,462.7901558,464.2456429,465.7011299,467.1566169,468.6121039,470.0675909,471.5230779,472.9785649,474.4340519,475.889539,477.345026,478.800513,480.256,481.711487,483.166974,484.622461,486.0779481
10,330.662,330.662,330.662,330.662,330.662,336.306,347.21,354.254,369.605,377.156,390.906,388.245,392.317,398.979,403.834,394.978,398.896,400.338,401.688,402.742,403.36,403.516,403.224,402.632,401.91,401.05,400.037,398.95,397.863,396.795,394.083,394.083,394.083,394.083,398.68,398.68,398.68,398.68,398.68,412.13,412.13,412.13,412.13,412.13,422.625,422.625,422.625,422.625,422.625,425.47,425.47,425.47,425.47,425.47,425.462,432.9970476,434.6115541,436.2260606,437.8405671,439.4550736,441.0695801,442.6840866,444.2985931,445.9130996,447.5276061,449.1421126,450.756619,452.3711255,453.985632,455.6001385,457.214645,458.8291515,460.443658,462.0581645,463.672671,465.2871775,466.901684,468.5161905,470.130697,471.7452035,473.35971,474.9742165,476.5887229,478.2032294,479.8177359,481.4322424,483.0467489,484.6612554,486.2757619,487.8902684,489.5047749,491.1192814,492.7337879
11,340.704,340.704,340.704,340.704,340.704,331.032,336.685,347.582,354.748,370.017,377.589,391.282,388.621,392.693,399.356,404.211,395.356,399.275,400.717,402.067,403.121,403.74,403.896,403.604,403.012,402.291,401.431,400.418,399.331,398.245,394.77,394.77,394.77,394.77,397.196,397.196,397.196,397.196,397.196,409.674,409.674,409.674,409.674,409.674,421.566,421.566,421.566,421.566,421.566,425.723,425.723,425.723,425.723,425.723,425.855,433.2914048,435.033697,436.7759892,438.5182814,440.2605736,442.0028658,443.745158,445.4874502,447.2297424,448.9720346,450.7143268,452.456619,454.1989113,455.9412035,457.6834957,459.4257879,461.1680801,462.9103723,464.6526645,466.3949567,468.1372489,469.8795411,471.6218333,473.3641255,475.1064177,476.84871,478.5910022,480.3332944,482.0755866,483.8178788,485.560171,487.3024632,489.0447554,490.7870476,492.5293398,494.271632,496.0139242,497.7562165
12,348.492,348.492,348.492,348.492,348.492,341.072,331.411,337.056,348.08,355.162,370.451,377.964,391.657,388.997,393.069,399.732,404.587,395.733,399.652,401.095,402.445,403.499,404.118,404.275,403.983,403.391,402.671,401.812,400.799,399.712,395.74,395.74,395.74,395.74,396.183,396.183,396.183,396.183,396.183,407.168,407.168,407.168,407.168,407.168,420.175,420.175,420.175,420.175,420.175,425.807,425.807,425.807,425.807,425.807,426.108,433.1496905,434.9824632,436.8152359,438.6480087,440.4807814,442.3135541,444.1463268,445.9790996,447.8118723,449.644645,451.4774177,453.3101905,455.1429632,456.9757359,458.8085087,460.6412814,462.4740541,464.3068268,466.1395996,467.9723723,469.805145,471.6379177,473.4706905,475.3034632,477.1362359,478.9690087,480.8017814,482.6345541,484.4673268,486.3000996,488.1328723,489.965645,491.7984177,493.6311905,495.4639632,497.2967359,499.1295087,500.9622814
13,360.115,360.115,360.115,360.115,360.115,348.833,341.426,331.761,337.528,348.471,355.572,370.804,378.317,392.01,389.351,393.423,400.086,404.941,396.088,400.007,401.45,402.801,403.855,404.474,404.632,404.34,403.748,403.029,402.17,401.157,396.937,396.937,396.937,396.937,395.634,395.634,395.634,395.634,395.634,404.715,404.715,404.715,404.715,404.715,418.412,418.412,418.412,418.412,418.412,425.647,425.647,425.647,425.647,425.647,426.17,432.496381,434.3760952,436.2558095,438.1355238,440.0152381,441.8949524,443.7746667,445.654381,447.5340952,449.4138095,451.2935238,453.1732381,455.0529524,456.9326667,458.812381,460.6920952,462.5718095,464.4515238,466.3312381,468.2109524,470.0906667,471.970381,473.8500952,475.7298095,477.6095238,479.4892381,481.3689524,483.2486667,485.128381,487.0080952,488.8878095,490.7675238,492.6472381,494.5269524,496.4066667,498.286381,500.1660952,502.0458095
14,365.07,365.07,365.07,365.07,365.07,360.436,349.168,341.758,332.198,337.896,348.855,355.907,371.139,378.652,392.345,389.687,393.759,400.422,405.278,396.427,400.346,401.79,403.141,404.195,404.815,404.973,404.681,404.09,403.371,402.512,398.261,398.261,398.261,398.261,395.562,395.562,395.562,395.562,395.562,402.443,402.443,402.443,402.443,402.443,416.299,416.299,416.299,416.299,416.299,425.203,425.203,425.203,425.203,425.203,425.994,431.3000952,433.1779004,435.0557056,436.9335108,438.811316,440.6891212,442.5669264,444.4447316,446.3225368,448.200342,450.0781472,451.9559524,453.8337576,455.7115628,457.589368,459.4671732,461.3449784,463.2227835,465.1005887,466.9783939,468.8561991,470.7340043,472.6118095,474.4896147,476.3674199,478.2452251,480.1230303,482.0008355,483.8786407,485.7564459,487.6342511,489.5120563,491.3898615,493.2676667,495.1454719,497.0232771,498.9010823,500.7788874
15,375.418,375.418,375.418,375.418,375.418,365.937,361.315,350.043,342.737,333.112,338.826,349.737,356.789,372.02,379.534,393.226,390.569,394.641,401.305,406.161,397.311,401.231,402.676,404.027,405.081,405.702,405.86,405.568,404.978,404.259,400.217,400.217,400.217,400.217,396.444,396.444,396.444,396.444,396.444,401.047,401.047,401.047,401.047,401.047,414.499,414.499,414.499,414.499,414.499,424.997,424.997,424.997,424.997,424.997,426.097,430.1547143,431.9824935,433.8102727,435.6380519,437.4658312,439.2936104,441.1213896,442.9491688,444.7769481,446.6047273,448.4325065,450.2602857,452.0880649,453.9158442,455.7436234,457.5714026,459.3991818,461.226961,463.0547403,464.8825195,466.7102987,468.5380779,470.3658571,472.1936364,474.0214156,475.8491948,477.676974,479.5047532,481.3325325,483.1603117,484.9880909,486.8158701,488.6436494,490.4714286,492.2992078,494.126987,495.9547662,497.7825455
16,372.593,372.593,372.593,372.593,372.593,376.893,367.425,362.801,351.622,344.258,334.649,340.319,351.23,358.282,373.513,381.027,394.719,392.063,396.135,402.799,407.655,398.806,402.727,404.173,405.525,406.58,407.201,407.36,407.069,406.479,402.805,402.805,402.805,402.805,398.253,398.253,398.253,398.253,398.253,400.684,400.684,400.684,400.684,400.684,413.165,413.165,413.165,413.165,413.165,425.061,425.061,425.061,425.061,425.061,426.505,429.1598333,430.8915931,432.6233528,434.3551126,436.0868723,437.818632,439.5503918,441.2821515,443.0139113,444.745671,446.4774307,448.2091905,449.9409502,451.67271,453.4044697,455.1362294,456.8679892,458.5997489,460.3315087,462.0632684,463.7950281,465.5267879,467.2585476,468.9903074,470.7220671,472.4538268,474.1855866,475.9173463,477.6491061,479.3808658,481.1126255,482.8443853,484.576145,486.3079048,488.0396645,489.7714242,491.503184,493.2349437
17,375.179,375.179,375.179,375.179,375.179,374.418,378.724,369.259,364.712,353.487,346.137,336.493,342.164,353.075,360.127,375.357,382.871,396.563,393.908,397.98,404.644,409.501,400.654,404.575,406.022,407.374,408.429,409.051,409.21,408.92,405.745,405.745,405.745,405.745,400.694,400.694,400.694,400.694,400.694,401.146,401.146,401.146,401.146,401.146,412.135,412.135,412.135,412.135,412.135,425.144,425.144,425.144,425.144,425.144,426.922,428.1054762,429.6972424,431.2890087,432.8807749,434.4725411,436.0643074,437.6560736,439.2478398,440.8396061,442.4313723,444.0231385,445.6149048,447.206671,448.7984372,450.3902035,451.9819697,453.5737359,455.1655022,456.7572684,458.3490346,459.9408009,461.5325671,463.1243333,464.7160996,466.3078658,467.899632,469.4913983,471.0831645,472.6749307,474.266697,475.8584632,477.4502294,479.0419957,480.6337619,482.2255281,483.8172944,485.4090606,487.0008268
18,390.72,390.72,390.72,390.72,390.72,378.461,377.705,382.014,372.624,368.026,356.822,349.435,339.794,345.466,356.376,363.429,378.658,386.172,399.864,397.21,401.283,407.947,412.804,403.959,407.88,409.327,410.68,411.735,412.358,412.517,410.064,410.064,410.064,410.064,404.844,404.844,404.844,404.844,404.844,403.55,403.55,403.55,403.55,403.55,412.636,412.636,412.636,412.636,412.636,426.337,426.337,426.337,426.337,426.337,428.462,428.144119,429.5542035,430.9642879,432.3743723,433.7844567,435.1945411,436.6046255,438.01471,439.4247944,440.8348788,442.2449632,443.6550476,445.065132,446.4752165,447.8853009,449.2953853,450.7054697,452.1155541,453.5256385,454.9357229,456.3458074,457.7558918,459.1659762,460.5760606,461.986145,463.3962294,464.8063139,466.2163983,467.6264827,469.0365671,470.4466515,471.8567359,473.2668203,474.6769048,476.0869892,477.4970736,478.907158,480.3172424
19,399.414,399.414,399.414,399.414,399.414,396.807,384.555,383.807,388.198,378.746,374.173,362.924,355.539,345.901,351.575,362.485,369.538,384.766,392.279,405.97,403.318,407.391,414.055,418.913,410.07,413.991,415.438,416.792,417.847,418.471,417.037,417.037,417.037,417.037,411.942,411.942,411.942,411.942,411.942,409.253,409.253,409.253,409.253,409.253,416.141,416.141,416.141,416.141,416.141,430.001,430.001,430.001,430.001,430.001,432.461,430.7152381,431.9094978,433.1037576,434.2980173,435.4922771,436.6865368,437.8807965,439.0750563,440.269316,441.4635758,442.6578355,443.8520952,445.046355,446.2406147,447.4348745,448.6291342,449.8233939,451.0176537,452.2119134,453.4061732,454.6004329,455.7946926,456.9889524,458.1832121,459.3774719,460.5717316,461.7659913,462.9602511,464.1545108,465.3487706,466.5430303,467.73729,468.9315498,470.1258095,471.3200693,472.514329,473.7085887,474.9028485
20,420.408,420.408,420.408,420.408,420.408,406.14,403.539,391.294,390.649,394.967,385.537,380.91,369.664,362.282,352.648,358.323,369.233,376.286,391.513,399.025,412.716,410.065,414.138,420.802,425.662,416.821,420.742,422.189,423.544,424.599,424.507,424.507,424.507,424.507,419.762,419.762,419.762,419.762,419.762,416.002,416.002,416.002,416.002,416.002,420.614,420.614,420.614,420.614,420.614,434.07,434.07,434.07,434.07,434.07,436.764,433.7961905,434.751671,435.7071515,436.662632,437.6181126,438.5735931,439.5290736,440.4845541,441.4400346,442.3955152,443.3509957,444.3064762,445.2619567,446.2174372,447.1729177,448.1283983,449.0838788,450.0393593,450.9948398,451.9503203,452.9058009,453.8612814,454.8167619,455.7722424,456.7277229,457.6832035,458.638684,459.5941645,460.549645,461.5051255,462.4606061,463.4160866,464.3715671,465.3270476,466.2825281,467.2380087,468.1934892,469.1489697
21,429.12,429.12,429.12,429.12,429.12,426.584,412.332,409.727,397.613,396.885,401.223,391.732,387.108,375.865,368.486,358.855,364.531,375.44,382.493,397.719,405.231,418.921,416.272,420.345,427.009,431.869,423.031,426.953,428.4,429.756,431.309,431.309,431.309,431.309,427.059,427.059,427.059,427.059,427.059,422.523,422.523,422.523,422.523,422.523,424.965,424.965,424.965,424.965,424.965,437.452,437.452,437.452,437.452,437.452,440.293,436.3450714,437.0505195,437.7559675,438.4614156,439.1668636,439.8723117,440.5777597,441.2832078,441.9886558,442.6941039,443.3995519,444.105,444.8104481,445.5158961,446.2213442,446.9267922,447.6322403,448.3376883,449.0431364,449.7485844,450.4540325,451.1594805,451.8649286,452.5703766,453.2758247,453.9812727,454.6867208,455.3921688,456.0976169,456.8030649,457.508513,458.213961,458.9194091,459.6248571,460.3303052,461.0357532,461.7412013,462.4466494
22,425.012,425.012,425.012,425.012,425.012,436.344,433.823,419.567,417.117,404.908,404.202,408.468,398.98,394.36,383.121,375.744,366.117,371.793,382.701,389.754,404.979,412.491,426.18,423.533,427.606,434.27,439.13,430.294,434.216,435.664,438.862,438.862,438.862,438.862,435.414,435.414,435.414,435.414,435.414,430.378,430.378,430.378,430.378,430.378,430.843,430.843,430.843,430.843,430.843,441.839,441.839,441.839,441.839,441.839,444.73,440.0695,440.5212727,440.9730455,441.4248182,441.8765909,442.3283636,442.7801364,443.2319091,443.6836818,444.1354545,444.5872273,445.039,445.4907727,445.9425455,446.3943182,446.8460909,447.2978636,447.7496364,448.2014091,448.6531818,449.1049545,449.5567273,450.0085,450.4602727,450.9120455,451.3638182,451.8155909,452.2673636,452.7191364,453.1709091,453.6226818,454.0744545,454.5262273,454.978,455.4297727,455.8815455,456.3333182,456.7850909
23,428.668,428.668,428.668,428.668,428.668,432.208,443.558,441.029,426.943,424.394,412.212,411.432,415.699,406.215,401.598,390.363,382.988,373.365,379.041,389.948,397.001,412.225,419.737,433.425,430.779,434.852,441.516,446.376,437.543,441.465,445.952,445.952,445.952,445.952,443.673,443.673,443.673,443.673,443.673,438.471,438.471,438.471,438.471,438.471,437.192,437.192,437.192,437.192,437.192,446.287,446.287,446.287,446.287,446.287,449.103,444.0438571,444.2503636,444.4568701,444.6633766,444.8698831,445.0763896,445.2828961,445.4894026,445.6959091,445.9024156,446.1089221,446.3154286,446.5219351,446.7284416,446.9349481,447.1414545,447.347961,447.5544675,447.760974,447.9674805,448.173987,448.3804935,448.587,448.7935065,449.000013,449.2065195,449.413026,449.6195325,449.826039,450.0325455,450.2390519,450.4455584,450.6520649,450.8585714,451.0650779,451.2715844,451.4780909,451.6845974
24,437.485,437.485,437.485,437.485,437.485,434.794,438.356,449.697,447.361,433.164,430.647,418.387,417.608,421.876,412.396,407.781,396.549,389.178,379.557,385.233,396.14,403.193,418.415,425.927,439.614,436.97,441.043,447.707,452.566,443.735,451.521,451.521,451.521,451.521,450.727,450.727,450.727,450.727,450.727,445.65,445.65,445.65,445.65,445.65,442.979,442.979,442.979,442.979,442.979,449.876,449.876,449.876,449.876,449.876,452.496,447.3633333,447.3459048,447.3284762,447.3110476,447.293619,447.2761905,447.2587619,447.2413333,447.2239048,447.2064762,447.1890476,447.171619,447.1541905,447.1367619,447.1193333,447.1019048,447.0844762,447.0670476,447.049619,447.0321905,447.0147619,446.9973333,446.9799048,446.9624762,446.9450476,446.927619,446.9101905,446.8927619,446.8753333,446.8579048,446.8404762,446.8230476,446.805619,446.7881905,446.7707619,446.7533333,446.7359048,446.7184762
25,432.4,432.4,432.4,432.4,432.4,441.534,438.866,442.42,453.97,451.509,437.349,434.742,422.487,421.71,425.979,416.502,411.889,400.66,393.291,383.675,389.351,400.257,407.31,422.531,430.042,443.727,441.086,445.159,451.823,456.681,454.582,454.582,454.582,454.582,455.562,455.562,455.562,455.562,455.562,450.836,450.836,450.836,450.836,450.836,447.097,447.097,447.097,447.097,447.097,451.72,451.72,451.72,451.72,451.72,454.011,449.0935238,448.8808745,448.6682251,448.4555758,448.2429264,448.0302771,447.8176277,447.6049784,447.392329,447.1796797,446.9670303,446.754381,446.5417316,446.3290823,446.1164329,445.9037835,445.6911342,445.4784848,445.2658355,445.0531861,444.8405368,444.6278874,444.4152381,444.2025887,443.9899394,443.77729,443.5646407,443.3519913,443.139342,442.9266926,442.7140433,442.5013939,442.2887446,442.0760952,441.8634459,441.6507965,441.4381472,441.2254978
26,433.02,433.02,433.02,433.02,433.02,434.688,443.841,441.165,444.94,456.353,453.928,439.674,437.07,424.82,424.045,428.315,418.842,414.231,403.005,395.639,386.025,391.701,402.606,409.659,424.878,432.389,446.073,443.433,447.506,454.17,455.577,455.577,455.577,455.577,458.5,458.5,458.5,458.5,458.5,454.272,454.272,454.272,454.272,454.272,449.758,449.758,449.758,449.758,449.758,452.214,452.214,452.214,452.214,452.214,454.088,449.589,449.2148052,448.8406104,448.4664156,448.0922208,447.718026,447.3438312,446.9696364,446.5954416,446.2212468,445.8470519,445.4728571,445.0986623,444.7244675,444.3502727,443.9760779,443.6018831,443.2276883,442.8534935,442.4792987,442.1051039,441.7309091,441.3567143,440.9825195,440.6083247,440.2341299,439.8599351,439.4857403,439.1115455,438.7373506,438.3631558,437.988961,437.6147662,437.2405714,436.8663766,436.4921818,436.117987,435.7437922
27,436.165,436.165,436.165,436.165,436.165,435.023,436.713,445.853,443.414,447.044,458.492,455.961,441.713,439.113,426.866,426.093,430.364,420.894,416.285,405.065,397.701,388.09,393.766,404.67,411.723,426.94,434.451,448.133,445.495,449.569,456.191,456.191,456.191,456.191,460.852,460.852,460.852,460.852,460.852,457.428,457.428,457.428,457.428,457.428,452.414,452.414,452.414,452.414,452.414,452.898,452.898,452.898,452.898,452.898,454.297,450.436619,449.9470606,449.4575022,448.9679437,448.4783853,447.9888268,447.4992684,447.00971,446.5201515,446.0305931,445.5410346,445.0514762,444.5619177,444.0723593,443.5828009,443.0932424,442.603684,442.1141255,441.6245671,441.1350087,440.6454502,440.1558918,439.6663333,439.1767749,438.6872165,438.197658,437.7080996,437.2185411,436.7289827,436.2394242,435.7498658,435.2603074,434.7707489,434.2811905,433.791632,433.3020736,432.8125152,432.3229567
28,428.914,428.914,428.914,428.914,428.914,437.939,436.822,438.5,447.878,445.29,448.958,460.295,457.767,443.525,440.927,428.685,427.914,432.185,422.719,418.112,406.897,399.536,389.93,395.606,406.508,413.561,428.776,436.286,449.966,447.329,454.105,454.105,454.105,454.105,462.53,462.53,462.53,462.53,462.53,460.275,460.275,460.275,460.275,460.275,455.097,455.097,455.097,455.097,455.097,453.835,453.835,453.835,453.835,453.835,454.756,451.7461905,451.1973983,450.6486061,450.0998139,449.5510216,449.0022294,448.4534372,447.904645,447.3558528,446.8070606,446.2582684,445.7094762,445.160684,444.6118918,444.0630996,443.5143074,442.9655152,442.4167229,441.8679307,441.3191385,440.7703463,440.2215541,439.6727619,439.1239697,438.5751775,438.0263853,437.4775931,436.9288009,436.3800087,435.8312165,435.2824242,434.733632,434.1848398,433.6360476,433.0872554,432.5384632,431.989671,431.4408788
29,435.261,435.261,435.261,435.261,435.261,430.455,439.504,438.376,440.302,449.519,446.972,450.525,461.859,459.334,445.098,442.503,430.267,429.497,433.769,424.308,419.703,408.493,401.135,391.533,397.209,408.109,415.161,430.373,437.883,451.561,464.524,464.524,464.524,464.524,463.505,463.505,463.505,463.505,463.505,462.736,462.736,462.736,462.736,462.736,457.686,457.686,457.686,457.686,457.686,455.037,455.037,455.037,455.037,455.037,455.458,453.4869762,452.9369697,452.3869632,451.8369567,451.2869502,450.7369437,450.1869372,449.6369307,449.0869242,448.5369177,447.9869113,447.4369048,446.8868983,446.3368918,445.7868853,445.2368788,444.6868723,444.1368658,443.5868593,443.0368528,442.4868463,441.9368398,441.3868333,440.8368268,440.2868203,439.7368139,439.1868074,438.6368009,438.0867944,437.5367879,436.9867814,436.4367749,435.8867684,435.3367619,434.7867554,434.2367489,433.6867424,433.1367359
30,437.088,437.088,437.088,437.088,437.088,436.418,431.641,440.677,439.803,441.567,450.822,448.157,451.711,463.043,460.522,446.292,443.7,431.47,430.702,434.975,425.517,420.916,409.711,402.356,392.759,398.434,409.333,416.383,431.593,439.102,460.883,460.883,460.883,460.883,463.668,463.668,463.668,463.668,463.668,464.675,464.675,464.675,464.675,464.675,459.978,459.978,459.978,459.978,459.978,456.266,456.266,456.266,456.266,456.266,456.284,455.4164048,454.9165152,454.4166255,453.9167359,453.4168463,452.9169567,452.4170671,451.9171775,451.4172879,450.9173983,450.4175087,449.917619,449.4177294,448.9178398,448.4179502,447.9180606,447.418171,446.9182814,446.4183918,445.9185022,445.4186126,444.9187229,444.4188333,443.9189437,443.4190541,442.9191645,442.4192749,441.9193853,441.4194957,440.9196061,440.4197165,439.9198268,439.4199372,438.9200476,438.420158,437.9202684,437.4203788,436.9204892
31,439.906,439.906,439.906,439.906,439.906,437.939,437.294,432.511,441.78,440.757,442.559,451.702,449.04,452.594,463.923,461.405,447.182,444.593,432.369,431.604,435.875,426.424,421.827,410.626,403.276,393.684,399.358,410.256,417.304,432.511,455.142,455.142,455.142,455.142,463.231,463.231,463.231,463.231,463.231,466.182,466.182,466.182,466.182,466.182,461.986,461.986,461.986,461.986,461.986,457.503,457.503,457.503,457.503,457.503,457.213,457.452881,457.0407056,456.6285303,456.216355,455.8041797,455.3920043,454.979829,454.5676537,454.1554784,453.743303,453.3311277,452.9189524,452.5067771,452.0946017,451.6824264,451.2702511,450.8580758,450.4459004,450.0337251,449.6215498,449.2093745,448.7971991,448.3850238,447.9728485,447.5606732,447.1484978,446.7363225,446.3241472,445.9119719,445.4997965,445.0876212,444.6754459,444.2632706,443.8510952,443.4389199,443.0267446,442.6145693,442.2023939
32,440.233,440.233,440.233,440.233,440.233,440.637,438.695,438.04,433.485,442.606,441.622,443.318,452.461,449.802,453.357,464.683,462.168,447.952,445.365,433.148,432.385,436.656,427.212,422.618,411.424,404.077,394.49,400.163,411.06,418.107,451.863,451.863,451.863,451.863,462.58,462.58,462.58,462.58,462.58,467.269,467.269,467.269,467.269,467.269,463.882,463.882,463.882,463.882,463.882,458.904,458.904,458.904,458.904,458.904,458.332,459.6652619,459.3685671,459.0718723,458.7751775,458.4784827,458.1817879,457.8850931,457.5883983,457.2917035,456.9950087,456.6983139,456.401619,456.1049242,455.8082294,455.5115346,455.2148398,454.918145,454.6214502,454.3247554,454.0280606,453.7313658,453.434671,453.1379762,452.8412814,452.5445866,452.2478918,451.951197,451.6545022,451.3578074,451.0611126,450.7644177,450.4677229,450.1710281,449.8743333,449.5776385,449.2809437,448.9842489,448.6875541
33,420.825,420.825,420.825,420.825,420.825,440.818,441.249,439.298,438.859,434.166,443.323,442.24,443.936,453.078,450.422,453.978,465.3,462.789,448.581,445.997,433.787,433.027,437.299,427.86,423.269,412.082,404.739,395.157,400.831,411.725,455.149,455.149,455.149,455.149,459.321,459.321,459.321,459.321,459.321,467.771,467.771,467.771,467.771,467.771,465.556,465.556,465.556,465.556,465.556,460.417,460.417,460.417,460.417,460.417,459.596,462.7587619,462.7285152,462.6982684,462.6680216,462.6377749,462.6075281,462.5772814,462.5470346,462.5167879,462.4865411,462.4562944,462.4260476,462.3958009,462.3655541,462.3353074,462.3050606,462.2748139,462.2445671,462.2143203,462.1840736,462.1538268,462.1235801,462.0933333,462.0630866,462.0328398,462.0025931,461.9723463,461.9420996,461.9118528,461.8816061,461.8513593,461.8211126,461.7908658,461.760619,461.7303723,461.7001255,461.6698788,461.639632
34,392.687,392.687,392.687,392.687,392.687,421.257,441.266,441.687,439.931,439.367,434.71,443.776,442.695,444.393,453.533,450.88,454.436,465.754,463.246,449.048,446.467,434.266,433.509,437.781,428.348,423.761,412.58,405.242,395.666,401.34,441.982,441.982,441.982,441.982,468.626,468.626,468.626,468.626,468.626,467.647,467.647,467.647,467.647,467.647,466.917,466.917,466.917,466.917,466.917,461.913,461.913,461.913,461.913,461.913,460.949,461.5345238,461.1265628,460.7186017,460.3106407,459.9026797,459.4947186,459.0867576,458.6787965,458.2708355,457.8628745,457.4549134,457.0469524,456.6389913,456.2310303,455.8230693,455.4151082,455.0071472,454.5991861,454.1912251,453.7832641,453.375303,452.967342,452.559381,452.1514199,451.7434589,451.3354978,450.9275368,450.5195758,450.1116147,449.7036537,449.2956926,448.8877316,448.4797706,448.0718095,447.6638485,447.2558874,446.8479264,446.4399654
35,385.946,385.946,385.946,385.946,385.946,392.784,421.366,441.356,441.951,440.085,439.55,434.816,443.88,442.802,444.501,453.639,450.989,454.545,465.859,463.355,449.168,446.59,434.397,433.643,437.916,428.489,423.907,412.733,405.401,395.83,434.631,434.631,434.631,434.631,463.919,463.919,463.919,463.919,463.919,466.746,466.746,466.746,466.746,466.746,467.792,467.792,467.792,467.792,467.792,463.143,463.143,463.143,463.143,463.143,462.101,464.5426905,464.4790346,464.4153788,464.3517229,464.2880671,464.2244113,464.1607554,464.0970996,464.0334437,463.9697879,463.906132,463.8424762,463.7788203,463.7151645,463.6515087,463.5878528,463.524197,463.4605411,463.3968853,463.3332294,463.2695736,463.2059177,463.1422619,463.0786061,463.0149502,462.9512944,462.8876385,462.8239827,462.7603268,462.696671,462.6330152,462.5693593,462.5057035,462.4420476,462.3783918,462.3147359,462.2510801,462.1874242
36,395.702,395.702,395.702,395.702,395.702,385.756,392.614,421.173,441.315,441.806,439.968,439.359,434.629,443.69,442.616,444.315,453.451,450.805,454.362,465.672,463.171,448.995,446.421,434.238,433.486,437.76,428.34,423.763,412.596,405.27,419.31,419.31,419.31,419.31,457.131,457.131,457.131,457.131,457.131,465.256,465.256,465.256,465.256,465.256,468.246,468.246,468.246,468.246,468.246,464.099,464.099,464.099,464.099,464.099,463.042,467.8276905,468.2072554,468.5868203,468.9663853,469.3459502,469.7255152,470.1050801,470.484645,470.86421,471.2437749,471.6233398,472.0029048,472.3824697,472.7620346,473.1415996,473.5211645,473.9007294,474.2802944,474.6598593,475.0394242,475.4189892,475.7985541,476.178119,476.557684,476.9372489,477.3168139,477.6963788,478.0759437,478.4555087,478.8350736,479.2146385,479.5942035,479.9737684,480.3533333,480.7328983,481.1124632,481.4920281,481.8715931
37,403.737,403.737,403.737,403.737,403.737,395.478,385.562,392.41,421.105,441.136,441.655,439.745,439.139,434.414,443.472,442.402,444.101,453.235,450.594,454.151,465.457,462.96,448.795,446.226,434.052,433.305,437.578,428.166,423.594,412.437,412.119,412.119,412.119,412.119,452.891,452.891,452.891,452.891,452.891,463.645,463.645,463.645,463.645,463.645,468.374,468.374,468.374,468.374,468.374,465.04,465.04,465.04,465.04,465.04,463.976,470.123881,470.8116537,471.4994264,472.1871991,472.8749719,473.5627446,474.2505173,474.93829,475.6260628,476.3138355,477.0016082,477.689381,478.3771537,479.0649264,479.7526991,480.4404719,481.1282446,481.8160173,482.50379,483.1915628,483.8793355,484.5671082,485.254881,485.9426537,486.6304264,487.3181991,488.0059719,488.6937446,489.3815173,490.06929,490.7570628,491.4448355,492.1326082,492.820381,493.5081537,494.1959264,494.8836991,495.5714719
38,411.961,411.961,411.961,411.961,411.961,403.502,395.275,385.361,392.346,420.93,440.974,441.425,439.519,438.917,434.197,443.252,442.185,443.885,453.017,450.381,453.939,465.239,462.747,448.594,446.03,433.867,433.123,437.396,427.994,423.426,401.092,401.092,401.092,401.092,455.346,455.346,455.346,455.346,455.346,459.569,459.569,459.569,459.569,459.569,468.058,468.058,468.058,468.058,468.058,465.901,465.901,465.901,465.901,465.901,464.92,469.9034286,470.5903636,471.2772987,471.9642338,472.6511688,473.3381039,474.025039,474.711974,475.3989091,476.0858442,476.7727792,477.4597143,478.1466494,478.8335844,479.5205195,480.2074545,480.8943896,481.5813247,482.2682597,482.9551948,483.6421299,484.3290649,485.016,485.7029351,486.3898701,487.0768052,487.7637403,488.4506753,489.1376104,489.8245455,490.5114805,491.1984156,491.8853506,492.5722857,493.2592208,493.9461558,494.6330909,495.320026
39,430.33,430.33,430.33,430.33,430.33,411.705,403.283,395.054,385.286,392.179,420.765,440.733,441.187,439.285,438.686,433.972,443.024,441.961,443.663,452.791,450.161,453.719,465.015,462.528,448.388,445.83,433.677,432.937,437.21,427.818,395.276,395.276,395.276,395.276,441.541,441.541,441.541,441.541,441.541,468.189,468.189,468.189,468.189,468.189,467.271,467.271,467.271,467.271,467.271,466.601,466.601,466.601,466.601,466.601,465.779,475.0908095,476.3597186,477.6286277,478.8975368,480.1664459,481.435355,482.7042641,483.9731732,485.2420823,486.5109913,487.7799004,489.0488095,490.3177186,491.5866277,492.8555368,494.1244459,495.393355,496.6622641,497.9311732,499.2000823,500.4689913,501.7379004,503.0068095,504.2757186,505.5446277,506.8135368,508.0824459,509.351355,510.6202641,511.8891732,513.1580823,514.4269913,515.6959004,516.9648095,518.2337186,519.5026277,520.7715368,522.0404459
40,449.819,449.819,449.819,449.819,449.819,429.978,411.402,402.982,394.888,385.048,391.959,420.466,440.421,440.878,438.98,438.385,433.679,442.726,441.668,443.373,452.498,449.873,453.432,464.723,462.242,448.116,445.563,433.423,432.687,436.961,404.6,404.6,404.6,404.6,433.822,433.822,433.822,433.822,433.822,463.104,463.104,463.104,463.104,463.104,465.993,465.993,465.993,465.993,465.993,467.1,467.1,467.1,467.1,467.1,466.416,477.5455238,479.3288355,481.1121472,482.8954589,484.6787706,486.4620823,488.2453939,490.0287056,491.8120173,493.595329,495.3786407,497.1619524,498.9452641,500.7285758,502.5118874,504.2951991,506.0785108,507.8618225,509.6451342,511.4284459,513.2117576,514.9950693,516.778381,518.5616926,520.3450043,522.128316,523.9116277,525.6949394,527.4782511,529.2615628,531.0448745,532.8281861,534.6114978,536.3948095,538.1781212,539.9614329,541.7447446,543.5280563
41,468.101,468.101,468.101,468.101,468.101,449.377,429.592,411.031,402.739,394.579,384.769,391.623,420.108,440.05,440.511,438.617,438.027,433.33,442.373,441.32,443.028,452.149,449.531,453.09,464.377,461.901,447.791,445.243,433.117,432.386,411.627,411.627,411.627,411.627,418.398,418.398,418.398,418.398,418.398,456.188,456.188,456.188,456.188,456.188,464.361,464.361,464.361,464.361,464.361,467.414,467.414,467.414,467.414,467.414,466.862,482.2171905,484.9353463,487.6535022,490.371658,493.0898139,495.8079697,498.5261255,501.2442814,503.9624372,506.6805931,509.3987489,512.1169048,514.8350606,517.5532165,520.2713723,522.9895281,525.707684,528.4258398,531.1439957,533.8621515,536.5803074,539.2984632,542.016619,544.7347749,547.4529307,550.1710866,552.8892424,555.6073983,558.3255541,561.04371,563.7618658,566.4800216,569.1981775,571.9163333,574.6344892,577.352645,580.0708009,582.7889567
42,457.131,457.131,457.131,457.131,457.131,467.626,448.963,429.197,410.757,402.415,394.282,384.439,391.291,419.754,439.682,440.147,438.259,437.675,432.986,442.026,440.978,442.688,451.806,449.196,452.756,464.038,461.567,447.474,444.933,432.82,422.466,422.466,422.466,422.466,411.114,411.114,411.114,411.114,411.114,451.841,451.841,451.841,451.841,451.841,462.643,462.643,462.643,462.643,462.643,467.436,467.436,467.436,467.436,467.436,467.185,483.9649762,487.1290866,490.293197,493.4573074,496.6214177,499.7855281,502.9496385,506.1137489,509.2778593,512.4419697,515.6060801,518.7701905,521.9343009,525.0984113,528.2625216,531.426632,534.5907424,537.7548528,540.9189632,544.0830736,547.247184,550.4112944,553.5754048,556.7395152,559.9036255,563.0677359,566.2318463,569.3959567,572.5600671,575.7241775,578.8882879,582.0523983,585.2165087,588.380619,591.5447294,594.7088398,597.8729502,601.0370606
43,469.245,469.245,469.245,469.245,469.245,456.643,467.169,448.53,428.871,410.407,402.088,393.933,384.104,390.954,419.394,439.309,439.779,437.897,437.321,432.64,441.677,440.636,442.348,451.464,448.86,452.422,463.699,461.234,447.158,444.623,426.728,426.728,426.728,426.728,400.008,400.008,400.008,400.008,400.008,454.171,454.171,454.171,454.171,454.171,458.467,458.467,458.467,458.467,458.467,467.01,467.01,467.01,467.01,467.01,467.209,485.8217381,489.4441082,493.0664784,496.6888485,500.3112186,503.9335887,507.5559589,511.178329,514.8006991,518.4230693,522.0454394,525.6678095,529.2901797,532.9125498,536.5349199,540.15729,543.7796602,547.4020303,551.0244004,554.6467706,558.2691407,561.8915108,565.513881,569.1362511,572.7586212,576.3809913,580.0033615,583.6257316,587.2481017,590.8704719,594.492842,598.1152121,601.7375823,605.3599524,608.9823225,612.6046926,616.2270628,619.8494329
44,469.337,469.337,469.337,469.337,469.337,468.692,456.151,466.67,448.135,428.46,410.033,401.697,393.558,383.746,390.596,419.012,438.913,439.388,437.514,436.945,432.274,441.309,440.273,441.989,451.103,448.506,452.069,463.341,460.883,446.824,435.772,435.772,435.772,435.772,394.082,394.082,394.082,394.082,394.082,440.277,440.277,440.277,440.277,440.277,466.929,466.929,466.929,466.929,466.929,466.098,466.098,466.098,466.098,466.098,466.764,489.9319762,494.1955152,498.4590541,502.7225931,506.986132,511.249671,515.51321,519.7767489,524.0402879,528.3038268,532.5673658,536.8309048,541.0944437,545.3579827,549.6215216,553.8850606,558.1485996,562.4121385,566.6756775,570.9392165,575.2027554,579.4662944,583.7298333,587.9933723,592.2569113,596.5204502,600.7839892,605.0475281,609.3110671,613.5746061,617.838145,622.101684,626.3652229,630.6287619,634.8923009,639.1558398,643.4193788,647.6829177
45,474.151,474.151,474.151,474.151,474.151,468.784,468.194,455.676,466.25,447.711,428.077,409.655,401.337,393.214,383.42,390.269,418.663,438.549,439.03,437.165,436.604,431.943,440.974,439.946,441.665,450.777,448.188,451.751,463.018,460.568,431.225,431.225,431.225,431.225,403.341,403.341,403.341,403.341,403.341,432.552,432.552,432.552,432.552,432.552,461.825,461.825,461.825,461.825,461.825,464.797,464.797,464.797,464.797,464.797,465.888,483.5902143,487.3864545,491.1826948,494.9789351,498.7751753,502.5714156,506.3676558,510.1638961,513.9601364,517.7563766,521.5526169,525.3488571,529.1450974,532.9413377,536.7375779,540.5338182,544.3300584,548.1262987,551.922539,555.7187792,559.5150195,563.3112597,567.1075,570.9037403,574.6999805,578.4962208,582.292461,586.0887013,589.8849416,593.6811818,597.4774221,601.2736623,605.0699026,608.8661429,612.6623831,616.4586234,620.2548636,624.0511039
46,476.344,476.344,476.344,476.344,476.344,473.563,468.264,467.686,455.241,465.786,447.286,427.669,409.279,400.981,392.875,383.102,389.95,418.32,438.191,438.678,436.823,436.269,431.619,440.648,439.628,441.349,450.458,447.878,451.443,462.704,431.673,431.673,431.673,431.673,410.373,410.373,410.373,410.373,410.373,417.215,417.215,417.215,417.215,417.215,454.964,454.964,454.964,454.964,454.964,463.202,463.202,463.202,463.202,463.202,464.597,476.8441667,480.3955108,483.946855,487.4981991,491.0495433,494.6008874,498.1522316,501.7035758,505.2549199,508.8062641,512.3576082,515.9089524,519.4602965,523.0116407,526.5629848,530.114329,533.6656732,537.2170173,540.7683615,544.3197056,547.8710498,551.4223939,554.9737381,558.5250823,562.0764264,565.6277706,569.1791147,572.7304589,576.281803,579.8331472,583.3844913,586.9358355,590.4871797,594.0385238,597.589868,601.1412121,604.6925563,608.2439004
47,480.395,480.395,480.395,480.395,480.395,475.681,472.969,467.69,467.166,454.729,465.277,446.799,427.219,408.866,400.587,392.5,382.748,389.596,417.94,437.796,438.29,436.445,435.899,431.261,440.286,439.274,441,450.105,447.533,451.099,443.412,443.412,443.412,443.412,421.154,421.154,421.154,421.154,421.154,409.952,409.952,409.952,409.952,409.952,450.621,450.621,450.621,450.621,450.621,461.484,461.484,461.484,461.484,461.484,462.972,469.8455238,472.8227056,475.7998874,478.7770693,481.7542511,484.7314329,487.7086147,490.6857965,493.6629784,496.6401602,499.617342,502.5945238,505.5717056,508.5488874,511.5260693,514.5032511,517.4804329,520.4576147,523.4347965,526.4119784,529.3891602,532.366342,535.3435238,538.3207056,541.2978874,544.2750693,547.2522511,550.2294329,553.2066147,556.1837965,559.1609784,562.1381602,565.115342,568.0925238,571.0697056,574.0468874,577.0240693,580.0012511
48,476.074,476.074,476.074,476.074,476.074,479.649,475.017,472.323,467.107,466.577,454.178,464.708,446.271,426.73,408.415,400.158,392.092,382.362,389.209,417.526,437.365,437.866,436.031,435.494,430.869,439.89,438.886,440.617,449.718,447.154,445.56,445.56,445.56,445.56,425.347,425.347,425.347,425.347,425.347,398.853,398.853,398.853,398.853,398.853,452.901,452.901,452.901,452.901,452.901,457.286,457.286,457.286,457.286,457.286,461.225,465.620881,468.4125628,471.2042446,473.9959264,476.7876082,479.57929,482.3709719,485.1626537,487.9543355,490.7460173,493.5376991,496.329381,499.1210628,501.9127446,504.7044264,507.4961082,510.28779,513.0794719,515.8711537,518.6628355,521.4545173,524.2461991,527.037881,529.8295628,532.6212446,535.4129264,538.2046082,540.99629,543.7879719,546.5796537,549.3713355,552.1630173,554.9546991,557.746381,560.5380628,563.3297446,566.1214264,568.9131082
49,465.935,465.935,465.935,465.935,465.935,475.245,478.897,474.29,471.652,466.441,465.934,453.554,464.082,445.688,426.191,407.916,399.681,391.637,381.931,388.777,417.064,436.885,437.394,435.57,435.041,430.43,439.445,438.452,440.186,449.283,459.123,459.123,459.123,459.123,434.271,434.271,434.271,434.271,434.271,392.891,392.891,392.891,392.891,392.891,438.995,438.995,438.995,438.995,438.995,465.652,465.652,465.652,465.652,465.652,456.988,462.5745952,465.1634848,467.7523745,470.3412641,472.9301537,475.5190433,478.1079329,480.6968225,483.2857121,485.8746017,488.4634913,491.052381,493.6412706,496.2301602,498.8190498,501.4079394,503.996829,506.5857186,509.1746082,511.7634978,514.3523874,516.9412771,519.5301667,522.1190563,524.7079459,527.2968355,529.8857251,532.4746147,535.0635043,537.6523939,540.2412835,542.8301732,545.4190628,548.0079524,550.596842,553.1857316,555.7746212,558.3635108
50,454.92,454.92,454.92,454.92,454.92,465.068,474.446,478.109,473.561,470.929,465.75,465.247,452.906,463.431,445.084,425.634,407.4,399.19,391.169,381.488,388.333,416.586,436.388,436.905,435.092,434.572,429.976,438.986,438.002,439.74,461.098,461.098,461.098,461.098,429.621,429.621,429.621,429.621,429.621,402.002,402.002,402.002,402.002,402.002,431.193,431.193,431.193,431.193,431.193,460.46,460.46,460.46,460.46,460.46,465.338,459.127619,461.551697,463.9757749,466.3998528,468.8239307,471.2480087,473.6720866,476.0961645,478.5202424,480.9443203,483.3683983,485.7924762,488.2165541,490.640632,493.06471,495.4887879,497.9128658,500.3369437,502.7610216,505.1850996,507.6091775,510.0332554,512.4573333,514.8814113,517.3054892,519.7295671,522.153645,524.5777229,527.0018009,529.4258788,531.8499567,534.2740346,536.6981126,539.1221905,541.5462684,543.9703463,546.3944242,548.8185022
51,440.105,440.105,440.105,440.105,440.105,454.009,464.224,473.602,477.303,472.773,470.167,465.008,464.524,452.224,462.744,444.448,425.047,406.86,398.675,390.679,381.024,387.867,416.084,435.864,436.39,434.588,434.079,429.498,438.503,437.528,449.4,449.4,449.4,449.4,429.902,429.902,429.902,429.902,429.902,408.863,408.863,408.863,408.863,408.863,415.8,415.8,415.8,415.8,415.8,453.495,453.495,453.495,453.495,453.495,460.133,447.2010476,448.8927749,450.5845022,452.2762294,453.9679567,455.659684,457.3514113,459.0431385,460.7348658,462.4265931,464.1183203,465.8100476,467.5017749,469.1935022,470.8852294,472.5769567,474.268684,475.9604113,477.6521385,479.3438658,481.0355931,482.7273203,484.4190476,486.1107749,487.8025022,489.4942294,491.1859567,492.877684,494.5694113,496.2611385,497.9528658,499.6445931,501.3363203,503.0280476,504.7197749,506.4115022,508.1032294,509.7949567
52,423.067,423.067,423.067,423.067,423.067,439.124,453.089,463.301,472.7,476.405,471.913,469.323,464.195,463.73,451.474,461.988,443.745,424.397,406.259,398.102,390.133,380.506,387.347,415.524,435.28,435.814,434.025,433.527,428.963,437.962,445.308,445.308,445.308,445.308,441.387,441.387,441.387,441.387,441.387,419.42,419.42,419.42,419.42,419.42,408.43,408.43,408.43,408.43,408.43,449.017,449.017,449.017,449.017,449.017,453.124,436.1762143,436.6753766,437.174539,437.6737013,438.1728636,438.672026,439.1711883,439.6703506,440.169513,440.6686753,441.1678377,441.667,442.1661623,442.6653247,443.164487,443.6636494,444.1628117,444.661974,445.1611364,445.6602987,446.159461,446.6586234,447.1577857,447.6569481,448.1561104,448.6552727,449.1544351,449.6535974,450.1527597,450.6519221,451.1510844,451.6502468,452.1494091,452.6485714,453.1477338,453.6468961,454.1460584,454.6452208
53,414.504,414.504,414.504,414.504,414.504,422.012,438.125,452.077,462.303,471.694,475.416,470.952,468.388,463.293,462.848,450.638,461.146,442.96,423.669,405.583,397.455,389.514,379.919,386.757,414.89,434.619,435.163,433.387,432.9,428.354,447.223,447.223,447.223,447.223,443.284,443.284,443.284,443.284,443.284,423.385,423.385,423.385,423.385,423.385,397.213,397.213,397.213,397.213,397.213,451.093,451.093,451.093,451.093,451.093,448.584,432.0326667,432.2457706,432.4588745,432.6719784,432.8850823,433.0981861,433.31129,433.5243939,433.7374978,433.9506017,434.1637056,434.3768095,434.5899134,434.8030173,435.0161212,435.2292251,435.442329,435.6554329,435.8685368,436.0816407,436.2947446,436.5078485,436.7209524,436.9340563,437.1471602,437.3602641,437.573368,437.7864719,437.9995758,438.2126797,438.4257835,438.6388874,438.8519913,439.0650952,439.2781991,439.491303,439.7044069,439.9175108
54,405.347,405.347,405.347,405.347,405.347,413.351,420.945,437.039,450.99,461.206,470.597,474.33,469.9,467.366,462.304,461.88,449.719,460.221,442.095,422.865,404.835,396.739,388.828,379.266,386.101,414.185,433.884,434.439,432.677,432.202,437.479,437.479,437.479,437.479,456.476,456.476,456.476,456.476,456.476,432.009,432.009,432.009,432.009,432.009,391.094,391.094,391.094,391.094,391.094,437.062,437.062,437.062,437.062,437.062,450.595,415.5364524,414.2051342,412.873816,411.5424978,410.2111797,408.8798615,407.5485433,406.2172251,404.8859069,403.5545887,402.2232706,400.8919524,399.5606342,398.229316,396.8979978,395.5666797,394.2353615,392.9040433,391.5727251,390.2414069,388.9100887,387.5787706,386.2474524,384.9161342,383.584816,382.2534978,380.9221797,379.5908615,378.2595433,376.9282251,375.5969069,374.2655887,372.9342706,371.6029524,370.2716342,368.940316,367.6089978,366.2776797
55,391.507,391.507,391.507,391.507,391.507,404.058,412.15,419.748,435.829,449.761,459.974,469.361,473.109,468.716,466.213,461.187,460.785,448.676,459.169,441.108,421.943,403.972,395.91,388.031,378.505,385.337,413.368,433.035,433.6,431.853,434.933,434.933,434.933,434.933,458.059,458.059,458.059,458.059,458.059,427.06,427.06,427.06,427.06,427.06,399.846,399.846,399.846,399.846,399.846,429.012,429.012,429.012,429.012,429.012,436.481,409.595,407.8423117,406.0896234,404.3369351,402.5842468,400.8315584,399.0788701,397.3261818,395.5734935,393.8208052,392.0681169,390.3154286,388.5627403,386.8100519,385.0573636,383.3046753,381.551987,379.7992987,378.0466104,376.2939221,374.5412338,372.7885455,371.0358571,369.2831688,367.5304805,365.7777922,364.0251039,362.2724156,360.5197273,358.767039,357.0143506,355.2616623,353.508974,351.7562857,350.0035974,348.2509091,346.4982208,344.7455325
56,377.909,377.909,377.909,377.909,377.909,390.076,402.7,410.794,418.402,434.454,448.369,458.576,467.961,471.725,467.371,464.899,459.91,459.532,447.479,457.963,439.97,420.876,402.968,394.943,387.099,377.609,384.436,412.411,432.043,432.619,434.922,434.922,434.922,434.922,445.966,445.966,445.966,445.966,445.966,426.882,426.882,426.882,426.882,426.882,406.238,406.238,406.238,406.238,406.238,413.318,413.318,413.318,413.318,413.318,428.312,402.9171429,401.0596883,399.2022338,397.3447792,395.4873247,393.6298701,391.7724156,389.914961,388.0575065,386.2000519,384.3425974,382.4851429,380.6276883,378.7702338,376.9127792,375.0553247,373.1978701,371.3404156,369.482961,367.6255065,365.7680519,363.9105974,362.0531429,360.1956883,358.3382338,356.4807792,354.6233247,352.7658701,350.9084156,349.050961,347.1935065,345.3360519,343.4785974,341.6211429,339.7636883,337.9062338,336.0487792,334.1913247
57,365.14,365.14,365.14,365.14,365.14,376.389,388.628,401.236,409.334,416.942,432.967,446.862,457.064,466.445,470.225,465.913,463.474,458.524,458.172,446.177,456.651,438.731,419.711,401.871,393.885,386.077,376.628,383.451,411.363,430.956,424.94,424.94,424.94,424.94,441.385,441.385,441.385,441.385,441.385,437.767,437.767,437.767,437.767,437.767,416.247,416.247,416.247,416.247,416.247,405.572,405.572,405.572,405.572,405.572,412.566,399.7997381,397.5416147,395.2834913,393.025368,390.7672446,388.5091212,386.2509978,383.9928745,381.7347511,379.4766277,377.2185043,374.960381,372.7022576,370.4441342,368.1860108,365.9278874,363.6697641,361.4116407,359.1535173,356.8953939,354.6372706,352.3791472,350.1210238,347.8629004,345.6047771,343.3466537,341.0885303,338.8304069,336.5722835,334.3141602,332.0560368,329.7979134,327.53979,325.2816667,323.0235433,320.7654199,318.5072965,316.2491732
58,367.184,367.184,367.184,367.184,367.184,363.55,374.875,387.093,399.684,407.778,415.39,431.385,445.259,455.454,464.831,468.627,464.358,461.955,457.046,456.72,444.787,455.25,437.408,418.468,400.7,392.754,384.986,375.58,382.397,410.243,428.284,428.284,428.284,428.284,442.743,442.743,442.743,442.743,442.743,439.131,439.131,439.131,439.131,439.131,419.705,419.705,419.705,419.705,419.705,394.021,394.021,394.021,394.021,394.021,404.774,390.6869524,387.750381,384.8138095,381.8772381,378.9406667,376.0040952,373.0675238,370.1309524,367.194381,364.2578095,361.3212381,358.3846667,355.4480952,352.5115238,349.5749524,346.638381,343.7018095,340.7652381,337.8286667,334.8920952,331.9555238,329.0189524,326.082381,323.1458095,320.2092381,317.2726667,314.3360952,311.3995238,308.4629524,305.526381,302.5898095,299.6532381,296.7166667,293.7800952,290.8435238,287.9069524,284.970381,282.0338095
59,362.635,362.635,362.635,362.635,362.635,365.451,361.966,373.265,385.463,398.03,406.124,413.738,429.7,443.551,453.736,463.108,466.92,462.697,460.331,455.465,455.167,443.3,453.749,435.991,417.137,399.446,391.544,383.817,374.456,381.267,427.487,427.487,427.487,427.487,432.555,432.555,432.555,432.555,432.555,451.642,451.642,451.642,451.642,451.642,427.752,427.752,427.752,427.752,427.752,387.525,387.525,387.525,387.525,387.525,393.179,390.443119,387.4507229,384.4583268,381.4659307,378.4735346,375.4811385,372.4887424,369.4963463,366.5039502,363.5115541,360.519158,357.5267619,354.5343658,351.5419697,348.5495736,345.5571775,342.5647814,339.5723853,336.5799892,333.5875931,330.595197,327.6028009,324.6104048,321.6180087,318.6256126,315.6332165,312.6408203,309.6484242,306.6560281,303.663632,300.6712359,297.6788398,294.6864437,291.6940476,288.7016515,285.7092554,282.7168593,279.7244632
60,353.929,353.929,353.929,353.929,353.929,360.776,363.72,360.276,371.549,383.721,396.264,404.355,411.97,427.896,441.721,451.896,461.262,465.089,460.916,458.588,453.767,453.497,441.702,452.135,434.466,415.703,398.096,390.238,382.556,373.245,427.83,427.83,427.83,427.83,429.5,429.5,429.5,429.5,429.5,452.667,452.667,452.667,452.667,452.667,422.374,422.374,422.374,422.374,422.374,395.758,395.758,395.758,395.758,395.758,386.617,394.2639286,391.6294286,388.9949286,386.3604286,383.7259286,381.0914286,378.4569286,375.8224286,373.1879286,370.5534286,367.9189286,365.2844286,362.6499286,360.0154286,357.3809286,354.7464286,352.1119286,349.4774286,346.8429286,344.2084286,341.5739286,338.9394286,336.3049286,333.6704286,331.0359286,328.4014286,325.7669286,323.1324286,320.4979286,317.8634286,315.2289286,312.5944286,309.9599286,307.3254286,304.6909286,302.0564286,299.4219286,296.7874286
61,357.26,357.26,357.26,357.26,357.26,351.986,358.948,361.903,358.504,369.749,381.891,394.407,402.493,410.108,425.996,439.792,449.954,459.313,463.156,459.034,456.745,451.974,451.733,440.012,450.428,432.854,414.187,396.67,388.86,381.226,425.78,425.78,425.78,425.78,429.003,429.003,429.003,429.003,429.003,440.257,440.257,440.257,440.257,440.257,421.775,421.775,421.775,421.775,421.775,401.708,401.708,401.708,401.708,401.708,394.767,399.8499762,397.8515671,395.853158,393.8547489,391.8563398,389.8579307,387.8595216,385.8611126,383.8627035,381.8642944,379.8658853,377.8674762,375.8690671,373.870658,371.8722489,369.8738398,367.8754307,365.8770216,363.8786126,361.8802035,359.8817944,357.8833853,355.8849762,353.8865671,351.888158,349.8897489,347.8913398,345.8929307,343.8945216,341.8961126,339.8977035,337.8992944,335.9008853,333.9024762,331.9040671,329.905658,327.9072489,325.9088398
62,365.911,365.911,365.911,365.911,365.911,355.152,350.075,357.024,359.994,356.642,367.855,379.965,392.451,400.532,408.147,423.99,437.755,447.903,457.252,461.112,457.043,454.796,450.076,449.865,438.224,448.62,431.147,412.583,395.162,387.403,404.927,404.927,404.927,404.927,418.687,418.687,418.687,418.687,418.687,435.273,435.273,435.273,435.273,435.273,432.09,432.09,432.09,432.09,432.09,411.216,411.216,411.216,411.216,411.216,400.63,415.2340714,414.5109351,413.7877987,413.0646623,412.341526,411.6183896,410.8952532,410.1721169,409.4489805,408.7258442,408.0027078,407.2795714,406.5564351,405.8332987,405.1101623,404.387026,403.6638896,402.9407532,402.2176169,401.4944805,400.7713442,400.0482078,399.3250714,398.6019351,397.8787987,397.1556623,396.432526,395.7093896,394.9862532,394.2631169,393.5399805,392.8168442,392.0937078,391.3705714,390.6474351,389.9242987,389.2011623,388.478026
63,374.958,374.958,374.958,374.958,374.958,363.553,353.049,348.037,354.973,357.953,354.651,365.83,377.906,390.358,398.433,406.046,421.841,435.571,445.703,455.04,458.917,454.904,452.701,448.034,447.854,436.299,446.674,429.306,410.853,393.533,375.932,375.932,375.932,375.932,421.436,421.436,421.436,421.436,421.436,436.086,436.086,436.086,436.086,436.086,432.946,432.946,432.946,432.946,432.946,414.199,414.199,414.199,414.199,414.199,409.995,418.6487381,418.03529,417.421842,416.8083939,416.1949459,415.5814978,414.9680498,414.3546017,413.7411537,413.1277056,412.5142576,411.9008095,411.2873615,410.6739134,410.0604654,409.4470173,408.8335693,408.2201212,407.6066732,406.9932251,406.3797771,405.766329,405.152881,404.5394329,403.9259848,403.3125368,402.6990887,402.0856407,401.4721926,400.8587446,400.2452965,399.6318485,399.0184004,398.4049524,397.7915043,397.1780563,396.5646082,395.9511602
64,396.155,396.155,396.155,396.155,396.155,372.282,361.17,350.777,345.832,352.752,355.743,352.493,363.636,375.673,388.089,396.155,403.765,419.508,433.199,443.313,452.637,456.53,452.576,450.419,445.808,445.661,434.195,444.547,427.293,408.957,367.553,367.553,367.553,367.553,420.017,420.017,420.017,420.017,420.017,425.463,425.463,425.463,425.463,425.463,444.666,444.666,444.666,444.666,444.666,421.602,421.602,421.602,421.602,421.602,412.815,429.3348333,429.5273723,429.7199113,429.9124502,430.1049892,430.2975281,430.4900671,430.6826061,430.875145,431.067684,431.2602229,431.4527619,431.6453009,431.8378398,432.0303788,432.2229177,432.4154567,432.6079957,432.8005346,432.9930736,433.1856126,433.3781515,433.5706905,433.7632294,433.9557684,434.1483074,434.3408463,434.5333853,434.7259242,434.9184632,435.1110022,435.3035411,435.4960801,435.688619,435.881158,436.073697,436.2662359,436.4587749
65,429.074,429.074,429.074,429.074,429.074,393.056,369.613,358.633,348.354,343.479,350.382,353.384,350.19,361.292,373.289,385.664,393.72,401.326,417.011,430.66,440.753,450.061,453.97,450.079,447.969,443.417,443.306,431.932,442.259,425.127,374.831,374.831,374.831,374.831,419.665,419.665,419.665,419.665,419.665,421.81,421.81,421.81,421.81,421.81,445.026,445.026,445.026,445.026,445.026,415.745,415.745,415.745,415.745,415.745,420.054,426.5581667,426.6726147,426.7870628,426.9015108,427.0159589,427.1304069,427.244855,427.359303,427.4737511,427.5881991,427.7026472,427.8170952,427.9315433,428.0459913,428.1604394,428.2748874,428.3893355,428.5037835,428.6182316,428.7326797,428.8471277,428.9615758,429.0760238,429.1904719,429.3049199,429.419368,429.533816,429.6482641,429.7627121,429.8771602,429.9916082,430.1060563,430.2205043,430.3349524,430.4494004,430.5638485,430.6782965,430.7927446
66,333.53,333.53,333.53,333.53,333.53,425.381,389.965,366.771,355.928,345.769,340.97,347.853,350.867,347.731,358.79,370.741,383.073,391.116,398.716,414.339,427.941,438.01,447.3,451.225,447.399,445.338,440.849,440.773,429.5,439.799,380.239,380.239,380.239,380.239,416.876,416.876,416.876,416.876,416.876,420.579,420.579,420.579,420.579,420.579,432.131,432.131,432.131,432.131,432.131,414.507,414.507,414.507,414.507,414.507,414.074,420.4933333,420.4752424,420.4571515,420.4390606,420.4209697,420.4028788,420.3847879,420.366697,420.3486061,420.3305152,420.3124242,420.2943333,420.2762424,420.2581515,420.2400606,420.2219697,420.2038788,420.1857879,420.167697,420.1496061,420.1315152,420.1134242,420.0953333,420.0772424,420.0591515,420.0410606,420.0229697,420.0048788,419.9867879,419.968697,419.9506061,419.9325152,419.9144242,419.8963333,419.8782424,419.8601515,419.8420606,419.8239697
67,325.179,325.179,325.179,325.179,325.179,330.392,421.689,386.664,363.733,353.034,343.002,338.282,345.145,348.171,345.097,356.108,368.011,380.295,388.323,395.914,411.469,425.02,435.06,444.33,448.27,444.513,442.505,438.082,438.042,426.877,385.514,385.514,385.514,385.514,395.643,395.643,395.643,395.643,395.643,409.657,409.657,409.657,409.657,409.657,426.436,426.436,426.436,426.436,426.436,423.865,423.865,423.865,423.865,423.865,412.67,431.7810952,433.4119524,435.0428095,436.6736667,438.3045238,439.935381,441.5662381,443.1970952,444.8279524,446.4588095,448.0896667,449.7205238,451.351381,452.9822381,454.6130952,456.2439524,457.8748095,459.5056667,461.1365238,462.767381,464.3982381,466.0290952,467.6599524,469.2908095,470.9216667,472.5525238,474.183381,475.8142381,477.4450952,479.0759524,480.7068095,482.3376667,483.9685238,485.599381,487.2302381,488.8610952,490.4919524,492.1228095
68,324.947,324.947,324.947,324.947,324.947,321.813,327.267,417.757,383.147,360.492,349.947,340.05,335.414,342.254,345.293,342.284,353.244,365.094,377.313,385.312,392.892,408.372,421.867,431.874,441.121,445.076,441.392,439.439,435.086,435.086,399.783,399.783,399.783,399.783,366.479,366.479,366.479,366.479,366.479,411.419,411.419,411.419,411.419,411.419,426.33,426.33,426.33,426.33,426.33,423.854,423.854,423.854,423.854,423.854,421.788,443.2326429,446.4607273,449.6888117,452.9168961,456.1449805,459.3730649,462.6011494,465.8292338,469.0573182,472.2854026,475.513487,478.7415714,481.9696558,485.1977403,488.4258247,491.6539091,494.8819935,498.1100779,501.3381623,504.5662468,507.7943312,511.0224156,514.2505,517.4785844,520.7066688,523.9347532,527.1628377,530.3909221,533.6190065,536.8470909,540.0751753,543.3032597,546.5313442,549.7594286,552.987513,556.2155974,559.4436818,562.6717662
69,306.291,306.291,306.291,306.291,306.291,321.189,318.418,323.898,413.523,379.355,356.996,346.612,336.859,332.311,339.127,342.18,339.24,350.142,361.912,374.05,382.029,389.595,404.992,418.424,428.395,437.616,441.584,437.979,436.084,431.805,414.569,414.569,414.569,414.569,357.373,357.373,357.373,357.373,357.373,409.002,409.002,409.002,409.002,409.002,414.976,414.976,414.976,414.976,414.976,434.334,434.334,434.334,434.334,434.334,421.522,449.5696667,453.643329,457.7169913,461.7906537,465.864316,469.9379784,474.0116407,478.085303,482.1589654,486.2326277,490.30629,494.3799524,498.4536147,502.5272771,506.6009394,510.6746017,514.7482641,518.8219264,522.8955887,526.9692511,531.0429134,535.1165758,539.1902381,543.2639004,547.3375628,551.4112251,555.4848874,559.5585498,563.6322121,567.7058745,571.7795368,575.8531991,579.9268615,584.0005238,588.0741861,592.1478485,596.2215108,600.2951732
70,276.844,276.844,276.844,276.844,276.844,302.338,317.406,314.766,320.271,408.971,375.271,353.224,343.012,333.412,328.959,335.749,338.815,335.947,346.767,358.45,370.523,378.479,386.027,401.333,414.694,424.626,433.815,437.799,434.275,432.441,427.691,427.691,427.691,427.691,363.326,363.326,363.326,363.326,363.326,407.501,407.501,407.501,407.501,407.501,410.321,410.321,410.321,410.321,410.321,433.591,433.591,433.591,433.591,433.591,431.673,447.161381,450.9926407,454.8239004,458.6551602,462.4864199,466.3176797,470.1489394,473.9801991,477.8114589,481.6427186,485.4739784,489.3052381,493.1364978,496.9677576,500.7990173,504.6302771,508.4615368,512.2927965,516.1240563,519.955316,523.7865758,527.6178355,531.4490952,535.280355,539.1116147,542.9428745,546.7741342,550.6053939,554.4366537,558.2679134,562.0991732,565.9304329,569.7616926,573.5929524,577.4242121,581.2554719,585.0867316,588.9179913
71,252.328,252.328,252.328,252.328,252.328,272.88,298.377,313.357,310.855,316.384,404.089,370.885,349.17,339.142,329.705,325.351,332.112,335.192,332.39,343.134,354.745,366.746,374.675,382.203,397.409,410.693,420.582,429.735,433.733,430.295,413.895,413.895,413.895,413.895,367.327,367.327,367.327,367.327,367.327,403.535,403.535,403.535,403.535,403.535,407.912,407.912,407.912,407.912,407.912,419.874,419.874,419.874,419.874,419.874,430.673,434.5006429,437.5335455,440.5664481,443.5993506,446.6322532,449.6651558,452.6980584,455.730961,458.7638636,461.7967662,464.8296688,467.8625714,470.895474,473.9283766,476.9612792,479.9941818,483.0270844,486.059987,489.0928896,492.1257922,495.1586948,498.1915974,501.2245,504.2574026,507.2903052,510.3232078,513.3561104,516.389013,519.4219156,522.4548182,525.4877208,528.5206234,531.553526,534.5864286,537.6193312,540.6522338,543.6851364,546.718039
72,261.674,261.674,261.674,261.674,261.674,248.31,268.902,294.135,309.018,306.656,312.206,398.843,366.167,344.804,334.972,325.707,321.46,328.189,331.283,328.563,339.232,350.766,362.689,370.588,378.092,393.189,406.388,416.229,425.342,429.353,420.468,420.468,420.468,420.468,371.044,371.044,371.044,371.044,371.044,381.672,381.672,381.672,381.672,381.672,396.034,396.034,396.034,396.034,396.034,413.067,413.067,413.067,413.067,413.067,416.759,420.5416429,423.162987,425.7843312,428.4056753,431.0270195,433.6483636,436.2697078,438.8910519,441.5123961,444.1337403,446.7550844,449.3764286,451.9977727,454.6191169,457.240461,459.8618052,462.4831494,465.1044935,467.7258377,470.3471818,472.968526,475.5898701,478.2112143,480.8325584,483.4539026,486.0752468,488.6965909,491.3179351,493.9392792,496.5606234,499.1819675,501.8033117,504.4246558,507.046,509.6673442,512.2886883,514.9100325,517.5313766
73,260.629,260.629,260.629,260.629,260.629,257.06,244.299,264.664,289.613,304.384,302.168,307.735,393.227,361.111,340.123,330.497,321.414,317.282,323.976,327.083,324.449,335.039,346.487,358.325,366.187,373.665,388.643,401.749,411.535,420.604,415.824,415.824,415.824,415.824,383.187,383.187,383.187,383.187,383.187,352.205,352.205,352.205,352.205,352.205,396.29,396.29,396.29,396.29,396.29,411.557,411.557,411.557,411.557,411.557,409.685,413.4279524,415.835342,418.2427316,420.6501212,423.0575108,425.4649004,427.87229,430.2796797,432.6870693,435.0944589,437.5018485,439.9092381,442.3166277,444.7240173,447.1314069,449.5387965,451.9461861,454.3535758,456.7609654,459.168355,461.5757446,463.9831342,466.3905238,468.7979134,471.205303,473.6126926,476.0200823,478.4274719,480.8348615,483.2422511,485.6496407,488.0570303,490.4644199,492.8718095,495.2791991,497.6865887,500.0939784,502.501368
74,254.321,254.321,254.321,254.321,254.321,255.566,252.482,240.052,260.17,284.81,299.457,297.392,302.972,387.236,355.714,335.125,325.718,316.829,312.817,319.473,322.593,320.051,330.554,341.909,353.651,361.472,368.918,383.767,396.771,406.495,414.858,414.858,414.858,414.858,395.601,395.601,395.601,395.601,395.601,342.056,342.056,342.056,342.056,342.056,392.44,392.44,392.44,392.44,392.44,399.152,399.152,399.152,399.152,399.152,407.856,398.0771905,399.3997879,400.7223853,402.0449827,403.3675801,404.6901775,406.0127749,407.3353723,408.6579697,409.9805671,411.3031645,412.6257619,413.9483593,415.2709567,416.5935541,417.9161515,419.2387489,420.5613463,421.8839437,423.2065411,424.5291385,425.8517359,427.1743333,428.4969307,429.8195281,431.1421255,432.4647229,433.7873203,435.1099177,436.4325152,437.7551126,439.07771,440.4003074,441.7229048,443.0455022,444.3680996,445.690697,447.0132944
75,244.028,244.028,244.028,244.028,244.028,248.836,250.515,247.603,235.521,255.371,279.678,294.187,292.275,297.865,380.81,349.92,329.754,320.579,311.897,308.013,314.624,317.758,315.314,325.721,336.974,348.611,356.386,363.796,378.5,391.393,411.032,411.032,411.032,411.032,406.144,406.144,406.144,406.144,406.144,346.16,346.16,346.16,346.16,346.16,389.34,389.34,389.34,389.34,389.34,393.098,393.098,393.098,393.098,393.098,395.173,386.595381,386.8101861,387.0249913,387.2397965,387.4546017,387.6694069,387.8842121,388.0990173,388.3138225,388.5286277,388.7434329,388.9582381,389.1730433,389.3878485,389.6026537,389.8174589,390.0322641,390.2470693,390.4618745,390.6766797,390.8914848,391.10629,391.3210952,391.5359004,391.7507056,391.9655108,392.180316,392.3951212,392.6099264,392.8247316,393.0395368,393.254342,393.4691472,393.6839524,393.8987576,394.1135628,394.328368,394.5431732
76,234.705,234.705,234.705,234.705,234.705,238.154,243.351,245.119,242.388,230.669,250.23,274.172,288.528,286.774,292.369,373.895,343.678,323.963,315.034,306.572,302.824,309.387,312.532,310.192,320.495,331.636,343.159,350.881,358.247,372.795,408.119,408.119,408.119,408.119,390.899,390.899,390.899,390.899,390.899,348.161,348.161,348.161,348.161,348.161,383.687,383.687,383.687,383.687,383.687,389.004,389.004,389.004,389.004,389.004,388.733,385.3227381,385.947368,386.5719978,387.1966277,387.8212576,388.4458874,389.0705173,389.6951472,390.3197771,390.9444069,391.5690368,392.1936667,392.8182965,393.4429264,394.0675563,394.6921861,395.316816,395.9414459,396.5660758,397.1907056,397.8153355,398.4399654,399.0645952,399.6892251,400.313855,400.9384848,401.5631147,402.1877446,402.8123745,403.4370043,404.0616342,404.6862641,405.3108939,405.9355238,406.5601537,407.1847835,407.8094134,408.4340433
77,224.861,224.861,224.861,224.861,224.861,228.376,232.288,237.504,239.36,236.815,225.481,244.723,268.269,282.452,280.86,286.455,366.451,336.952,317.719,309.051,300.825,297.219,303.73,306.887,304.657,314.846,325.862,337.259,344.921,352.238,397.59,397.59,397.59,397.59,394.634,394.634,394.634,394.634,394.634,349.632,349.632,349.632,349.632,349.632,360.926,360.926,360.926,360.926,360.926,375.738,375.738,375.738,375.738,375.738,384.192,364.785381,364.2297576,363.6741342,363.1185108,362.5628874,362.0072641,361.4516407,360.8960173,360.3403939,359.7847706,359.2291472,358.6735238,358.1179004,357.5622771,357.0066537,356.4510303,355.8954069,355.3397835,354.7841602,354.2285368,353.6729134,353.11729,352.5616667,352.0060433,351.4504199,350.8947965,350.3391732,349.7835498,349.2279264,348.672303,348.1166797,347.5610563,347.0054329,346.4498095,345.8941861,345.3385628,344.7829394,344.227316
78,211.095,211.095,211.095,211.095,211.095,218.041,222.063,226.038,231.266,233.211,230.857,219.927,238.821,261.935,275.925,274.5,280.088,358.43,329.699,310.98,302.591,294.617,291.163,297.616,300.784,298.671,308.733,319.613,330.87,338.464,381.813,381.813,381.813,381.813,387.521,387.521,387.521,387.521,387.521,358.666,358.666,358.666,358.666,358.666,330.998,330.998,330.998,330.998,330.998,373.771,373.771,373.771,373.771,373.771,370.551,351.9202143,350.9028701,349.885526,348.8681818,347.8508377,346.8334935,345.8161494,344.7988052,343.781461,342.7641169,341.7467727,340.7294286,339.7120844,338.6947403,337.6773961,336.6600519,335.6427078,334.6253636,333.6080195,332.5906753,331.5733312,330.555987,329.5386429,328.5212987,327.5039545,326.4866104,325.4692662,324.4519221,323.4345779,322.4172338,321.3998896,320.3825455,319.3652013,318.3478571,317.330513,316.3131688,315.2958247,314.2784805
79,203.442,203.442,203.442,203.442,203.442,203.843,211.235,215.332,219.364,224.597,226.627,224.471,213.966,232.481,255.122,268.896,267.644,273.217,349.771,321.861,303.692,295.599,287.894,284.602,290.989,294.168,292.179,302.101,312.831,323.933,364.963,364.963,364.963,364.963,383.498,383.498,383.498,383.498,383.498,367.43,367.43,367.43,367.43,367.43,319.158,319.158,319.158,319.158,319.158,367.622,367.622,367.622,367.622,367.622,367.985,343.9320952,342.4864199,341.0407446,339.5950693,338.1493939,336.7037186,335.2580433,333.812368,332.3666926,330.9210173,329.475342,328.0296667,326.5839913,325.138316,323.6926407,322.2469654,320.80129,319.3556147,317.9099394,316.4642641,315.0185887,313.5729134,312.1272381,310.6815628,309.2358874,307.7902121,306.3445368,304.8988615,303.4531861,302.0075108,300.5618355,299.1161602,297.6704848,296.2248095,294.7791342,293.3334589,291.8877835,290.4421082
80,200.131,200.131,200.131,200.131,200.131,195.51,196.633,204,208.166,212.248,217.476,219.59,217.637,207.577,225.679,247.806,261.34,260.262,265.811,340.433,313.401,295.819,288.041,280.623,277.502,283.817,287.004,285.146,294.916,305.479,344.737,344.737,344.737,344.737,376.455,376.455,376.455,376.455,376.455,373.925,373.925,373.925,373.925,373.925,320.309,320.309,320.309,320.309,320.309,361.907,361.907,361.907,361.907,361.907,361.236,341.3691429,339.8303377,338.2915325,336.7527273,335.2139221,333.6751169,332.1363117,330.5975065,329.0587013,327.5198961,325.9810909,324.4422857,322.9034805,321.3646753,319.8258701,318.2870649,316.7482597,315.2094545,313.6706494,312.1318442,310.593039,309.0542338,307.5154286,305.9766234,304.4378182,302.899013,301.3602078,299.8214026,298.2825974,296.7437922,295.204987,293.6661818,292.1273766,290.5885714,289.0497662,287.510961,285.9721558,284.4333506
81,193.056,193.056,193.056,193.056,193.056,191.273,187.671,189.014,196.341,200.568,204.692,209.905,212.099,210.353,200.758,218.411,239.978,253.244,252.346,257.86,330.399,304.302,287.345,279.9,272.788,269.85,276.083,279.277,277.557,287.157,322.675,322.675,322.675,322.675,369.864,369.864,369.864,369.864,369.864,356.346,356.346,356.346,356.346,356.346,319.169,319.169,319.169,319.169,319.169,353.548,353.548,353.548,353.548,353.548,354.868,335.330619,333.9991905,332.6677619,331.3363333,330.0049048,328.6734762,327.3420476,326.010619,324.6791905,323.3477619,322.0163333,320.6849048,319.3534762,318.0220476,316.690619,315.3591905,314.0277619,312.6963333,311.3649048,310.0334762,308.7020476,307.370619,306.0391905,304.7077619,303.3763333,302.0449048,300.7134762,299.3820476,298.050619,296.7191905,295.3877619,294.0563333,292.7249048,291.3934762,290.0620476,288.730619,287.3991905,286.0677619
82,182.594,182.594,182.594,182.594,182.594,183.353,182.556,179.417,180.976,188.243,192.519,196.678,201.863,204.131,202.596,193.488,210.651,231.61,244.578,243.862,249.328,319.625,294.522,278.231,271.138,264.35,261.605,267.746,270.943,269.371,306.747,306.747,306.747,306.747,356.045,356.045,356.045,356.045,356.045,355.721,355.721,355.721,355.721,355.721,317.148,317.148,317.148,317.148,317.148,329.289,329.289,329.289,329.289,329.289,345.832,319.5255714,317.6779091,315.8302468,313.9825844,312.1349221,310.2872597,308.4395974,306.5919351,304.7442727,302.8966104,301.0489481,299.2012857,297.3536234,295.505961,293.6582987,291.8106364,289.962974,288.1153117,286.2676494,284.419987,282.5723247,280.7246623,278.877,277.0293377,275.1816753,273.334013,271.4863506,269.6386883,267.791026,265.9433636,264.0957013,262.248039,260.4003766,258.5527143,256.7050519,254.8573896,253.0097273,251.1620649
83,167.318,167.318,167.318,167.318,167.318,172.187,173.871,173.44,170.765,172.529,179.717,184.032,188.211,193.355,195.69,194.367,185.765,202.398,222.699,235.336,234.802,240.208,308.098,284.048,268.462,261.741,255.295,252.752,258.791,261.987,290.065,290.065,290.065,290.065,337.331,337.331,337.331,337.331,337.331,344.887,344.887,344.887,344.887,344.887,321.458,321.458,321.458,321.458,321.458,298.597,298.597,298.597,298.597,298.597,321.227,299.8072381,297.4841212,295.1610043,292.8378874,290.5147706,288.1916537,285.8685368,283.5454199,281.222303,278.8991861,276.5760693,274.2529524,271.9298355,269.6067186,267.2836017,264.9604848,262.637368,260.3142511,257.9911342,255.6680173,253.3449004,251.0217835,248.6986667,246.3755498,244.0524329,241.729316,239.4061991,237.0830823,234.7599654,232.4368485,230.1137316,227.7906147,225.4674978,223.144381,220.8212641,218.4981472,216.1750303,213.8519134
84,153.036,153.036,153.036,153.036,153.036,156.52,162.09,164.022,163.948,161.733,163.692,170.777,175.114,179.3,184.386,186.78,185.67,177.594,193.65,213.241,225.514,225.16,230.491,295.803,272.867,258.026,251.695,245.61,243.278,249.204,269.858,269.858,269.858,269.858,317.588,317.588,317.588,317.588,317.588,336.471,336.471,336.471,336.471,336.471,324.883,324.883,324.883,324.883,324.883,284.302,284.302,284.302,284.302,284.302,290.397,291.0691667,288.9299264,286.7906861,284.6514459,282.5122056,280.3729654,278.2337251,276.0944848,273.9552446,271.8160043,269.6767641,267.5375238,265.3982835,263.2590433,261.119803,258.9805628,256.8413225,254.7020823,252.562842,250.4236017,248.2843615,246.1451212,244.005881,241.8666407,239.7274004,237.5881602,235.4489199,233.3096797,231.1704394,229.0311991,226.8919589,224.7527186,222.6134784,220.4742381,218.3349978,216.1957576,214.0565173,211.9172771
85,141.339,141.339,141.339,141.339,141.339,141.864,146.111,151.662,153.82,154.089,152.328,154.464,161.423,165.763,169.94,174.953,177.394,176.495,168.96,184.396,203.222,215.093,214.917,220.156,282.714,260.951,246.895,240.972,235.266,233.154,249.801,249.801,249.801,249.801,294.868,294.868,294.868,294.868,294.868,325.001,325.001,325.001,325.001,325.001,325.625,325.625,325.625,325.625,325.625,281.244,281.244,281.244,281.244,281.244,275.524,293.5620238,292.5039654,291.4459069,290.3878485,289.32979,288.2717316,287.2136732,286.1556147,285.0975563,284.0394978,282.9814394,281.923381,280.8653225,279.8072641,278.7492056,277.6911472,276.6330887,275.5750303,274.5169719,273.4589134,272.400855,271.3427965,270.2847381,269.2266797,268.1686212,267.1105628,266.0525043,264.9944459,263.9363874,262.878329,261.8202706,260.7622121,259.7041537,258.6460952,257.5880368,256.5299784,255.4719199,254.4138615
86,130.435,130.435,130.435,130.435,130.435,129.695,131.196,135.455,140.954,143.314,143.905,142.585,144.882,151.686,156.009,160.159,165.077,167.552,166.862,159.883,174.653,192.656,204.087,204.083,209.212,268.843,248.31,235.077,229.577,224.268,230.292,230.292,230.292,230.292,270.678,270.678,270.678,270.678,270.678,313.492,313.492,313.492,313.492,313.492,305.004,305.004,305.004,305.004,305.004,275.73,275.73,275.73,275.73,275.73,271.474,288.6544286,288.5061558,288.3578831,288.2096104,288.0613377,287.9130649,287.7647922,287.6165195,287.4682468,287.319974,287.1717013,287.0234286,286.8751558,286.7268831,286.5786104,286.4303377,286.2820649,286.1337922,285.9855195,285.8372468,285.688974,285.5407013,285.3924286,285.2441558,285.0958831,284.9476104,284.7993377,284.6510649,284.5027922,284.3545195,284.2062468,284.057974,283.9097013,283.7614286,283.6131558,283.4648831,283.3166104,283.1683377
87,117.686,117.686,117.686,117.686,117.686,118.349,118.698,120.384,124.623,130.034,132.566,133.457,132.557,134.992,141.611,145.895,149.997,154.799,157.293,156.807,150.395,164.452,181.577,192.53,192.69,197.688,254.222,234.972,222.596,217.533,219.63,219.63,219.63,219.63,251.707,251.707,251.707,251.707,251.707,295.596,295.596,295.596,295.596,295.596,298.59,298.59,298.59,298.59,298.59,269.012,269.012,269.012,269.012,269.012,264.967,285.910619,286.6233074,287.3359957,288.048684,288.7613723,289.4740606,290.1867489,290.8994372,291.6121255,292.3248139,293.0375022,293.7501905,294.4628788,295.1755671,295.8882554,296.6009437,297.313632,298.0263203,298.7390087,299.451697,300.1643853,300.8770736,301.5897619,302.3024502,303.0151385,303.7278268,304.4405152,305.1532035,305.8658918,306.5785801,307.2912684,308.0039567,308.716645,309.4293333,310.1420216,310.85471,311.5673983,312.2800866
88,106.335,106.335,106.335,106.335,106.335,105.457,107.067,107.674,109.511,113.694,118.979,121.648,122.809,122.306,124.854,131.253,135.472,139.503,144.167,146.664,146.372,140.533,153.833,170.025,180.461,180.776,185.623,238.896,220.976,209.489,204.32,204.32,204.32,204.32,232.186,232.186,232.186,232.186,232.186,273.584,273.584,273.584,273.584,273.584,283.176,283.176,283.176,283.176,283.176,267.062,267.062,267.062,267.062,267.062,257.218,283.1062381,284.872355,286.6384719,288.4045887,290.1707056,291.9368225,293.7029394,295.4690563,297.2351732,299.00129,300.7674069,302.5335238,304.2996407,306.0657576,307.8318745,309.5979913,311.3641082,313.1302251,314.896342,316.6624589,318.4285758,320.1946926,321.9608095,323.7269264,325.4930433,327.2591602,329.0252771,330.7913939,332.5575108,334.3236277,336.0897446,337.8558615,339.6219784,341.3880952,343.1542121,344.920329,346.6864459,348.4525628
89,94.569,94.569,94.569,94.569,94.569,93.981,94.197,95.9,96.726,98.677,102.766,107.887,110.655,112.051,111.914,114.542,120.691,124.818,128.751,133.253,135.733,135.623,130.359,142.859,158.069,167.949,168.406,173.079,222.945,206.394,186.45,186.45,186.45,186.45,210.042,210.042,210.042,210.042,210.042,250.875,250.875,250.875,250.875,250.875,269.509,269.509,269.509,269.509,269.509,263.658,263.658,263.658,263.658,263.658,253.92,281.5997381,284.5835238,287.5673095,290.5510952,293.534881,296.5186667,299.5024524,302.4862381,305.4700238,308.4538095,311.4375952,314.421381,317.4051667,320.3889524,323.3727381,326.3565238,329.3403095,332.3240952,335.307881,338.2916667,341.2754524,344.2592381,347.2430238,350.2268095,353.2105952,356.194381,359.1781667,362.1619524,365.1457381,368.1295238,371.1133095,374.0970952,377.080881,380.0646667,383.0484524,386.0322381,389.0160238,391.9998095
90-94,287.232,287.232,287.232,287.232,287.232,298.721,309.034,311.922,313.933,317.539,324.08,333.847,347.443,361.756,375.787,387.646,399.087,412.85,427.861,444.352,463.299,481.199,494.008,498.48,511.867,535.774,565.525,593.186,625.322,693.804,773.248,773.248,773.248,773.248,765.462,765.462,765.462,765.462,765.462,903.386,903.386,903.386,903.386,903.386,1065.378,1065.378,1065.378,1065.378,1065.378,1101.03,1101.03,1101.03,1101.03,1101.03,1098.236,1194.066286,1214.849299,1235.632312,1256.415325,1277.198338,1297.981351,1318.764364,1339.547377,1360.33039,1381.113403,1401.896416,1422.679429,1443.462442,1464.245455,1485.028468,1505.811481,1526.594494,1547.377506,1568.160519,1588.943532,1609.726545,1630.509558,1651.292571,1672.075584,1692.858597,1713.64161,1734.424623,1755.207636,1775.990649,1796.773662,1817.556675,1838.339688,1859.122701,1879.905714,1900.688727,1921.47174,1942.254753,1963.037766
95-99,73.649,73.649,73.649,73.649,73.649,71.257,73.643,82.363,92.444,100.768,107.026,111.955,115.038,118.316,122.31,127.58,134.565,143.557,153.133,162.688,171.332,180.109,190.44,201.344,212.726,224.929,236.26,244.84,248.762,258.052,326.898,326.898,326.898,326.898,415.038,415.038,415.038,415.038,415.038,428.673,428.673,428.673,428.673,428.673,523.904,523.904,523.904,523.904,523.904,636.458,636.458,636.458,636.458,636.458,649.5,664.923881,679.1816147,693.4393485,707.6970823,721.954816,736.2125498,750.4702835,764.7280173,778.9857511,793.2434848,807.5012186,821.7589524,836.0166861,850.2744199,864.5321537,878.7898874,893.0476212,907.305355,921.5630887,935.8208225,950.0785563,964.33629,978.5940238,992.8517576,1007.109491,1021.367225,1035.624959,1049.882693,1064.140426,1078.39816,1092.655894,1106.913628,1121.171361,1135.429095,1149.686829,1163.944563,1178.202297,1192.46003
100&over,11.41,11.41,11.41,11.41,11.41,11.764,12.631,13.369,13.926,14.247,14.484,15.569,18.174,21.015,23.278,24.986,26.633,28.293,30.194,32.277,34.728,37.844,41.751,46.044,50.497,54.84,59.542,65.14,71.058,77.144,98.017,98.017,98.017,98.017,139.017,139.017,139.017,139.017,139.017,188.34,188.34,188.34,188.34,188.34,216.548,216.548,216.548,216.548,216.548,276.941,276.941,276.941,276.941,276.941,293.045,300.8666905,309.1823853,317.4980801,325.8137749,334.1294697,342.4451645,350.7608593,359.0765541,367.3922489,375.7079437,384.0236385,392.3393333,400.6550281,408.9707229,417.2864177,425.6021126,433.9178074,442.2335022,450.549197,458.8648918,467.1805866,475.4962814,483.8119762,492.127671,500.4433658,508.7590606,517.0747554,525.3904502,533.706145,542.0218398,550.3375346,558.6532294,566.9689242,575.284619,583.6003139,591.9160087,600.2317035,608.5473983
