Age,2008,2009,2010,2011,2012,2013,2014,2015,2016,2017,2018,2019,2020,2021,2022,2023,2024,2025,2026,2027,2028,2029,2030,2031,2032,2033,2034,2035,2036,2037,2038,2039,2040,2041,2042,2043,2044,2045,2046,2047,2048,2049,2050,2051,2052,2053,2054,2055,2056,2057,2058,2059,2060,2061,2062,2063,2064,2065,2066,2067,2068,2069,2070,2071,2072,2073,2074,2075,2076,2077,2078,2079,2080,2081,2082,2083,2084,2085,2086,2087,2088,2089,2090,2091,2092,2093,2094,2095,2096,2097,2098,2099,2100
15,2.535897107,2.535897107,2.535897107,2.535897107,2.535897107,2.395318267,2.353245483,2.315309333,2.269737767,2.226395888,2.184259102,2.145710137,2.107548068,2.073037999,2.039443035,2.026039972,2.024936004,2.027775754,2.026091501,2.023717068,2.026192736,2.02510987,2.020570148,2.024451618,2.022736047,2.020794468,2.018663393,2.01839254,2.01671451,2.013676532,2.013676532,2.013676532,2.013676532,2.019687541,2.019687541,2.019687541,2.019687541,2.019687541,2.019432035,2.019432035,2.019432035,2.019432035,2.019432035,2.021405107,2.021405107,2.021405107,2.021405107,2.021405107,2.017559366,2.017559366,2.017559366,2.017559366,2.017559366,2.018578441,2.019164807,2.019160659,2.019156511,2.019152363,2.019148215,2.019144067,2.019139919,2.019135771,2.019131622,2.019127474,2.019123326,2.019119178,2.01911503,2.019110882,2.019106734,2.019102586,2.019098438,2.01909429,2.019090142,2.019085994,2.019081846,2.019077698,2.019073549,2.019069401,2.019065253,2.019061105,2.019056957,2.019052809,2.019048661,2.019044513,2.019040365,2.019036217,2.019032069,2.019027921,2.019023773,2.019019625,2.019015476,2.019011328,2.01900718
16,6.911403282,6.911403282,6.911403282,6.911403282,6.911403282,6.658444375,6.545918661,6.427564622,6.314307064,6.198197986,6.083251354,5.972100314,5.863184837,5.761176286,5.672330161,5.635865348,5.633072439,5.633102342,5.632505313,5.63141153,5.629534472,5.626717802,5.62399306,5.621849134,5.622425672,5.620676816,5.620205239,5.618660436,5.617369842,5.62044981,5.62044981,5.62044981,5.62044981,5.620437315,5.620437315,5.620437315,5.620437315,5.620437315,5.622703823,5.622703823,5.622703823,5.622703823,5.622703823,5.620324492,5.620324492,5.620324492,5.620324492,5.620324492,5.622712458,5.622712458,5.622712458,5.622712458,5.622712458,5.620233781,5.622127494,5.622187695,5.622247896,5.622308097,5.622368298,5.622428499,5.622488699,5.6225489,5.622609101,5.622669302,5.622729503,5.622789704,5.622849905,5.622910106,5.622970307,5.623030508,5.623090709,5.62315091,5.623211111,5.623271311,5.623331512,5.623391713,5.623451914,5.623512115,5.623572316,5.623632517,5.623692718,5.623752919,5.62381312,5.623873321,5.623933522,5.623993723,5.624053924,5.624114124,5.624174325,5.624234526,5.624294727,5.624354928,5.624415129
17,16.96378187,16.96378187,16.96378187,16.96378187,16.96378187,16.63696886,16.55385216,16.46931555,16.18492925,15.90568648,15.62193282,15.35385327,15.10559678,14.85974521,14.64885708,14.54971328,14.53105715,14.5280472,14.51973006,14.51239933,14.50847208,14.50092883,14.49525539,14.49055449,14.48740835,14.4912436,14.48842785,14.48926443,14.48913987,14.49353846,14.49353846,14.49353846,14.49353846,14.49717972,14.49717972,14.49717972,14.49717972,14.49717972,14.49497804,14.49497804,14.49497804,14.49497804,14.49497804,14.48650807,14.48650807,14.48650807,14.48650807,14.48650807,14.48778124,14.48778124,14.48778124,14.48778124,14.48778124,14.48714067,14.48467151,14.48407807,14.48348462,14.48289118,14.48229773,14.48170429,14.48111085,14.4805174,14.47992396,14.47933052,14.47873707,14.47814363,14.47755019,14.47695674,14.4763633,14.47576985,14.47517641,14.47458297,14.47398952,14.47339608,14.47280264,14.47220919,14.47161575,14.4710223,14.47042886,14.46983542,14.46924197,14.46864853,14.46805509,14.46746164,14.4668682,14.46627475,14.46568131,14.46508787,14.46449442,14.46390098,14.46330754,14.46271409,14.46212065
18,27.91020579,27.91020579,27.91020579,27.91020579,27.91020579,27.84573758,27.24691629,26.76515097,26.30662256,25.84541863,25.39019082,24.96702838,24.58336982,24.20487802,23.87313231,23.69803002,23.66015977,23.63504979,23.62390443,23.60947435,23.60515552,23.59058959,23.58089189,23.5736396,23.57052742,23.56809149,23.56717716,23.5677284,23.56478254,23.57168523,23.57168523,23.57168523,23.57168523,23.57315202,23.57315202,23.57315202,23.57315202,23.57315202,23.56814705,23.56814705,23.56814705,23.56814705,23.56814705,23.56519266,23.56519266,23.56519266,23.56519266,23.56519266,23.55877461,23.55877461,23.55877461,23.55877461,23.55877461,23.56109448,23.55739746,23.5566213,23.55584515,23.55506899,23.55429284,23.55351668,23.55274053,23.55196437,23.55118822,23.55041206,23.5496359,23.54885975,23.54808359,23.54730744,23.54653128,23.54575513,23.54497897,23.54420282,23.54342666,23.54265051,23.54187435,23.54109819,23.54032204,23.53954588,23.53876973,23.53799357,23.53721742,23.53644126,23.53566511,23.53488895,23.5341128,23.53333664,23.53256049,23.53178433,23.53100817,23.53023202,23.52945586,23.52867971,23.52790355
19,40.39330789,40.39330789,40.39330789,40.39330789,40.39330789,39.78437651,38.91394941,38.19146249,37.59596529,37.0265593,36.45924485,35.95731443,35.51551095,35.07790949,34.65535109,34.3978263,34.31507721,34.25799021,34.23242622,34.21526082,34.19229341,34.18605727,34.17178091,34.15027811,34.14310348,34.13914874,34.13479447,34.13451804,34.13294943,34.14271853,34.14271853,34.14271853,34.14271853,34.14522387,34.14522387,34.14522387,34.14522387,34.14522387,34.13826596,34.13826596,34.13826596,34.13826596,34.13826596,34.12799867,34.12799867,34.12799867,34.12799867,34.12799867,34.11609363,34.11609363,34.11609363,34.11609363,34.11609363,34.1162857,34.1122199,34.11052789,34.10883589,34.10714389,34.10545188,34.10375988,34.10206787,34.10037587,34.09868386,34.09699186,34.09529986,34.09360785,34.09191585,34.09022384,34.08853184,34.08683983,34.08514783,34.08345583,34.08176382,34.08007182,34.07837981,34.07668781,34.0749958,34.0733038,34.0716118,34.06991979,34.06822779,34.06653578,34.06484378,34.06315177,34.06145977,34.05976776,34.05807576,34.05638376,34.05469175,34.05299975,34.05130774,34.04961574,34.04792373
20,50.33948422,50.33948422,50.33948422,50.33948422,50.33948422,49.790102,48.88322453,48.4894679,48.21948636,47.98950422,47.76585987,47.62488442,47.54995587,47.48157162,47.42246871,47.32556669,47.2100644,47.13733672,47.09451032,47.05934528,47.03074087,47.01996959,47.01176132,46.99550129,46.9896722,46.97915261,46.97418887,46.97227139,46.9684947,46.96552033,46.96552033,46.96552033,46.96552033,46.96855241,46.96855241,46.96855241,46.96855241,46.96855241,46.96835895,46.96835895,46.96835895,46.96835895,46.96835895,46.97405276,46.97405276,46.97405276,46.97405276,46.97405276,46.971047,46.971047,46.971047,46.971047,46.971047,46.97336117,46.97361465,46.97389365,46.97417264,46.97445163,46.97473063,46.97500962,46.97528861,46.97556761,46.9758466,46.97612559,46.97640459,46.97668358,46.97696257,46.97724157,46.97752056,46.97779955,46.97807855,46.97835754,46.97863653,46.97891553,46.97919452,46.97947351,46.97975251,46.9800315,46.98031049,46.98058949,46.98086848,46.98114747,46.98142647,46.98170546,46.98198445,46.98226345,46.98254244,46.98282143,46.98310043,46.98337942,46.98365841,46.98393741,46.9842164
21,57.46847041,57.46847041,57.46847041,57.46847041,57.46847041,57.24053421,56.43633851,55.75098472,55.45891871,55.26319746,55.14058175,55.0459658,54.9718011,54.90420514,54.83810207,54.74255792,54.60754543,54.49294331,54.41854265,54.37200324,54.3346373,54.30840536,54.29724713,54.28427788,54.27080447,54.26599602,54.25984489,54.25362394,54.25353898,54.24699127,54.24699127,54.24699127,54.24699127,54.24443085,54.24443085,54.24443085,54.24443085,54.24443085,54.24844021,54.24844021,54.24844021,54.24844021,54.24844021,54.25140625,54.25140625,54.25140625,54.25140625,54.25140625,54.25148478,54.25148478,54.25148478,54.25148478,54.25148478,54.25038024,54.25329635,54.25367713,54.25405791,54.25443869,54.25481948,54.25520026,54.25558104,54.25596182,54.2563426,54.25672338,54.25710417,54.25748495,54.25786573,54.25824651,54.25862729,54.25900807,54.25938885,54.25976964,54.26015042,54.2605312,54.26091198,54.26129276,54.26167354,54.26205433,54.26243511,54.26281589,54.26319667,54.26357745,54.26395823,54.26433901,54.2647198,54.26510058,54.26548136,54.26586214,54.26624292,54.2666237,54.26700449,54.26738527,54.26776605
22,67.8720529,67.8720529,67.8720529,67.8720529,67.8720529,67.27903954,66.49011589,65.80501121,65.21699462,64.95037758,64.77413956,64.6828031,64.63307031,64.603508,64.56747906,64.48647388,64.36557304,64.24173022,64.13318575,64.06679979,64.01458157,63.98456606,63.95335837,63.93785269,63.92566912,63.91802153,63.92048069,63.91366207,63.9168621,63.90424391,63.90424391,63.90424391,63.90424391,63.89985238,63.89985238,63.89985238,63.89985238,63.89985238,63.90278439,63.90278439,63.90278439,63.90278439,63.90278439,63.91471842,63.91471842,63.91471842,63.91471842,63.91471842,63.92147692,63.92147692,63.92147692,63.92147692,63.92147692,63.92057471,63.9246493,63.92592719,63.92720507,63.92848296,63.92976085,63.93103874,63.93231662,63.93359451,63.9348724,63.93615028,63.93742817,63.93870606,63.93998395,63.94126183,63.94253972,63.94381761,63.94509549,63.94637338,63.94765127,63.94892916,63.95020704,63.95148493,63.95276282,63.9540407,63.95531859,63.95659648,63.95787436,63.95915225,63.96043014,63.96170803,63.96298591,63.9642638,63.96554169,63.96681957,63.96809746,63.96937535,63.97065324,63.97193112,63.97320901
23,75.46266826,75.46266826,75.46266826,75.46266826,75.46266826,74.97208158,73.70897379,73.02309291,72.41550643,71.88808113,71.66202874,71.53884935,71.50139796,71.48931745,71.48836875,71.42681654,71.31061819,71.19826264,71.08294137,70.98045744,70.91467649,70.88064118,70.84938148,70.80735567,70.79691,70.79217863,70.78338356,70.79155443,70.79343988,70.78375097,70.78375097,70.78375097,70.78375097,70.77444095,70.77444095,70.77444095,70.77444095,70.77444095,70.77418304,70.77418304,70.77418304,70.77418304,70.77418304,70.78552435,70.78552435,70.78552435,70.78552435,70.78552435,70.79691759,70.79691759,70.79691759,70.79691759,70.79691759,70.79819967,70.79827056,70.79955384,70.80083713,70.80212042,70.80340371,70.804687,70.80597028,70.80725357,70.80853686,70.80982015,70.81110344,70.81238673,70.81367001,70.8149533,70.81623659,70.81751988,70.81880317,70.82008645,70.82136974,70.82265303,70.82393632,70.82521961,70.8265029,70.82778618,70.82906947,70.83035276,70.83163605,70.83291934,70.83420263,70.83548591,70.8367692,70.83805249,70.83933578,70.84061907,70.84190235,70.84318564,70.84446893,70.84575222,70.84703551
24,83.23025087,83.23025087,83.23025087,83.23025087,83.23025087,83.35108515,82.31941112,81.34814025,80.82223673,80.35322542,79.95910647,79.830621,79.7990194,79.8180929,79.84130255,79.81549861,79.71725548,79.60610614,79.50940781,79.40381866,79.31612982,79.27138003,79.23803388,79.20364258,79.16640048,79.15828126,79.15611814,79.15154625,79.17206385,79.16096166,79.16096166,79.16096166,79.16096166,79.14507973,79.14507973,79.14507973,79.14507973,79.14507973,79.14079423,79.14079423,79.14079423,79.14079423,79.14079423,79.151551,79.151551,79.151551,79.151551,79.151551,79.16778556,79.16778556,79.16778556,79.16778556,79.16778556,79.17133954,79.16687187,79.16810835,79.16934482,79.17058129,79.17181776,79.17305423,79.17429071,79.17552718,79.17676365,79.17800012,79.17923659,79.18047307,79.18170954,79.18294601,79.18418248,79.18541895,79.18665543,79.1878919,79.18912837,79.19036484,79.19160131,79.19283779,79.19407426,79.19531073,79.1965472,79.19778367,79.19902015,79.20025662,79.20149309,79.20272956,79.20396604,79.20520251,79.20643898,79.20767545,79.20891192,79.2101484,79.21138487,79.21262134,79.21385781
25,90.62698098,90.62698098,90.62698098,90.62698098,90.62698098,91.26306224,91.17131102,90.65473734,90.08712516,89.79837049,89.47231424,88.95406012,88.44854933,88.01812929,87.63639773,87.41041368,87.3399635,87.23460264,87.12350347,87.02165257,86.92414464,86.84604497,86.80217054,86.76793659,86.73459461,86.70080571,86.69611676,86.70185132,86.70297544,86.71666995,86.71666995,86.71666995,86.71666995,86.69013181,86.69013181,86.69013181,86.69013181,86.69013181,86.68190161,86.68190161,86.68190161,86.68190161,86.68190161,86.68626815,86.68626815,86.68626815,86.68626815,86.68626815,86.70459322,86.70459322,86.70459322,86.70459322,86.70459322,86.70565543,86.69883156,86.69937501,86.69991847,86.70046193,86.70100539,86.70154885,86.7020923,86.70263576,86.70317922,86.70372268,86.70426614,86.7048096,86.70535305,86.70589651,86.70643997,86.70698343,86.70752689,86.70807034,86.7086138,86.70915726,86.70970072,86.71024418,86.71078763,86.71133109,86.71187455,86.71241801,86.71296147,86.71350493,86.71404838,86.71459184,86.7151353,86.71567876,86.71622222,86.71676567,86.71730913,86.71785259,86.71839605,86.71893951,86.71948296
26,96.35729992,96.35729992,96.35729992,96.35729992,96.35729992,97.23981792,97.37109127,97.50086051,97.20257452,96.7854981,96.55752785,96.11471536,95.52959194,95.08932516,94.67830494,94.44766436,94.37588303,94.30078949,94.19966844,94.10437221,94.01511586,93.94352561,93.88561615,93.84125569,93.81441255,93.79119416,93.76440406,93.76175024,93.76982419,93.77346233,93.77346233,93.77346233,93.77346233,93.75940276,93.75940276,93.75940276,93.75940276,93.75940276,93.74632403,93.74632403,93.74632403,93.74632403,93.74632403,93.74809048,93.74809048,93.74809048,93.74809048,93.74809048,93.75335676,93.75335676,93.75335676,93.75335676,93.75335676,93.75241365,93.74727865,93.74679795,93.74631726,93.74583656,93.74535587,93.74487517,93.74439448,93.74391378,93.74343309,93.74295239,93.7424717,93.741991,93.74151031,93.74102961,93.74054892,93.74006822,93.73958753,93.73910683,93.73862614,93.73814544,93.73766475,93.73718405,93.73670336,93.73622266,93.73574197,93.73526127,93.73478058,93.73429988,93.73381919,93.73333849,93.7328578,93.7323771,93.73189641,93.73141571,93.73093502,93.73045432,93.72997362,93.72949293,93.72901223
27,102.7309834,102.7309834,102.7309834,102.7309834,102.7309834,104.0108473,104.3797291,104.6344911,104.7438509,104.4817655,104.1256358,103.7236235,103.1554473,102.6121881,102.1549688,101.8918638,101.8140211,101.7321266,101.654593,101.5588602,101.4697292,101.4048623,101.3406209,101.2845529,101.251635,101.2292908,101.2141621,101.196471,101.2017018,101.2132647,101.2132647,101.2132647,101.2132647,101.1978848,101.1978848,101.1978848,101.1978848,101.1978848,101.1818452,101.1818452,101.1818452,101.1818452,101.1818452,101.1772656,101.1772656,101.1772656,101.1772656,101.1772656,101.178504,101.178504,101.178504,101.178504,101.178504,101.1800109,101.1703184,101.1690387,101.167759,101.1664793,101.1651995,101.1639198,101.1626401,101.1613604,101.1600807,101.158801,101.1575212,101.1562415,101.1549618,101.1536821,101.1524024,101.1511226,101.1498429,101.1485632,101.1472835,101.1460038,101.1447241,101.1434443,101.1421646,101.1408849,101.1396052,101.1383255,101.1370458,101.135766,101.1344863,101.1332066,101.1319269,101.1306472,101.1293674,101.1280877,101.126808,101.1255283,101.1242486,101.1229689,101.1216891
28,108.9550362,108.9550362,108.9550362,108.9550362,108.9550362,110.043772,110.5627415,110.8894851,111.0989198,111.2107603,111.0669968,110.6461219,110.1662946,109.7108718,109.237223,108.9821492,108.9269956,108.8753825,108.823295,108.7721467,108.710829,108.6709244,108.6442887,108.6080034,108.5762296,108.5503783,108.5355732,108.5357212,108.5284104,108.5350441,108.5350441,108.5350441,108.5350441,108.5229725,108.5229725,108.5229725,108.5229725,108.5229725,108.5066204,108.5066204,108.5066204,108.5066204,108.5066204,108.4917567,108.4917567,108.4917567,108.4917567,108.4917567,108.4884084,108.4884084,108.4884084,108.4884084,108.4884084,108.4910592,108.4781602,108.4759651,108.4737699,108.4715748,108.4693797,108.4671845,108.4649894,108.4627943,108.4605991,108.458404,108.4562089,108.4540137,108.4518186,108.4496234,108.4474283,108.4452332,108.443038,108.4408429,108.4386478,108.4364526,108.4342575,108.4320624,108.4298672,108.4276721,108.425477,108.4232818,108.4210867,108.4188916,108.4166964,108.4145013,108.4123062,108.410111,108.4079159,108.4057208,108.4035256,108.4013305,108.3991354,108.3969402,108.3947451
29,113.0416903,113.0416903,113.0416903,113.0416903,113.0416903,113.929507,114.3163075,114.7997332,115.1692307,115.4322799,115.5925869,115.3593224,114.9118589,114.5448193,114.1661625,113.9429632,113.9103289,113.8861023,113.8685689,113.8444878,113.8184681,113.7831201,113.7424496,113.6949725,113.6519983,113.620076,113.5944859,113.593226,113.6058032,113.6047142,113.6047142,113.6047142,113.6047142,113.5852121,113.5852121,113.5852121,113.5852121,113.5852121,113.5719985,113.5719985,113.5719985,113.5719985,113.5719985,113.5544246,113.5544246,113.5544246,113.5544246,113.5544246,113.5402657,113.5402657,113.5402657,113.5402657,113.5402657,113.5404368,113.5303405,113.5274268,113.5245131,113.5215994,113.5186857,113.515772,113.5128583,113.5099446,113.5070309,113.5041172,113.5012035,113.4982899,113.4953762,113.4924625,113.4895488,113.4866351,113.4837214,113.4808077,113.477894,113.4749803,113.4720666,113.4691529,113.4662392,113.4633255,113.4604118,113.4574981,113.4545844,113.4516707,113.448757,113.4458434,113.4429297,113.440016,113.4371023,113.4341886,113.4312749,113.4283612,113.4254475,113.4225338,113.4196201
30,115.4290869,115.4290869,115.4290869,115.4290869,115.4290869,116.3745782,116.7785143,117.2678539,117.6917753,118.0987215,118.5055491,118.8929932,119.2408014,119.5432915,119.8305275,120.0168091,120.0703863,120.0758085,120.0701878,120.0685189,120.0614815,120.0611105,120.0393564,120.0052823,119.9833669,119.9603351,119.9395434,119.930281,119.9432637,119.9642446,119.9642446,119.9642446,119.9642446,119.942763,119.942763,119.942763,119.942763,119.942763,119.9255425,119.9255425,119.9255425,119.9255425,119.9255425,119.9010669,119.9010669,119.9010669,119.9010669,119.9010669,119.8852351,119.8852351,119.8852351,119.8852351,119.8852351,119.883842,119.8716424,119.8679073,119.8641721,119.860437,119.8567018,119.8529667,119.8492316,119.8454964,119.8417613,119.8380261,119.834291,119.8305558,119.8268207,119.8230856,119.8193504,119.8156153,119.8118801,119.808145,119.8044099,119.8006747,119.7969396,119.7932044,119.7894693,119.7857341,119.781999,119.7782639,119.7745287,119.7707936,119.7670584,119.7633233,119.7595881,119.755853,119.7521179,119.7483827,119.7446476,119.7409124,119.7371773,119.7334421,119.729707
31,118.4240954,118.4240954,118.4240954,118.4240954,118.4240954,119.424199,119.7555774,120.1819531,120.5456542,120.8672774,121.1682048,121.5242544,121.9142135,122.3174256,122.7045977,122.9601568,123.1364414,123.2527749,123.2955197,123.318259,123.3354092,123.3620709,123.377536,123.3686611,123.3562538,123.3553834,123.3476694,123.3457393,123.3444926,123.3825422,123.3825422,123.3825422,123.3825422,123.3763636,123.3763636,123.3763636,123.3763636,123.3763636,123.3509178,123.3509178,123.3509178,123.3509178,123.3509178,123.327521,123.327521,123.327521,123.327521,123.327521,123.3165025,123.3165025,123.3165025,123.3165025,123.3165025,123.3147775,123.3011646,123.2974957,123.2938269,123.290158,123.2864891,123.2828203,123.2791514,123.2754825,123.2718137,123.2681448,123.2644759,123.2608071,123.2571382,123.2534693,123.2498005,123.2461316,123.2424627,123.2387939,123.235125,123.2314561,123.2277873,123.2241184,123.2204496,123.2167807,123.2131118,123.209443,123.2057741,123.2021052,123.1984364,123.1947675,123.1910986,123.1874298,123.1837609,123.180092,123.1764232,123.1727543,123.1690854,123.1654166,123.1617477
32,113.6762519,113.6762519,113.6762519,113.6762519,113.6762519,114.6756856,114.8511238,115.1475861,115.4560428,115.7416413,115.9242435,116.1804418,116.5513825,116.9362205,117.367435,117.7103979,117.9075287,118.0969354,118.2384324,118.2947386,118.3281341,118.3699361,118.4048574,118.4065071,118.3885734,118.3945743,118.4063988,118.4039407,118.3983444,118.4327536,118.4327536,118.4327536,118.4327536,118.4323218,118.4323218,118.4323218,118.4323218,118.4323218,118.409449,118.409449,118.409449,118.409449,118.409449,118.3883405,118.3883405,118.3883405,118.3883405,118.3883405,118.3717946,118.3717946,118.3717946,118.3717946,118.3717946,118.3686641,118.3588539,118.3552327,118.3516115,118.3479903,118.3443691,118.3407479,118.3371267,118.3335055,118.3298843,118.3262632,118.322642,118.3190208,118.3153996,118.3117784,118.3081572,118.304536,118.3009148,118.2972936,118.2936724,118.2900512,118.28643,118.2828088,118.2791876,118.2755665,118.2719453,118.2683241,118.2647029,118.2610817,118.2574605,118.2538393,118.2502181,118.2465969,118.2429757,118.2393545,118.2357333,118.2321121,118.228491,118.2248698,118.2212486
33,108.0215356,108.0215356,108.0215356,108.0215356,108.0215356,109.1595083,109.4001797,109.5020594,109.6898714,109.9318624,110.0994509,110.2083559,110.4598145,110.8223575,111.2030075,111.5853964,111.8879763,112.0949779,112.3144097,112.484428,112.5616338,112.6244649,112.6544369,112.6527236,112.6544411,112.6587098,112.6746477,112.6876285,112.6913099,112.7109287,112.7109287,112.7109287,112.7109287,112.7333696,112.7333696,112.7333696,112.7333696,112.7333696,112.7149545,112.7149545,112.7149545,112.7149545,112.7149545,112.6903532,112.6903532,112.6903532,112.6903532,112.6903532,112.6753229,112.6753229,112.6753229,112.6753229,112.6753229,112.6744948,112.6652878,112.6620503,112.6588128,112.6555753,112.6523377,112.6491002,112.6458627,112.6426252,112.6393877,112.6361501,112.6329126,112.6296751,112.6264376,112.6232001,112.6199626,112.616725,112.6134875,112.61025,112.6070125,112.603775,112.6005374,112.5972999,112.5940624,112.5908249,112.5875874,112.5843498,112.5811123,112.5778748,112.5746373,112.5713998,112.5681622,112.5649247,112.5616872,112.5584497,112.5552122,112.5519746,112.5487371,112.5454996,112.5422621
34,100.7268313,100.7268313,100.7268313,100.7268313,100.7268313,101.9706141,102.3497287,102.4661475,102.4772034,102.6477072,102.8132492,102.9385056,103.0360009,103.2646343,103.611956,103.9084695,104.2263011,104.5231432,104.733781,104.9630659,105.1533212,105.2576993,105.3082211,105.3168754,105.3315949,105.349373,105.3578896,105.3753989,105.3894199,105.4154458,105.4154458,105.4154458,105.4154458,105.4367924,105.4367924,105.4367924,105.4367924,105.4367924,105.4411829,105.4411829,105.4411829,105.4411829,105.4411829,105.4129652,105.4129652,105.4129652,105.4129652,105.4129652,105.400873,105.400873,105.400873,105.400873,105.400873,105.4025412,105.3978506,105.3957781,105.3937056,105.3916331,105.3895606,105.3874881,105.3854156,105.3833431,105.3812706,105.3791981,105.3771256,105.3750531,105.3729806,105.3709081,105.3688356,105.3667631,105.3646906,105.3626181,105.3605456,105.3584731,105.3564006,105.3543281,105.3522556,105.3501831,105.3481106,105.3460381,105.3439656,105.3418931,105.3398206,105.3377481,105.3356756,105.3336031,105.3315306,105.3294581,105.3273856,105.3253131,105.3232406,105.3211681,105.3190956
35,89.45590898,89.45590898,89.45590898,89.45590898,89.45590898,90.33470491,90.9887542,91.41102697,91.77176442,92.07227998,92.40523991,92.8170835,93.22846297,93.60049498,94.08332777,94.48303612,94.70213156,94.99958714,95.25685149,95.4036227,95.57268816,95.72899487,95.79742869,95.82369065,95.83278028,95.85450894,95.87397208,95.88404833,95.88994934,95.91976283,95.91976283,95.91976283,95.91976283,95.94195284,95.94195284,95.94195284,95.94195284,95.94195284,95.96566984,95.96566984,95.96566984,95.96566984,95.96566984,95.93741187,95.93741187,95.93741187,95.93741187,95.93741187,95.92751788,95.92751788,95.92751788,95.92751788,95.92751788,95.92929,95.93112795,95.93023072,95.92933348,95.92843625,95.92753901,95.92664178,95.92574455,95.92484731,95.92395008,95.92305285,95.92215561,95.92125838,95.92036115,95.91946391,95.91856668,95.91766945,95.91677221,95.91587498,95.91497774,95.91408051,95.91318328,95.91228604,95.91138881,95.91049158,95.90959434,95.90869711,95.90779988,95.90690264,95.90600541,95.90510818,95.90421094,95.90331371,95.90241647,95.90151924,95.90062201,95.89972477,95.89882754,95.89793031,95.89703307
36,75.68161053,75.68161053,75.68161053,75.68161053,75.68161053,76.56512969,77.12337504,77.54542672,77.88966631,78.0812317,78.24165527,78.58002627,78.96219938,79.30669543,79.58905484,79.82480958,79.99946918,80.17967955,80.4035503,80.60135028,80.72872701,80.89200997,81.03477055,81.0903006,81.12060199,81.13381827,81.15450832,81.17088475,81.17711214,81.20705454,81.20705454,81.20705454,81.20705454,81.23237297,81.23237297,81.23237297,81.23237297,81.23237297,81.26374389,81.26374389,81.26374389,81.26374389,81.26374389,81.23540847,81.23540847,81.23540847,81.23540847,81.23540847,81.22341982,81.22341982,81.22341982,81.22341982,81.22341982,81.21957717,81.22917276,81.22854211,81.22791145,81.22728079,81.22665013,81.22601947,81.22538881,81.22475815,81.22412749,81.22349684,81.22286618,81.22223552,81.22160486,81.2209742,81.22034354,81.21971288,81.21908223,81.21845157,81.21782091,81.21719025,81.21655959,81.21592893,81.21529827,81.21466761,81.21403696,81.2134063,81.21277564,81.21214498,81.21151432,81.21088366,81.210253,81.20962235,81.20899169,81.20836103,81.20773037,81.20709971,81.20646905,81.20583839,81.20520773
37,62.1935274,62.1935274,62.1935274,62.1935274,62.1935274,62.9263546,63.45729666,63.83164416,64.16303562,64.35045215,64.42704788,64.60465773,64.9256542,65.24765175,65.51721802,65.61511918,65.67439621,65.80005731,65.91470525,66.06945568,66.22239791,66.32922221,66.463245,66.57442308,66.62539185,66.64729935,66.66173834,66.67840706,66.68891465,66.72379643,66.72379643,66.72379643,66.72379643,66.73315764,66.73315764,66.73315764,66.73315764,66.73315764,66.7735951,66.7735951,66.7735951,66.7735951,66.7735951,66.75002055,66.75002055,66.75002055,66.75002055,66.75002055,66.74084703,66.74084703,66.74084703,66.74084703,66.74084703,66.73727901,66.74944619,66.74959892,66.74975164,66.74990437,66.75005709,66.75020982,66.75036254,66.75051526,66.75066799,66.75082071,66.75097344,66.75112616,66.75127889,66.75143161,66.75158433,66.75173706,66.75188978,66.75204251,66.75219523,66.75234796,66.75250068,66.7526534,66.75280613,66.75295885,66.75311158,66.7532643,66.75341703,66.75356975,66.75372247,66.7538752,66.75402792,66.75418065,66.75433337,66.7544861,66.75463882,66.75479154,66.75494427,66.75509699,66.75524972
38,48.33082556,48.33082556,48.33082556,48.33082556,48.33082556,48.68693014,49.08817938,49.41192506,49.67809206,49.83617665,49.90712818,50.0054487,50.1891999,50.45618327,50.70836026,50.8133272,50.78831244,50.83052552,50.90779479,50.97753008,51.09782871,51.21844511,51.30461595,51.39812927,51.4878446,51.52769928,51.54626148,51.55363478,51.56092175,51.58755069,51.58755069,51.58755069,51.58755069,51.60293498,51.60293498,51.60293498,51.60293498,51.60293498,51.62774056,51.62774056,51.62774056,51.62774056,51.62774056,51.6168895,51.6168895,51.6168895,51.6168895,51.6168895,51.60685718,51.60685718,51.60685718,51.60685718,51.60685718,51.60390666,51.61435937,51.61456624,51.61477311,51.61497998,51.61518684,51.61539371,51.61560058,51.61580745,51.61601432,51.61622119,51.61642805,51.61663492,51.61684179,51.61704866,51.61725553,51.6174624,51.61766926,51.61787613,51.618083,51.61828987,51.61849674,51.61870361,51.61891047,51.61911734,51.61932421,51.61953108,51.61973795,51.61994482,51.62015168,51.62035855,51.62056542,51.62077229,51.62097916,51.62118603,51.62139289,51.62159976,51.62180663,51.6220135,51.62222037
39,37.50200407,37.50200407,37.50200407,37.50200407,37.50200407,37.75761116,37.99648519,38.25511956,38.50977214,38.66933024,38.74646256,38.84025762,38.95864945,39.13568899,39.3579157,39.49162824,39.51479404,39.50886607,39.53800195,39.5812845,39.62694163,39.70899085,39.78683468,39.83243241,39.89407505,39.94965361,39.97396765,39.98175021,39.97789667,39.99800022,39.99800022,39.99800022,39.99800022,40.01694878,40.01694878,40.01694878,40.01694878,40.01694878,40.02104111,40.02104111,40.02104111,40.02104111,40.02104111,40.02498214,40.02498214,40.02498214,40.02498214,40.02498214,40.01756095,40.01756095,40.01756095,40.01756095,40.01756095,40.0180184,40.02269873,40.02301766,40.02333659,40.02365552,40.02397444,40.02429337,40.0246123,40.02493122,40.02525015,40.02556908,40.02588801,40.02620693,40.02652586,40.02684479,40.02716372,40.02748264,40.02780157,40.0281205,40.02843942,40.02875835,40.02907728,40.02939621,40.02971513,40.03003406,40.03035299,40.03067192,40.03099084,40.03130977,40.0316287,40.03194763,40.03226655,40.03258548,40.03290441,40.03322333,40.03354226,40.03386119,40.03418012,40.03449904,40.03481797
40,27.16308421,27.16308421,27.16308421,27.16308421,27.16308421,27.44538734,27.68964027,27.9218419,28.10743446,28.27516354,28.39892913,28.49851374,28.62365667,28.76827852,28.96172061,29.10336856,29.15318831,29.16347239,29.16023099,29.19393529,29.25182658,29.30793032,29.36759044,29.42290162,29.45874041,29.50723918,29.545408,29.56206486,29.56368554,29.57260205,29.57260205,29.57260205,29.57260205,29.58434118,29.58434118,29.58434118,29.58434118,29.58434118,29.59030317,29.59030317,29.59030317,29.59030317,29.59030317,29.59997163,29.59997163,29.59997163,29.59997163,29.59997163,29.5906414,29.5906414,29.5906414,29.5906414,29.5906414,29.59135141,29.59766005,29.59828566,29.59891128,29.59953689,29.60016251,29.60078812,29.60141374,29.60203935,29.60266497,29.60329058,29.6039162,29.60454181,29.60516743,29.60579304,29.60641866,29.60704427,29.60766989,29.6082955,29.60892112,29.60954674,29.61017235,29.61079797,29.61142358,29.6120492,29.61267481,29.61330043,29.61392604,29.61455166,29.61517727,29.61580289,29.6164285,29.61705412,29.61767973,29.61830535,29.61893096,29.61955658,29.62018219,29.62080781,29.62143342
41,17.87508801,17.87508801,17.87508801,17.87508801,17.87508801,18.08254899,18.27454162,18.42043821,18.53965419,18.63865693,18.7353811,18.81904227,18.88955285,18.9788101,19.07799547,19.15258645,19.1976423,19.22798026,19.23745011,19.23677104,19.26322951,19.29287552,19.31486194,19.34238507,19.37215393,19.39117855,19.41695389,19.43394508,19.4360967,19.43991006,19.43991006,19.43991006,19.43991006,19.45143108,19.45143108,19.45143108,19.45143108,19.45143108,19.45862867,19.45862867,19.45862867,19.45862867,19.45862867,19.46402746,19.46402746,19.46402746,19.46402746,19.46402746,19.45497828,19.45497828,19.45497828,19.45497828,19.45497828,19.45677723,19.46135924,19.46178568,19.46221212,19.46263856,19.46306499,19.46349143,19.46391787,19.4643443,19.46477074,19.46519718,19.46562362,19.46605005,19.46647649,19.46690293,19.46732936,19.4677558,19.46818224,19.46860868,19.46903511,19.46946155,19.46988799,19.47031443,19.47074086,19.4711673,19.47159374,19.47202017,19.47244661,19.47287305,19.47329949,19.47372592,19.47415236,19.4745788,19.47500523,19.47543167,19.47585811,19.47628455,19.47671098,19.47713742,19.47756386
42,11.18780393,11.18780393,11.18780393,11.18780393,11.18780393,11.31586785,11.48537852,11.59825419,11.68018574,11.74850665,11.79626593,11.85464015,11.91302579,11.965987,12.0296103,12.06275913,12.08538543,12.11493337,12.13697641,12.14717034,12.14938676,12.16330126,12.17977319,12.19133612,12.19903272,12.20607062,12.21287049,12.21639902,12.22211716,12.2287727,12.2287727,12.2287727,12.2287727,12.23869523,12.23869523,12.23869523,12.23869523,12.23869523,12.23695782,12.23695782,12.23695782,12.23695782,12.23695782,12.24937673,12.24937673,12.24937673,12.24937673,12.24937673,12.24592854,12.24592854,12.24592854,12.24592854,12.24592854,12.24453549,12.2498746,12.25054314,12.25121168,12.25188023,12.25254877,12.25321731,12.25388586,12.2545544,12.25522294,12.25589148,12.25656003,12.25722857,12.25789711,12.25856566,12.2592342,12.25990274,12.26057129,12.26123983,12.26190837,12.26257691,12.26324546,12.263914,12.26458254,12.26525109,12.26591963,12.26658817,12.26725672,12.26792526,12.2685938,12.26926234,12.26993089,12.27059943,12.27126797,12.27193652,12.27260506,12.2732736,12.27394214,12.27461069,12.27527923
43,6.378741273,6.378741273,6.378741273,6.378741273,6.378741273,6.425549787,6.521793734,6.612711862,6.665252753,6.702810479,6.738515692,6.763174502,6.799491135,6.831632829,6.863840001,6.875307136,6.874974364,6.887426904,6.901458801,6.919687024,6.922713368,6.926512825,6.927631314,6.935281077,6.943442785,6.948863742,6.956179529,6.95734881,6.959107673,6.965636579,6.965636579,6.965636579,6.965636579,6.969272758,6.969272758,6.969272758,6.969272758,6.969272758,6.974264517,6.974264517,6.974264517,6.974264517,6.974264517,6.976606008,6.976606008,6.976606008,6.976606008,6.976606008,6.974823138,6.974823138,6.974823138,6.974823138,6.974823138,6.976950801,6.978145135,6.978547402,6.978949669,6.979351936,6.979754202,6.980156469,6.980558736,6.980961003,6.981363269,6.981765536,6.982167803,6.98257007,6.982972336,6.983374603,6.98377687,6.984179137,6.984581403,6.98498367,6.985385937,6.985788204,6.986190471,6.986592737,6.986995004,6.987397271,6.987799538,6.988201804,6.988604071,6.989006338,6.989408605,6.989810871,6.990213138,6.990615405,6.991017672,6.991419938,6.991822205,6.992224472,6.992626739,6.993029005,6.993431272
44,3.59690372,3.59690372,3.59690372,3.59690372,3.59690372,3.626561481,3.673518483,3.727570357,3.773692526,3.799673939,3.819003856,3.832732897,3.844055865,3.863925759,3.880890505,3.888451788,3.882495864,3.87956693,3.883543997,3.89775189,3.903464239,3.906613338,3.905869232,3.9077721,3.91281101,3.917497155,3.921739985,3.923291323,3.92417377,3.931891793,3.931891793,3.931891793,3.931891793,3.93405629,3.93405629,3.93405629,3.93405629,3.93405629,3.940173505,3.940173505,3.940173505,3.940173505,3.940173505,3.939783742,3.939783742,3.939783742,3.939783742,3.939783742,3.939396868,3.939396868,3.939396868,3.939396868,3.939396868,3.940561412,3.941879207,3.942202675,3.942526142,3.94284961,3.943173078,3.943496545,3.943820013,3.944143481,3.944466949,3.944790416,3.945113884,3.945437352,3.945760819,3.946084287,3.946407755,3.946731222,3.94705469,3.947378158,3.947701625,3.948025093,3.948348561,3.948672028,3.948995496,3.949318964,3.949642432,3.949965899,3.950289367,3.950612835,3.950936302,3.95125977,3.951583238,3.951906705,3.952230173,3.952553641,3.952877108,3.953200576,3.953524044,3.953847511,3.954170979
45,1.951354017,1.951354017,1.951354017,1.951354017,1.951354017,2.066217136,2.099862535,2.125984081,2.1576413,2.185460408,2.198793886,2.209639553,2.21760466,2.224986287,2.23604058,2.235045715,2.228153596,2.224301174,2.223249391,2.229422193,2.233615452,2.238471699,2.238568769,2.236814196,2.238800953,2.242578966,2.249041324,2.249748297,2.245594888,2.252181801,2.252181801,2.252181801,2.252181801,2.253242876,2.253242876,2.253242876,2.253242876,2.253242876,2.254181295,2.254181295,2.254181295,2.254181295,2.254181295,2.25734619,2.25734619,2.25734619,2.25734619,2.25734619,2.255972023,2.255972023,2.255972023,2.255972023,2.255972023,2.258551497,2.257913562,2.258149345,2.258385128,2.258620912,2.258856695,2.259092478,2.259328261,2.259564044,2.259799827,2.260035611,2.260271394,2.260507177,2.26074296,2.260978743,2.261214527,2.26145031,2.261686093,2.261921876,2.262157659,2.262393442,2.262629226,2.262865009,2.263100792,2.263336575,2.263572358,2.263808142,2.264043925,2.264279708,2.264515491,2.264751274,2.264987057,2.265222841,2.265458624,2.265694407,2.26593019,2.266165973,2.266401757,2.26663754,2.266873323
46,2.513930311,2.513930311,2.513930311,2.513930311,2.513930311,2.543991625,2.583471339,2.61992552,2.655731048,2.689820737,2.701853238,2.714625042,2.727519562,2.733493228,2.747504114,2.750138412,2.739183689,2.736684059,2.732449203,2.736718747,2.744269791,2.751507107,2.749158228,2.746865756,2.749220468,2.756201734,2.760659709,2.762083839,2.761043902,2.764453695,2.764453695,2.764453695,2.764453695,2.76991326,2.76991326,2.76991326,2.76991326,2.76991326,2.774950991,2.774950991,2.774950991,2.774950991,2.774950991,2.77755392,2.77755392,2.77755392,2.77755392,2.77755392,2.778615687,2.778615687,2.778615687,2.778615687,2.778615687,2.780774715,2.781904419,2.782503232,2.783102044,2.783700856,2.784299669,2.784898481,2.785497293,2.786096106,2.786694918,2.78729373,2.787892543,2.788491355,2.789090167,2.78968898,2.790287792,2.790886605,2.791485417,2.792084229,2.792683042,2.793281854,2.793880666,2.794479479,2.795078291,2.795677103,2.796275916,2.796874728,2.79747354,2.798072353,2.798671165,2.799269977,2.79986879,2.800467602,2.801066414,2.801665227,2.802264039,2.802862851,2.803461664,2.804060476,2.804659289
