Ages,2004,2005,2006,2007,2008,2009,2010,2011,2012,2013,2014,2015,2016,2017,2018,2019,2020,2021,2022,2023,2024,2025,2026,2027,2028,2029,2030,2031,2032,2033,2034,2035,2036,2037,2038,2039,2040,2041,2042,2043,2044,2045,2046,2047,2048,2049,2050,2051,2052,2053,2054,2055,2056,2057,2058,2059,2060,2061,2062,2063,2064,2065,2066,2067,2068,2069,2070,2071,2072,2073,2074,2075,2076,2077,2078,2079,2080,2081,2082,2083,2084,2085,2086,2087,2088,2089,2090,2091,2092,2093,2094,2095,2096,2097,2098,2099,2100
0,403.602,403.602,403.602,403.602,403.602,401.05,397.715,396.709,396.36,396.835,397.937,400.042,402.894,405.432,407.46,408.907,409.752,410.057,409.91,409.429,408.732,407.914,407.079,406.257,405.507,404.886,404.486,404.395,404.696,405.465,405.465,405.465,410.673,410.673,410.673,410.673,410.673,423.507,423.507,423.507,423.507,423.507,432.122,432.122,432.122,432.122,432.122,435.767,435.767,435.767,435.767,435.767,437.371,437.371,438.055,438.055,438.055,438.055,438.055,438.055,438.055,438.055,438.055,438.055,438.055,438.055,438.055,438.055,438.055,438.055,438.055,438.055,438.055,438.055,438.055,438.055,438.055,438.055,438.055,438.055,438.055,438.055,438.055,438.055,438.055,438.055,438.055,438.055,438.055,438.055,438.055,438.055,438.055,438.055,438.055,438.055,438.055
1,387.641,387.641,387.641,387.641,387.641,403.457,400.983,397.637,396.618,396.256,396.714,397.797,399.903,402.756,405.295,407.324,408.773,409.62,409.93,409.786,409.309,408.615,407.801,406.971,406.153,405.406,404.789,404.392,404.305,404.61,404.61,404.61,408.431,408.431,408.431,408.431,408.431,420.992,420.992,420.992,420.992,420.992,430.823,430.823,430.823,430.823,430.823,435.238,435.238,435.238,435.238,435.238,437.043,437.043,437.653,437.653,437.653,437.653,437.653,437.653,437.653,437.653,437.653,437.653,437.653,437.653,437.653,437.653,437.653,437.653,437.653,437.653,437.653,437.653,437.653,437.653,437.653,437.653,437.653,437.653,437.653,437.653,437.653,437.653,437.653,437.653,437.653,437.653,437.653,437.653,437.653,437.653,437.653,437.653,437.653,437.653,437.653
2,374.939,374.939,374.939,374.939,374.939,387.793,403.66,401.176,397.821,396.791,396.418,396.859,397.944,400.051,402.905,405.446,407.476,408.926,409.774,410.086,409.943,409.467,408.774,407.961,407.132,406.316,405.57,404.955,404.558,404.472,404.472,404.472,406.825,406.825,406.825,406.825,406.825,418.55,418.55,418.55,418.55,418.55,429.53,429.53,429.53,429.53,429.53,434.838,434.838,434.838,434.838,434.838,436.938,436.938,437.512,437.512,437.512,437.512,437.512,437.512,437.512,437.512,437.512,437.512,437.512,437.512,437.512,437.512,437.512,437.512,437.512,437.512,437.512,437.512,437.512,437.512,437.512,437.512,437.512,437.512,437.512,437.512,437.512,437.512,437.512,437.512,437.512,437.512,437.512,437.512,437.512,437.512,437.512,437.512,437.512,437.512,437.512
3,367.38,367.38,367.38,367.38,367.38,375.176,388.077,403.932,401.439,398.074,397.035,396.644,397.086,398.172,400.281,403.136,405.677,407.709,409.16,410.008,410.321,410.179,409.703,409.011,408.199,407.37,406.555,405.81,405.196,404.799,404.799,404.799,405.792,405.792,405.792,405.792,405.792,416.113,416.113,416.113,416.113,416.113,428.053,428.053,428.053,428.053,428.053,434.376,434.376,434.376,434.376,434.376,436.877,436.877,437.47,437.47,437.47,437.47,437.47,437.47,437.47,437.47,437.47,437.47,437.47,437.47,437.47,437.47,437.47,437.47,437.47,437.47,437.47,437.47,437.47,437.47,437.47,437.47,437.47,437.47,437.47,437.47,437.47,437.47,437.47,437.47,437.47,437.47,437.47,437.47,437.47,437.47,437.47,437.47,437.47,437.47,437.47
4,362.38,362.38,362.38,362.38,362.38,367.595,375.442,388.331,404.173,401.67,398.294,397.238,396.848,397.291,398.378,400.488,403.344,405.886,407.919,409.37,410.219,410.532,410.391,409.915,409.224,408.412,407.584,406.769,406.024,405.411,405.411,405.411,405.237,405.237,405.237,405.237,405.237,413.69,413.69,413.69,413.69,413.69,426.292,426.292,426.292,426.292,426.292,433.734,433.734,433.734,433.734,433.734,436.76,436.76,437.408,437.408,437.408,437.408,437.408,437.408,437.408,437.408,437.408,437.408,437.408,437.408,437.408,437.408,437.408,437.408,437.408,437.408,437.408,437.408,437.408,437.408,437.408,437.408,437.408,437.408,437.408,437.408,437.408,437.408,437.408,437.408,437.408,437.408,437.408,437.408,437.408,437.408,437.408,437.408,437.408,437.408,437.408
5,350.403,350.403,350.403,350.403,350.403,362.292,367.557,375.393,388.27,404.101,401.588,398.195,397.14,396.751,397.194,398.282,400.392,403.248,405.791,407.824,409.275,410.125,410.438,410.297,409.822,409.131,408.32,407.492,406.677,405.934,405.934,405.934,404.841,404.841,404.841,404.841,404.841,411.138,411.138,411.138,411.138,411.138,423.982,423.982,423.982,423.982,423.982,432.611,432.611,432.611,432.611,432.611,436.274,436.274,437.014,437.014,437.014,437.014,437.014,437.014,437.014,437.014,437.014,437.014,437.014,437.014,437.014,437.014,437.014,437.014,437.014,437.014,437.014,437.014,437.014,437.014,437.014,437.014,437.014,437.014,437.014,437.014,437.014,437.014,437.014,437.014,437.014,437.014,437.014,437.014,437.014,437.014,437.014,437.014,437.014,437.014,437.014
6,339.207,339.207,339.207,339.207,339.207,350.166,362.103,367.356,375.183,388.047,403.868,401.336,397.944,396.89,396.502,396.945,398.033,400.144,403,405.543,407.576,409.028,409.878,410.191,410.052,409.577,408.886,408.076,407.249,406.434,406.434,406.434,404.683,404.683,404.683,404.683,404.683,408.731,408.731,408.731,408.731,408.731,421.299,421.299,421.299,421.299,421.299,431.135,431.135,431.135,431.135,431.135,435.558,435.558,436.437,436.437,436.437,436.437,436.437,436.437,436.437,436.437,436.437,436.437,436.437,436.437,436.437,436.437,436.437,436.437,436.437,436.437,436.437,436.437,436.437,436.437,436.437,436.437,436.437,436.437,436.437,436.437,436.437,436.437,436.437,436.437,436.437,436.437,436.437,436.437,436.437,436.437,436.437,436.437,436.437,436.437,436.437
7,339.184,339.184,339.184,339.184,339.184,339.038,350.048,361.973,367.214,375.029,387.881,403.683,401.153,397.761,396.708,396.32,396.764,397.852,399.963,402.819,405.363,407.396,408.848,409.698,410.013,409.874,409.399,408.708,407.899,407.072,407.072,407.072,404.904,404.904,404.904,404.904,404.904,406.78,406.78,406.78,406.78,406.78,418.511,418.511,418.511,418.511,418.511,429.494,429.494,429.494,429.494,429.494,434.807,434.807,435.863,435.863,435.863,435.863,435.863,435.863,435.863,435.863,435.863,435.863,435.863,435.863,435.863,435.863,435.863,435.863,435.863,435.863,435.863,435.863,435.863,435.863,435.863,435.863,435.863,435.863,435.863,435.863,435.863,435.863,435.863,435.863,435.863,435.863,435.863,435.863,435.863,435.863,435.863,435.863,435.863,435.863,435.863
8,348.814,348.814,348.814,348.814,348.814,339.415,339.32,350.318,362.229,367.457,375.259,388.091,403.893,401.363,397.973,396.92,396.533,396.977,398.065,400.176,403.033,405.577,407.61,409.062,409.912,410.227,410.089,409.614,408.923,408.114,408.114,408.114,405.732,405.732,405.732,405.732,405.732,405.721,405.721,405.721,405.721,405.721,416.048,416.048,416.048,416.048,416.048,427.989,427.989,427.989,427.989,427.989,434.317,434.317,435.605,435.605,435.605,435.605,435.605,435.605,435.605,435.605,435.605,435.605,435.605,435.605,435.605,435.605,435.605,435.605,435.605,435.605,435.605,435.605,435.605,435.605,435.605,435.605,435.605,435.605,435.605,435.605,435.605,435.605,435.605,435.605,435.605,435.605,435.605,435.605,435.605,435.605,435.605,435.605,435.605,435.605,435.605
9,358.515,358.515,358.515,358.515,358.515,349.391,340.039,339.933,350.918,362.816,368.031,375.814,388.646,404.447,401.918,398.53,397.477,397.091,397.535,398.623,400.734,403.592,406.136,408.169,409.621,410.471,410.786,410.649,410.174,409.483,409.483,409.483,407.034,407.034,407.034,407.034,407.034,405.512,405.512,405.512,405.512,405.512,413.966,413.966,413.966,413.966,413.966,426.572,426.572,426.572,426.572,426.572,434.017,434.017,435.591,435.591,435.591,435.591,435.591,435.591,435.591,435.591,435.591,435.591,435.591,435.591,435.591,435.591,435.591,435.591,435.591,435.591,435.591,435.591,435.591,435.591,435.591,435.591,435.591,435.591,435.591,435.591,435.591,435.591,435.591,435.591,435.591,435.591,435.591,435.591,435.591,435.591,435.591,435.591,435.591,435.591,435.591
10,364.402,364.402,364.402,364.402,364.402,358.858,349.775,340.415,340.299,351.273,363.161,368.359,376.143,388.974,404.774,402.246,398.859,397.807,397.421,397.865,398.954,401.065,403.923,406.467,408.5,409.952,410.802,411.118,410.981,410.506,410.506,410.506,408.182,408.182,408.182,408.182,408.182,405.537,405.537,405.537,405.537,405.537,411.835,411.835,411.835,411.835,411.835,424.684,424.684,424.684,424.684,424.684,433.314,433.314,435.218,435.218,435.218,435.218,435.218,435.218,435.218,435.218,435.218,435.218,435.218,435.218,435.218,435.218,435.218,435.218,435.218,435.218,435.218,435.218,435.218,435.218,435.218,435.218,435.218,435.218,435.218,435.218,435.218,435.218,435.218,435.218,435.218,435.218,435.218,435.218,435.218,435.218,435.218,435.218,435.218,435.218,435.218
11,375.212,375.212,375.212,375.212,375.212,364.544,359.04,349.949,340.584,340.458,351.422,363.293,368.491,376.275,389.106,404.905,402.378,398.991,397.94,397.554,397.998,399.088,401.199,404.057,406.601,408.634,410.086,410.937,411.254,411.117,411.117,411.117,409.144,409.144,409.144,409.144,409.144,405.757,405.757,405.757,405.757,405.757,409.808,409.808,409.808,409.808,409.808,422.378,422.378,422.378,422.378,422.378,432.217,432.217,434.492,434.492,434.492,434.492,434.492,434.492,434.492,434.492,434.492,434.492,434.492,434.492,434.492,434.492,434.492,434.492,434.492,434.492,434.492,434.492,434.492,434.492,434.492,434.492,434.492,434.492,434.492,434.492,434.492,434.492,434.492,434.492,434.492,434.492,434.492,434.492,434.492,434.492,434.492,434.492,434.492,434.492,434.492
12,372.788,372.788,372.788,372.788,372.788,375.441,364.813,359.3,350.202,340.828,340.693,351.641,363.511,368.709,376.493,389.323,405.121,402.595,399.209,398.159,397.773,398.218,399.308,401.419,404.277,406.821,408.854,410.307,411.159,411.476,411.476,411.476,410.175,410.175,410.175,410.175,410.175,406.377,406.377,406.377,406.377,406.377,408.259,408.259,408.259,408.259,408.259,419.993,419.993,419.993,419.993,419.993,430.978,430.978,433.683,433.683,433.683,433.683,433.683,433.683,433.683,433.683,433.683,433.683,433.683,433.683,433.683,433.683,433.683,433.683,433.683,433.683,433.683,433.683,433.683,433.683,433.683,433.683,433.683,433.683,433.683,433.683,433.683,433.683,433.683,433.683,433.683,433.683,433.683,433.683,433.683,433.683,433.683,433.683,433.683,433.683,433.683
13,375.934,375.934,375.934,375.934,375.934,373.191,375.883,365.247,359.725,350.62,341.237,341.088,352.035,363.904,369.102,376.886,389.715,405.512,402.986,399.601,398.552,398.166,398.611,399.702,401.813,404.671,407.215,409.248,410.701,411.554,411.554,411.554,411.261,411.261,411.261,411.261,411.261,407.387,407.387,407.387,407.387,407.387,407.382,407.382,407.382,407.382,407.382,417.713,417.713,417.713,417.713,417.713,429.655,429.655,432.848,432.848,432.848,432.848,432.848,432.848,432.848,432.848,432.848,432.848,432.848,432.848,432.848,432.848,432.848,432.848,432.848,432.848,432.848,432.848,432.848,432.848,432.848,432.848,432.848,432.848,432.848,432.848,432.848,432.848,432.848,432.848,432.848,432.848,432.848,432.848,432.848,432.848,432.848,432.848,432.848,432.848,432.848
14,384.491,384.491,384.491,384.491,384.491,376.564,373.859,376.542,365.895,360.364,351.249,341.855,341.706,352.652,364.519,369.716,377.5,390.327,406.123,403.597,400.213,399.165,398.779,399.226,400.317,402.428,405.286,407.83,409.864,411.317,411.317,411.317,412.351,412.351,412.351,412.351,412.351,408.748,408.748,408.748,408.748,408.748,407.235,407.235,407.235,407.235,407.235,415.695,415.695,415.695,415.695,415.695,428.301,428.301,432.007,432.007,432.007,432.007,432.007,432.007,432.007,432.007,432.007,432.007,432.007,432.007,432.007,432.007,432.007,432.007,432.007,432.007,432.007,432.007,432.007,432.007,432.007,432.007,432.007,432.007,432.007,432.007,432.007,432.007,432.007,432.007,432.007,432.007,432.007,432.007,432.007,432.007,432.007,432.007,432.007,432.007,432.007
15,391.822,391.822,391.822,391.822,391.822,385.51,377.624,374.907,377.575,366.918,361.373,352.242,342.85,342.702,353.647,365.511,370.708,378.491,391.317,407.111,404.586,401.203,400.156,399.77,400.218,401.31,403.422,406.282,408.826,410.86,410.86,410.86,413.484,413.484,413.484,413.484,413.484,410.56,410.56,410.56,410.56,410.56,407.929,407.929,407.929,407.929,407.929,414.234,414.234,414.234,414.234,414.234,427.084,427.084,431.289,431.289,431.289,431.289,431.289,431.289,431.289,431.289,431.289,431.289,431.289,431.289,431.289,431.289,431.289,431.289,431.289,431.289,431.289,431.289,431.289,431.289,431.289,431.289,431.289,431.289,431.289,431.289,431.289,431.289,431.289,431.289,431.289,431.289,431.289,431.289,431.289,431.289,431.289,431.289,431.289,431.289,431.289
16,407.293,407.293,407.293,407.293,407.293,393.539,387.282,379.377,376.642,379.29,368.616,363.047,353.92,344.53,344.383,355.327,367.189,372.386,380.168,392.992,408.784,406.26,402.879,401.833,401.448,401.897,402.991,405.103,407.964,410.508,410.508,410.508,414.85,414.85,414.85,414.85,414.85,413.069,413.069,413.069,413.069,413.069,409.701,409.701,409.701,409.701,409.701,413.762,413.762,413.762,413.762,413.762,426.337,426.337,431.006,431.006,431.006,431.006,431.006,431.006,431.006,431.006,431.006,431.006,431.006,431.006,431.006,431.006,431.006,431.006,431.006,431.006,431.006,431.006,431.006,431.006,431.006,431.006,431.006,431.006,431.006,431.006,431.006,431.006,431.006,431.006,431.006,431.006,431.006,431.006,431.006,431.006,431.006,431.006,431.006,431.006,431.006
17,417.735,417.735,417.735,417.735,417.735,410.072,396.407,390.123,382.19,379.423,382.041,371.334,365.77,356.647,347.263,347.118,358.06,369.921,375.118,382.899,395.721,411.511,408.988,405.609,404.564,404.182,404.631,405.726,407.838,410.7,410.7,410.7,416.734,416.734,416.734,416.734,416.734,416.619,416.619,416.619,416.619,416.619,412.843,412.843,412.843,412.843,412.843,414.738,414.738,414.738,414.738,414.738,426.478,426.478,431.539,431.539,431.539,431.539,431.539,431.539,431.539,431.539,431.539,431.539,431.539,431.539,431.539,431.539,431.539,431.539,431.539,431.539,431.539,431.539,431.539,431.539,431.539,431.539,431.539,431.539,431.539,431.539,431.539,431.539,431.539,431.539,431.539,431.539,431.539,431.539,431.539,431.539,431.539,431.539,431.539,431.539,431.539
18,414.013,414.013,414.013,414.013,414.013,422.171,414.646,400.94,394.614,386.636,383.821,386.371,375.673,370.115,360.999,351.622,351.48,362.42,374.28,379.477,387.258,400.078,415.865,413.344,409.968,408.924,408.544,408.994,410.09,412.204,412.204,412.204,419.646,419.646,419.646,419.646,419.646,421.676,421.676,421.676,421.676,421.676,417.831,417.831,417.831,417.831,417.831,417.845,417.845,417.845,417.845,417.845,428.184,428.184,433.484,433.484,433.484,433.484,433.484,433.484,433.484,433.484,433.484,433.484,433.484,433.484,433.484,433.484,433.484,433.484,433.484,433.484,433.484,433.484,433.484,433.484,433.484,433.484,433.484,433.484,433.484,433.484,433.484,433.484,433.484,433.484,433.484,433.484,433.484,433.484,433.484,433.484,433.484,433.484,433.484,433.484,433.484
19,417.45,417.45,417.45,417.45,417.45,420.254,428.593,421.003,407.242,400.853,392.808,389.904,392.458,381.771,376.218,367.112,357.741,357.602,368.541,380.4,385.597,393.378,406.196,421.981,419.462,416.089,415.048,414.669,415.121,416.218,416.218,416.218,423.74,423.74,423.74,423.74,423.74,428.28,428.28,428.28,428.28,428.28,424.706,424.706,424.706,424.706,424.706,423.216,423.216,423.216,423.216,423.216,431.69,431.69,437.017,437.017,437.017,437.017,437.017,437.017,437.017,437.017,437.017,437.017,437.017,437.017,437.017,437.017,437.017,437.017,437.017,437.017,437.017,437.017,437.017,437.017,437.017,437.017,437.017,437.017,437.017,437.017,437.017,437.017,437.017,437.017,437.017,437.017,437.017,437.017,437.017,437.017,437.017,437.017,437.017,437.017,437.017
20,430.653,430.653,430.653,430.653,430.653,424.987,428.018,436.269,428.604,414.767,408.295,400.156,397.26,399.82,389.143,383.597,374.5,365.136,365,375.939,387.795,392.994,400.776,413.59,429.372,426.856,423.487,422.448,422.07,422.524,422.524,422.524,428.599,428.599,428.599,428.599,428.599,435.82,435.82,435.82,435.82,435.82,432.93,432.93,432.93,432.93,432.93,430.327,430.327,430.327,430.327,430.327,436.649,436.649,441.762,441.762,441.762,441.762,441.762,441.762,441.762,441.762,441.762,441.762,441.762,441.762,441.762,441.762,441.762,441.762,441.762,441.762,441.762,441.762,441.762,441.762,441.762,441.762,441.762,441.762,441.762,441.762,441.762,441.762,441.762,441.762,441.762,441.762,441.762,441.762,441.762,441.762,441.762,441.762,441.762,441.762,441.762
21,429.384,429.384,429.384,429.384,429.384,438.767,433.366,436.302,444.454,436.699,422.77,416.192,408.064,405.177,407.742,397.074,391.536,382.446,373.09,372.957,383.895,395.75,400.95,408.732,421.544,437.321,434.809,431.443,430.406,430.029,430.029,430.029,433.698,433.698,433.698,433.698,433.698,443.461,443.461,443.461,443.461,443.461,441.718,441.718,441.718,441.718,441.718,438.38,438.38,438.38,438.38,438.38,442.463,442.463,447.101,447.101,447.101,447.101,447.101,447.101,447.101,447.101,447.101,447.101,447.101,447.101,447.101,447.101,447.101,447.101,447.101,447.101,447.101,447.101,447.101,447.101,447.101,447.101,447.101,447.101,447.101,447.101,447.101,447.101,447.101,447.101,447.101,447.101,447.101,447.101,447.101,447.101,447.101,447.101,447.101,447.101,447.101
22,430.208,430.208,430.208,430.208,430.208,438.019,447.7,442.191,445.014,453.048,445.182,431.128,424.562,416.444,413.564,416.134,405.475,399.944,390.862,381.512,381.382,392.319,404.173,409.373,417.155,429.965,445.739,443.229,439.865,438.831,438.831,438.831,440.01,440.01,440.01,440.01,440.01,451.034,451.034,451.034,451.034,451.034,450.954,450.954,450.954,450.954,450.954,447.21,447.21,447.21,447.21,447.21,449.133,449.133,453.085,453.085,453.085,453.085,453.085,453.085,453.085,453.085,453.085,453.085,453.085,453.085,453.085,453.085,453.085,453.085,453.085,453.085,453.085,453.085,453.085,453.085,453.085,453.085,453.085,453.085,453.085,453.085,453.085,453.085,453.085,453.085,453.085,453.085,453.085,453.085,453.085,453.085,453.085,453.085,453.085,453.085,453.085
23,442.331,442.331,442.331,442.331,442.331,439.771,447.937,457.477,451.836,454.524,462.415,454.398,440.359,433.804,425.696,422.823,425.397,414.747,409.223,400.149,390.805,390.679,401.615,413.466,418.667,426.448,439.256,455.026,452.519,449.158,449.158,449.158,448.207,448.207,448.207,448.207,448.207,458.876,458.876,458.876,458.876,458.876,460.937,460.937,460.937,460.937,460.937,457.127,457.127,457.127,457.127,457.127,457.171,457.171,460.237,460.237,460.237,460.237,460.237,460.237,460.237,460.237,460.237,460.237,460.237,460.237,460.237,460.237,460.237,460.237,460.237,460.237,460.237,460.237,460.237,460.237,460.237,460.237,460.237,460.237,460.237,460.237,460.237,460.237,460.237,460.237,460.237,460.237,460.237,460.237,460.237,460.237,460.237,460.237,460.237,460.237,460.237
24,434.433,434.433,434.433,434.433,434.433,451.882,449.715,457.733,467.115,461.331,463.869,471.587,463.584,449.561,443.015,434.917,432.05,434.629,423.988,418.47,409.405,400.067,399.944,410.878,422.728,427.928,435.708,448.514,464.28,461.776,461.776,461.776,457.015,457.015,457.015,457.015,457.015,466.104,466.104,466.104,466.104,466.104,470.672,470.672,470.672,470.672,470.672,467.134,467.134,467.134,467.134,467.134,465.677,465.677,467.745,467.745,467.745,467.745,467.745,467.745,467.745,467.745,467.745,467.745,467.745,467.745,467.745,467.745,467.745,467.745,467.745,467.745,467.745,467.745,467.745,467.745,467.745,467.745,467.745,467.745,467.745,467.745,467.745,467.745,467.745,467.745,467.745,467.745,467.745,467.745,467.745,467.745,467.745,467.745,467.745,467.745,467.745
25,424.116,424.116,424.116,424.116,424.116,443.022,460.887,458.581,466.445,475.677,469.749,472.12,479.843,471.853,457.844,451.308,443.219,440.36,442.942,432.309,426.797,417.74,408.408,408.287,419.219,431.068,436.268,444.047,456.851,472.613,472.613,472.613,465.725,465.725,465.725,465.725,465.725,471.899,471.899,471.899,471.899,471.899,479.148,479.148,479.148,479.148,479.148,476.294,476.294,476.294,476.294,476.294,473.728,473.728,474.828,474.828,474.828,474.828,474.828,474.828,474.828,474.828,474.828,474.828,474.828,474.828,474.828,474.828,474.828,474.828,474.828,474.828,474.828,474.828,474.828,474.828,474.828,474.828,474.828,474.828,474.828,474.828,474.828,474.828,474.828,474.828,474.828,474.828,474.828,474.828,474.828,474.828,474.828,474.828,474.828,474.828,474.828
26,409.076,409.076,409.076,409.076,409.076,431.372,450.705,468.427,465.986,473.711,482.805,476.725,479.105,486.832,478.855,464.86,458.333,450.253,447.4,449.985,439.36,433.855,424.805,415.479,415.359,426.289,438.137,443.337,451.115,463.916,463.916,463.916,473.821,473.821,473.821,473.821,473.821,476.109,476.109,476.109,476.109,476.109,485.895,485.895,485.895,485.895,485.895,484.188,484.188,484.188,484.188,484.188,480.89,480.89,481.142,481.142,481.142,481.142,481.142,481.142,481.142,481.142,481.142,481.142,481.142,481.142,481.142,481.142,481.142,481.142,481.142,481.142,481.142,481.142,481.142,481.142,481.142,481.142,481.142,481.142,481.142,481.142,481.142,481.142,481.142,481.142,481.142,481.142,481.142,481.142,481.142,481.142,481.142,481.142,481.142,481.142,481.142
27,419.95,419.95,419.95,419.95,419.95,414.902,437.583,456.79,474.383,471.822,479.427,488.376,482.31,484.699,492.43,484.464,470.48,463.964,455.893,453.045,455.633,445.015,439.516,430.472,421.152,421.035,431.963,443.809,449.009,456.785,456.785,456.785,482.843,482.843,482.843,482.843,482.843,479.664,479.664,479.664,479.664,479.664,490.713,490.713,490.713,490.713,490.713,490.668,490.668,490.668,490.668,490.668,486.965,486.965,486.523,486.523,486.523,486.523,486.523,486.523,486.523,486.523,486.523,486.523,486.523,486.523,486.523,486.523,486.523,486.523,486.523,486.523,486.523,486.523,486.523,486.523,486.523,486.523,486.523,486.523,486.523,486.523,486.523,486.523,486.523,486.523,486.523,486.523,486.523,486.523,486.523,486.523,486.523,486.523,486.523,486.523,486.523
28,417.947,417.947,417.947,417.947,417.947,424.547,419.86,442.426,461.52,478.999,476.338,483.819,492.774,486.719,489.116,496.85,488.894,474.923,468.415,460.352,457.509,460.099,449.489,443.996,434.959,425.644,425.529,436.455,448.298,453.498,453.498,453.498,489.819,489.819,489.819,489.819,489.819,483.052,483.052,483.052,483.052,483.052,493.743,493.743,493.743,493.743,493.743,495.838,495.838,495.838,495.838,495.838,492.074,492.074,491.105,491.105,491.105,491.105,491.105,491.105,491.105,491.105,491.105,491.105,491.105,491.105,491.105,491.105,491.105,491.105,491.105,491.105,491.105,491.105,491.105,491.105,491.105,491.105,491.105,491.105,491.105,491.105,491.105,491.105,491.105,491.105,491.105,491.105,491.105,491.105,491.105,491.105,491.105,491.105,491.105,491.105,491.105
29,396.876,396.876,396.876,396.876,396.876,421.105,428.03,423.257,445.718,464.711,482.089,479.321,486.809,495.767,489.724,492.128,499.864,491.918,477.959,471.459,463.404,460.567,463.159,452.557,447.069,438.04,428.731,428.617,439.541,451.38,451.38,451.38,477.147,477.147,477.147,477.147,477.147,485.673,485.673,485.673,485.673,485.673,494.792,494.792,494.792,494.792,494.792,499.391,499.391,499.391,499.391,499.391,495.894,495.894,494.592,494.592,494.592,494.592,494.592,494.592,494.592,494.592,494.592,494.592,494.592,494.592,494.592,494.592,494.592,494.592,494.592,494.592,494.592,494.592,494.592,494.592,494.592,494.592,494.592,494.592,494.592,494.592,494.592,494.592,494.592,494.592,494.592,494.592,494.592,494.592,494.592,494.592,494.592,494.592,494.592,494.592,494.592
30,376.733,376.733,376.733,376.733,376.733,398.985,423.494,430.336,425.488,447.854,466.754,484.025,481.268,488.759,497.721,491.689,494.1,501.837,493.9,479.956,473.463,465.417,462.585,465.179,454.586,449.104,440.083,430.781,430.67,441.59,441.59,441.59,466.399,466.399,466.399,466.399,466.399,488.079,488.079,488.079,488.079,488.079,494.291,494.291,494.291,494.291,494.291,501.57,501.57,501.57,501.57,501.57,498.761,498.761,497.261,497.261,497.261,497.261,497.261,497.261,497.261,497.261,497.261,497.261,497.261,497.261,497.261,497.261,497.261,497.261,497.261,497.261,497.261,497.261,497.261,497.261,497.261,497.261,497.261,497.261,497.261,497.261,497.261,497.261,497.261,497.261,497.261,497.261,497.261,497.261,497.261,497.261,497.261,497.261,497.261,497.261,497.261
31,371.852,371.852,371.852,371.852,371.852,377.952,400.448,424.868,431.636,426.725,449.005,467.809,485.075,482.328,489.821,498.785,492.762,495.179,502.917,494.99,481.06,474.577,466.539,463.713,466.31,455.725,450.251,441.239,431.945,431.836,431.836,431.836,459.783,459.783,459.783,459.783,459.783,490.255,490.255,490.255,490.255,490.255,492.586,492.586,492.586,492.586,492.586,502.405,502.405,502.405,502.405,502.405,500.748,500.748,499.161,499.161,499.161,499.161,499.161,499.161,499.161,499.161,499.161,499.161,499.161,499.161,499.161,499.161,499.161,499.161,499.161,499.161,499.161,499.161,499.161,499.161,499.161,499.161,499.161,499.161,499.161,499.161,499.161,499.161,499.161,499.161,499.161,499.161,499.161,499.161,499.161,499.161,499.161,499.161,499.161,499.161,499.161
32,381.323,381.323,381.323,381.323,381.323,372.07,378.387,400.806,425.145,431.854,426.893,449.086,467.879,485.137,482.397,489.89,498.853,492.84,495.262,502.999,495.082,481.168,474.695,466.666,463.848,466.447,455.873,450.406,441.404,432.12,432.12,432.12,454.753,454.753,454.753,454.753,454.753,493.753,493.753,493.753,493.753,493.753,490.639,490.639,490.639,490.639,490.639,501.72,501.72,501.72,501.72,501.72,501.731,501.731,500.161,500.161,500.161,500.161,500.161,500.161,500.161,500.161,500.161,500.161,500.161,500.161,500.161,500.161,500.161,500.161,500.161,500.161,500.161,500.161,500.161,500.161,500.161,500.161,500.161,500.161,500.161,500.161,500.161,500.161,500.161,500.161,500.161,500.161,500.161,500.161,500.161,500.161,500.161,500.161,500.161,500.161,500.161
33,389.925,389.925,389.925,389.925,389.925,381.322,372.272,378.535,400.88,425.145,431.798,426.784,448.961,467.741,484.986,482.254,489.745,498.704,492.702,495.128,502.862,494.957,481.059,474.596,466.58,463.768,466.369,455.807,450.349,441.359,441.359,441.359,442.893,442.893,442.893,442.893,442.893,496.174,496.174,496.174,496.174,496.174,489.49,489.49,489.49,489.49,489.49,500.222,500.222,500.222,500.222,500.222,502.372,502.372,500.952,500.952,500.952,500.952,500.952,500.952,500.952,500.952,500.952,500.952,500.952,500.952,500.952,500.952,500.952,500.952,500.952,500.952,500.952,500.952,500.952,500.952,500.952,500.952,500.952,500.952,500.952,500.952,500.952,500.952,500.952,500.952,500.952,500.952,500.952,500.952,500.952,500.952,500.952,500.952,500.952,500.952,500.952
34,397.959,397.959,397.959,397.959,397.959,390.435,382.025,372.939,379.142,401.412,425.598,432.183,427.178,449.336,468.102,485.331,482.606,490.093,499.048,493.058,495.486,503.216,495.324,481.444,474.991,466.987,464.182,466.784,456.236,450.788,450.788,450.788,432.453,432.453,432.453,432.453,432.453,480.899,480.899,480.899,480.899,480.899,489.475,489.475,489.475,489.475,489.475,498.645,498.645,498.645,498.645,498.645,503.304,503.304,502.223,502.223,502.223,502.223,502.223,502.223,502.223,502.223,502.223,502.223,502.223,502.223,502.223,502.223,502.223,502.223,502.223,502.223,502.223,502.223,502.223,502.223,502.223,502.223,502.223,502.223,502.223,502.223,502.223,502.223,502.223,502.223,502.223,502.223,502.223,502.223,502.223,502.223,502.223,502.223,502.223,502.223,502.223
35,415.642,415.642,415.642,415.642,415.642,398.728,391.392,382.941,373.815,379.963,402.153,426.25,432.829,427.834,449.972,468.721,485.933,483.215,490.699,499.649,493.67,496.101,503.827,495.948,482.087,475.645,467.654,464.856,467.46,456.927,456.927,456.927,433.277,433.277,433.277,433.277,433.277,468.849,468.849,468.849,468.849,468.849,490.539,490.539,490.539,490.539,490.539,496.817,496.817,496.817,496.817,496.817,504.156,504.156,503.621,503.621,503.621,503.621,503.621,503.621,503.621,503.621,503.621,503.621,503.621,503.621,503.621,503.621,503.621,503.621,503.621,503.621,503.621,503.621,503.621,503.621,503.621,503.621,503.621,503.621,503.621,503.621,503.621,503.621,503.621,503.621,503.621,503.621,503.621,503.621,503.621,503.621,503.621,503.621,503.621,503.621,503.621
36,433.715,433.715,433.715,433.715,433.715,415.979,399.259,391.887,383.399,374.237,380.332,402.434,426.503,433.078,428.093,450.209,468.941,486.135,483.424,490.905,499.849,493.882,496.317,504.04,496.174,482.332,475.903,467.926,465.137,467.741,467.741,467.741,442.848,442.848,442.848,442.848,442.848,461.413,461.413,461.413,461.413,461.413,491.858,491.858,491.858,491.858,491.858,494.277,494.277,494.277,494.277,494.277,504.158,504.158,504.42,504.42,504.42,504.42,504.42,504.42,504.42,504.42,504.42,504.42,504.42,504.42,504.42,504.42,504.42,504.42,504.42,504.42,504.42,504.42,504.42,504.42,504.42,504.42,504.42,504.42,504.42,504.42,504.42,504.42,504.42,504.42,504.42,504.42,504.42,504.42,504.42,504.42,504.42,504.42,504.42,504.42,504.42
37,446.647,446.647,446.647,446.647,446.647,433.832,416.288,399.549,392.142,383.62,374.427,380.459,402.533,426.575,433.144,428.169,450.263,468.977,486.152,483.45,490.928,499.866,493.911,496.35,504.069,496.216,482.396,475.98,468.017,465.237,465.237,465.237,451.927,451.927,451.927,451.927,451.927,456.367,456.367,456.367,456.367,456.367,495.299,495.299,495.299,495.299,495.299,492.305,492.305,492.305,492.305,492.305,503.445,503.445,504.698,504.698,504.698,504.698,504.698,504.698,504.698,504.698,504.698,504.698,504.698,504.698,504.698,504.698,504.698,504.698,504.698,504.698,504.698,504.698,504.698,504.698,504.698,504.698,504.698,504.698,504.698,504.698,504.698,504.698,504.698,504.698,504.698,504.698,504.698,504.698,504.698,504.698,504.698,504.698,504.698,504.698,504.698
38,445.272,445.272,445.272,445.272,445.272,447.085,434.452,416.892,400.132,392.691,384.138,374.904,380.93,402.977,426.989,433.554,428.59,450.661,469.356,486.514,483.82,491.295,500.226,494.285,496.728,504.443,496.604,482.806,476.404,468.455,468.455,468.455,457.807,457.807,457.807,457.807,457.807,445.077,445.077,445.077,445.077,445.077,498.224,498.224,498.224,498.224,498.224,491.68,491.68,491.68,491.68,491.68,502.477,502.477,504.863,504.863,504.863,504.863,504.863,504.863,504.863,504.863,504.863,504.863,504.863,504.863,504.863,504.863,504.863,504.863,504.863,504.863,504.863,504.863,504.863,504.863,504.863,504.863,504.863,504.863,504.863,504.863,504.863,504.863,504.863,504.863,504.863,504.863,504.863,504.863,504.863,504.863,504.863,504.863,504.863,504.863,504.863
39,456.058,456.058,456.058,456.058,456.058,445.86,447.84,435.183,417.602,400.824,393.35,384.752,375.534,381.555,403.575,427.558,434.119,429.167,451.214,469.893,487.032,484.346,491.817,500.744,494.817,497.263,504.974,497.15,483.374,476.986,476.986,476.986,468.899,468.899,468.899,468.899,468.899,434.872,434.872,434.872,434.872,434.872,483.193,483.193,483.193,483.193,483.193,491.85,491.85,491.85,491.85,491.85,501.09,501.09,504.652,504.652,504.652,504.652,504.652,504.652,504.652,504.652,504.652,504.652,504.652,504.652,504.652,504.652,504.652,504.652,504.652,504.652,504.652,504.652,504.652,504.652,504.652,504.652,504.652,504.652,504.652,504.652,504.652,504.652,504.652,504.652,504.652,504.652,504.652,504.652,504.652,504.652,504.652,504.652,504.652,504.652,504.652
40,461.736,461.736,461.736,461.736,461.736,456.055,446.037,447.974,435.299,417.705,400.914,393.399,384.816,375.615,381.632,403.624,427.578,434.135,429.196,451.219,469.881,487,484.325,491.792,500.714,494.803,497.252,504.959,497.151,483.398,483.398,483.398,466.35,466.35,466.35,466.35,466.35,435.068,435.068,435.068,435.068,435.068,470.579,470.579,470.579,470.579,470.579,492.284,492.284,492.284,492.284,492.284,498.65,498.65,503.294,503.294,503.294,503.294,503.294,503.294,503.294,503.294,503.294,503.294,503.294,503.294,503.294,503.294,503.294,503.294,503.294,503.294,503.294,503.294,503.294,503.294,503.294,503.294,503.294,503.294,503.294,503.294,503.294,503.294,503.294,503.294,503.294,503.294,503.294,503.294,503.294,503.294,503.294,503.294,503.294,503.294,503.294
41,472.125,472.125,472.125,472.125,472.125,461.079,455.557,445.525,447.426,434.743,417.146,400.339,392.841,384.274,375.094,381.106,403.069,426.993,433.546,428.62,450.619,469.262,486.363,483.697,491.162,500.078,494.183,496.636,504.338,496.546,496.546,496.546,468.555,468.555,468.555,468.555,468.555,443.753,443.753,443.753,443.753,443.753,462.345,462.345,462.345,462.345,462.345,492.76,492.76,492.76,492.76,492.76,495.29,495.29,500.762,500.762,500.762,500.762,500.762,500.762,500.762,500.762,500.762,500.762,500.762,500.762,500.762,500.762,500.762,500.762,500.762,500.762,500.762,500.762,500.762,500.762,500.762,500.762,500.762,500.762,500.762,500.762,500.762,500.762,500.762,500.762,500.762,500.762,500.762,500.762,500.762,500.762,500.762,500.762,500.762,500.762,500.762
42,468.433,468.433,468.433,468.433,468.433,471.438,460.543,455.008,444.968,446.842,434.16,416.558,399.785,392.305,383.756,374.598,380.605,402.538,426.43,432.978,428.067,450.041,468.663,485.744,483.088,490.549,499.46,493.582,496.039,503.737,503.737,503.737,475.916,475.916,475.916,475.916,475.916,452.146,452.146,452.146,452.146,452.146,456.7,456.7,456.7,456.7,456.7,495.552,495.552,495.552,495.552,495.552,492.703,492.703,497.752,497.752,497.752,497.752,497.752,497.752,497.752,497.752,497.752,497.752,497.752,497.752,497.752,497.752,497.752,497.752,497.752,497.752,497.752,497.752,497.752,497.752,497.752,497.752,497.752,497.752,497.752,497.752,497.752,497.752,497.752,497.752,497.752,497.752,497.752,497.752,497.752,497.752,497.752,497.752,497.752,497.752,497.752
43,469.633,469.633,469.633,469.633,469.633,467.321,470.44,459.546,454.006,443.967,445.821,433.137,415.573,398.837,391.378,382.849,373.714,379.716,401.617,425.476,432.02,427.125,449.071,467.671,484.731,482.086,489.545,498.449,492.59,495.051,495.051,495.051,481.312,481.312,481.312,481.312,481.312,456.627,456.627,456.627,456.627,456.627,444.117,444.117,444.117,444.117,444.117,497.094,497.094,497.094,497.094,497.094,490.727,490.727,494.035,494.035,494.035,494.035,494.035,494.035,494.035,494.035,494.035,494.035,494.035,494.035,494.035,494.035,494.035,494.035,494.035,494.035,494.035,494.035,494.035,494.035,494.035,494.035,494.035,494.035,494.035,494.035,494.035,494.035,494.035,494.035,494.035,494.035,494.035,494.035,494.035,494.035,494.035,494.035,494.035,494.035,494.035
44,462.521,462.521,462.521,462.521,462.521,467.659,465.482,468.578,457.696,452.151,442.121,443.95,431.299,413.779,397.082,389.645,381.138,372.027,378.026,399.893,423.716,430.258,425.38,447.298,465.875,482.912,480.279,487.735,496.633,490.793,490.793,490.793,493.209,493.209,493.209,493.209,493.209,465.315,465.315,465.315,465.315,465.315,431.66,431.66,431.66,431.66,431.66,479.827,479.827,479.827,479.827,479.827,488.578,488.578,490.261,490.261,490.261,490.261,490.261,490.261,490.261,490.261,490.261,490.261,490.261,490.261,490.261,490.261,490.261,490.261,490.261,490.261,490.261,490.261,490.261,490.261,490.261,490.261,490.261,490.261,490.261,490.261,490.261,490.261,490.261,490.261,490.261,490.261,490.261,490.261,490.261,490.261,490.261,490.261,490.261,490.261,490.261
45,452.306,452.306,452.306,452.306,452.306,460.193,465.487,463.307,466.391,455.523,449.983,439.96,441.796,429.183,411.709,395.055,387.642,379.158,370.073,376.069,397.902,421.69,428.228,423.367,445.256,463.809,480.825,478.204,485.657,494.549,494.549,494.549,498.881,498.881,498.881,498.881,498.881,460.725,460.725,460.725,460.725,460.725,429.813,429.813,429.813,429.813,429.813,465.245,465.245,465.245,465.245,465.245,486.966,486.966,487.214,487.214,487.214,487.214,487.214,487.214,487.214,487.214,487.214,487.214,487.214,487.214,487.214,487.214,487.214,487.214,487.214,487.214,487.214,487.214,487.214,487.214,487.214,487.214,487.214,487.214,487.214,487.214,487.214,487.214,487.214,487.214,487.214,487.214,487.214,487.214,487.214,487.214,487.214,487.214,487.214,487.214,487.214
46,439.86,439.86,439.86,439.86,439.86,450.305,458.361,463.642,461.472,464.545,453.7,448.165,438.18,440.025,427.454,410.028,393.421,386.033,377.575,368.517,374.512,396.309,420.062,426.596,421.753,443.612,462.14,479.133,476.526,483.974,483.974,483.974,489.532,489.532,489.532,489.532,489.532,461.846,461.846,461.846,461.846,461.846,437.392,437.392,437.392,437.392,437.392,456.015,456.015,456.015,456.015,456.015,486.39,486.39,485.191,485.191,485.191,485.191,485.191,485.191,485.191,485.191,485.191,485.191,485.191,485.191,485.191,485.191,485.191,485.191,485.191,485.191,485.191,485.191,485.191,485.191,485.191,485.191,485.191,485.191,485.191,485.191,485.191,485.191,485.191,485.191,485.191,485.191,485.191,485.191,485.191,485.191,485.191,485.191,485.191,485.191,485.191
47,430.197,430.197,430.197,430.197,430.197,438.638,449.216,457.258,462.534,460.374,463.444,452.623,447.12,437.175,439.033,426.505,409.132,392.574,385.214,376.783,367.755,373.747,395.508,419.222,425.754,420.929,442.756,461.259,478.228,475.634,475.634,475.634,486.175,486.175,486.175,486.175,486.175,468.845,468.845,468.845,468.845,468.845,445.439,445.439,445.439,445.439,445.439,450.127,450.127,450.127,450.127,450.127,488.876,488.876,484.764,484.764,484.764,484.764,484.764,484.764,484.764,484.764,484.764,484.764,484.764,484.764,484.764,484.764,484.764,484.764,484.764,484.764,484.764,484.764,484.764,484.764,484.764,484.764,484.764,484.764,484.764,484.764,484.764,484.764,484.764,484.764,484.764,484.764,484.764,484.764,484.764,484.764,484.764,484.764,484.764,484.764,484.764
48,413.961,413.961,413.961,413.961,413.961,429.118,437.683,448.244,456.277,461.547,459.405,462.47,451.698,446.229,436.329,438.199,425.719,408.401,391.896,384.565,376.164,367.167,373.156,394.878,418.552,425.08,420.275,442.067,460.542,477.485,477.485,477.485,491.217,491.217,491.217,491.217,491.217,474.438,474.438,474.438,474.438,474.438,450.147,450.147,450.147,450.147,450.147,437.915,437.915,437.915,437.915,437.915,490.676,490.676,485.141,485.141,485.141,485.141,485.141,485.141,485.141,485.141,485.141,485.141,485.141,485.141,485.141,485.141,485.141,485.141,485.141,485.141,485.141,485.141,485.141,485.141,485.141,485.141,485.141,485.141,485.141,485.141,485.141,485.141,485.141,485.141,485.141,485.141,485.141,485.141,485.141,485.141,485.141,485.141,485.141,485.141,485.141
49,406.749,406.749,406.749,406.749,406.749,412.883,428.135,436.685,447.23,455.249,460.515,458.389,461.467,450.747,445.314,435.461,437.343,424.913,407.656,391.208,383.908,375.539,366.575,372.56,394.24,417.867,424.39,419.608,441.359,459.804,459.804,459.804,481.589,481.589,481.589,481.589,481.589,487.245,487.245,487.245,487.245,487.245,459.804,459.804,459.804,459.804,459.804,426.625,426.625,426.625,426.625,426.625,474.589,474.589,487.774,487.774,487.774,487.774,487.774,487.774,487.774,487.774,487.774,487.774,487.774,487.774,487.774,487.774,487.774,487.774,487.774,487.774,487.774,487.774,487.774,487.774,487.774,487.774,487.774,487.774,487.774,487.774,487.774,487.774,487.774,487.774,487.774,487.774,487.774,487.774,487.774,487.774,487.774,487.774,487.774,487.774,487.774
50,401.315,401.315,401.315,401.315,401.315,405.543,411.795,427.009,435.542,446.068,454.073,459.332,457.237,460.329,449.665,444.268,434.463,436.359,423.983,406.792,390.405,383.137,374.803,365.876,371.855,393.487,417.063,423.581,418.823,440.531,440.531,440.531,473.279,473.279,473.279,473.279,473.279,494.004,494.004,494.004,494.004,494.004,456.439,456.439,456.439,456.439,456.439,426.011,426.011,426.011,426.011,426.011,461.337,461.337,489.438,489.438,489.438,489.438,489.438,489.438,489.438,489.438,489.438,489.438,489.438,489.438,489.438,489.438,489.438,489.438,489.438,489.438,489.438,489.438,489.438,489.438,489.438,489.438,489.438,489.438,489.438,489.438,489.438,489.438,489.438,489.438,489.438,489.438,489.438,489.438,489.438,489.438,489.438,489.438,489.438,489.438,489.438
51,386,386,386,386,386,399.8,404.153,410.396,425.57,434.091,444.595,452.584,457.852,455.79,458.895,448.29,442.932,433.18,435.088,422.769,405.649,389.328,382.095,373.799,364.911,370.884,392.463,415.984,422.496,417.764,417.764,417.764,474.646,474.646,474.646,474.646,474.646,485.208,485.208,485.208,485.208,485.208,458.057,458.057,458.057,458.057,458.057,434.075,434.075,434.075,434.075,434.075,452.738,452.738,473.021,473.021,473.021,473.021,473.021,473.021,473.021,473.021,473.021,473.021,473.021,473.021,473.021,473.021,473.021,473.021,473.021,473.021,473.021,473.021,473.021,473.021,473.021,473.021,473.021,473.021,473.021,473.021,473.021,473.021,473.021,473.021,473.021,473.021,473.021,473.021,473.021,473.021,473.021,473.021,473.021,473.021,473.021
52,371.776,371.776,371.776,371.776,371.776,384.18,398.059,402.41,408.648,423.784,432.29,442.77,450.758,456.033,454.007,457.125,446.583,441.265,431.57,433.49,421.232,404.187,387.936,380.741,372.485,363.637,369.604,391.127,414.587,421.093,421.093,421.093,456.332,456.332,456.332,456.332,456.332,481.234,481.234,481.234,481.234,481.234,464.381,464.381,464.381,464.381,464.381,441.484,441.484,441.484,441.484,441.484,446.363,446.363,459.236,459.236,459.236,459.236,459.236,459.236,459.236,459.236,459.236,459.236,459.236,459.236,459.236,459.236,459.236,459.236,459.236,459.236,459.236,459.236,459.236,459.236,459.236,459.236,459.236,459.236,459.236,459.236,459.236,459.236,459.236,459.236,459.236,459.236,459.236,459.236,459.236,459.236,459.236,459.236,459.236,459.236,459.236
53,361.558,361.558,361.558,361.558,361.558,369.616,382.091,395.924,400.281,406.516,421.61,430.1,440.569,448.554,453.835,451.848,454.979,444.503,439.225,429.589,431.521,419.329,402.362,386.186,379.031,370.817,362.013,367.973,389.435,412.831,412.831,412.831,436.21,436.21,436.21,436.21,436.21,485.018,485.018,485.018,485.018,485.018,468.759,468.759,468.759,468.759,468.759,445.049,445.049,445.049,445.049,445.049,433.217,433.217,449.998,449.998,449.998,449.998,449.998,449.998,449.998,449.998,449.998,449.998,449.998,449.998,449.998,449.998,449.998,449.998,449.998,449.998,449.998,449.998,449.998,449.998,449.998,449.998,449.998,449.998,449.998,449.998,449.998,449.998,449.998,449.998,449.998,449.998,449.998,449.998,449.998,449.998,449.998,449.998,449.998,449.998,449.998
54,361.592,361.592,361.592,361.592,361.592,359.325,367.46,379.889,393.677,398.038,404.27,419.317,427.802,438.258,446.239,451.526,449.577,452.721,442.314,437.08,427.505,429.45,417.326,400.443,384.345,377.233,369.062,360.307,366.258,387.655,387.655,387.655,412.829,412.829,412.829,412.829,412.829,474.24,474.24,474.24,474.24,474.24,480.155,480.155,480.155,480.155,480.155,453.391,453.391,453.391,453.391,453.391,420.916,420.916,443.2,443.2,443.2,443.2,443.2,443.2,443.2,443.2,443.2,443.2,443.2,443.2,443.2,443.2,443.2,443.2,443.2,443.2,443.2,443.2,443.2,443.2,443.2,443.2,443.2,443.2,443.2,443.2,443.2,443.2,443.2,443.2,443.2,443.2,443.2,443.2,443.2,443.2,443.2,443.2,443.2,443.2,443.2
55,355.208,355.208,355.208,355.208,355.208,359.263,357.115,365.22,377.6,391.343,395.71,401.938,416.945,425.423,435.863,443.838,449.13,447.221,450.377,440.042,434.855,425.345,427.302,415.252,398.456,382.442,375.376,367.252,358.547,364.488,364.488,364.488,415.548,415.548,415.548,415.548,415.548,464.816,464.816,464.816,464.816,464.816,485.605,485.605,485.605,485.605,485.605,448.92,448.92,448.92,448.92,448.92,419.213,419.213,429.967,429.967,429.967,429.967,429.967,429.967,429.967,429.967,429.967,429.967,429.967,429.967,429.967,429.967,429.967,429.967,429.967,429.967,429.967,429.967,429.967,429.967,429.967,429.967,429.967,429.967,429.967,429.967,429.967,429.967,429.967,429.967,429.967,429.967,429.967,429.967,429.967,429.967,429.967,429.967,429.967,429.967,429.967
56,350.42,350.42,350.42,350.42,350.42,352.811,356.951,354.829,362.902,375.233,388.927,393.302,399.532,414.497,422.963,433.386,441.354,446.651,444.781,447.951,437.691,432.552,423.109,425.079,413.106,396.402,380.477,373.459,365.384,356.732,356.732,356.732,407.09,407.09,407.09,407.09,407.09,465.132,465.132,465.132,465.132,465.132,475.923,475.923,475.923,475.923,475.923,449.561,449.561,449.561,449.561,449.561,426.264,426.264,417.611,417.611,417.611,417.611,417.611,417.611,417.611,417.611,417.611,417.611,417.611,417.611,417.611,417.611,417.611,417.611,417.611,417.611,417.611,417.611,417.611,417.611,417.611,417.611,417.611,417.611,417.611,417.611,417.611,417.611,417.611,417.611,417.611,417.611,417.611,417.611,417.611,417.611,417.611,417.611,417.611,417.611,417.611
57,351.514,351.514,351.514,351.514,351.514,347.715,350.219,354.353,352.259,360.298,372.581,386.226,390.61,396.84,411.76,420.214,430.616,438.576,443.876,442.048,445.23,435.047,429.958,420.586,422.569,410.675,394.069,378.237,371.269,363.246,363.246,363.246,381.745,381.745,381.745,381.745,381.745,446.143,446.143,446.143,446.143,446.143,471.017,471.017,471.017,471.017,471.017,454.844,454.844,454.844,454.844,454.844,432.68,432.68,415.569,415.569,415.569,415.569,415.569,415.569,415.569,415.569,415.569,415.569,415.569,415.569,415.569,415.569,415.569,415.569,415.569,415.569,415.569,415.569,415.569,415.569,415.569,415.569,415.569,415.569,415.569,415.569,415.569,415.569,415.569,415.569,415.569,415.569,415.569,415.569,415.569,415.569,415.569,415.569,415.569,415.569,415.569
58,359.958,359.958,359.958,359.958,359.958,348.434,344.815,347.332,351.463,349.397,357.401,369.633,383.229,387.621,393.85,408.721,417.16,427.539,435.49,440.792,439.006,442.2,432.097,427.06,417.762,419.757,407.946,391.444,375.709,368.793,368.793,368.793,358.195,358.195,358.195,358.195,358.195,425.466,425.466,425.466,425.466,425.466,473.783,473.783,473.783,473.783,473.783,458.252,458.252,458.252,458.252,458.252,435.346,435.346,421.988,421.988,421.988,421.988,421.988,421.988,421.988,421.988,421.988,421.988,421.988,421.988,421.988,421.988,421.988,421.988,421.988,421.988,421.988,421.988,421.988,421.988,421.988,421.988,421.988,421.988,421.988,421.988,421.988,421.988,421.988,421.988,421.988,421.988,421.988,421.988,421.988,421.988,421.988,421.988,421.988,421.988,421.988
59,371.073,371.073,371.073,371.073,371.073,356.311,345.061,341.518,344.05,348.175,346.138,354.106,366.287,379.829,384.228,390.456,405.273,413.696,424.049,431.986,437.29,435.548,438.752,428.735,423.752,414.531,416.539,404.816,388.423,372.791,372.791,372.791,349.545,349.545,349.545,349.545,349.545,401.338,401.338,401.338,401.338,401.338,461.947,461.947,461.947,461.947,461.947,468.216,468.216,468.216,468.216,468.216,442.384,442.384,427.651,427.651,427.651,427.651,427.651,427.651,427.651,427.651,427.651,427.651,427.651,427.651,427.651,427.651,427.651,427.651,427.651,427.651,427.651,427.651,427.651,427.651,427.651,427.651,427.651,427.651,427.651,427.651,427.651,427.651,427.651,427.651,427.651,427.651,427.651,427.651,427.651,427.651,427.651,427.651,427.651,427.651,427.651
60,395.908,395.908,395.908,395.908,395.908,366.618,352.214,341.121,337.658,340.207,344.323,342.318,350.254,362.378,375.86,380.267,386.491,401.247,409.651,419.975,427.896,433.202,431.505,434.719,424.793,419.867,410.729,412.751,401.122,384.846,384.846,384.846,354.678,354.678,354.678,354.678,354.678,402.29,402.29,402.29,402.29,402.29,450.956,450.956,450.956,450.956,450.956,471.817,471.817,471.817,471.817,471.817,436.338,436.338,429.327,429.327,429.327,429.327,429.327,429.327,429.327,429.327,429.327,429.327,429.327,429.327,429.327,429.327,429.327,429.327,429.327,429.327,429.327,429.327,429.327,429.327,429.327,429.327,429.327,429.327,429.327,429.327,429.327,429.327,429.327,429.327,429.327,429.327,429.327,429.327,429.327,429.327,429.327,429.327,429.327,429.327,429.327
61,413.427,413.427,413.427,413.427,413.427,390.596,361.854,347.675,336.751,333.373,335.935,340.043,338.078,345.976,358.038,371.454,375.867,382.086,396.773,405.156,415.446,423.348,428.653,427.005,430.229,420.401,415.538,406.49,408.524,396.999,396.999,396.999,358.72,358.72,358.72,358.72,358.72,391.97,391.97,391.97,391.97,391.97,449.139,449.139,449.139,449.139,449.139,460.232,460.232,460.232,460.232,460.232,434.947,434.947,435.302,435.302,435.302,435.302,435.302,435.302,435.302,435.302,435.302,435.302,435.302,435.302,435.302,435.302,435.302,435.302,435.302,435.302,435.302,435.302,435.302,435.302,435.302,435.302,435.302,435.302,435.302,435.302,435.302,435.302,435.302,435.302,435.302,435.302,435.302,435.302,435.302,435.302,435.302,435.302,435.302,435.302,435.302
62,333.059,333.059,333.059,333.059,333.059,407.766,385.481,357.144,343.202,332.459,329.168,331.744,335.848,333.925,341.783,353.777,367.121,371.538,377.749,392.361,400.717,410.968,418.848,424.15,422.555,425.788,416.067,411.271,402.32,404.368,404.368,404.368,361.686,361.686,361.686,361.686,361.686,365.605,365.605,365.605,365.605,365.605,428.85,428.85,428.85,428.85,428.85,453.672,453.672,453.672,453.672,453.672,438.44,438.44,428.949,428.949,428.949,428.949,428.949,428.949,428.949,428.949,428.949,428.949,428.949,428.949,428.949,428.949,428.949,428.949,428.949,428.949,428.949,428.949,428.949,428.949,428.949,428.949,428.949,428.949,428.949,428.949,428.949,428.949,428.949,428.949,428.949,428.949,428.949,428.949,428.949,428.949,428.949,428.949,428.949,428.949,428.949
63,322.775,322.775,322.775,322.775,322.775,328.373,402.508,380.613,352.699,339.005,328.446,325.246,327.84,331.94,330.064,337.878,349.798,363.064,367.484,373.683,388.212,396.538,406.747,414.601,419.899,418.358,421.6,411.992,407.268,398.42,398.42,398.42,373.333,373.333,373.333,373.333,373.333,341.673,341.673,341.673,341.673,341.673,407.541,407.541,407.541,407.541,407.541,455.135,455.135,455.135,455.135,455.135,440.624,440.624,427.893,427.893,427.893,427.893,427.893,427.893,427.893,427.893,427.893,427.893,427.893,427.893,427.893,427.893,427.893,427.893,427.893,427.893,427.893,427.893,427.893,427.893,427.893,427.893,427.893,427.893,427.893,427.893,427.893,427.893,427.893,427.893,427.893,427.893,427.893,427.893,427.893,427.893,427.893,427.893,427.893,427.893,427.893
64,315.049,315.049,315.049,315.049,315.049,317.862,323.64,397.019,375.527,348.048,334.608,324.241,321.138,323.75,327.844,326.018,333.785,345.626,358.809,363.229,369.414,383.853,392.145,402.307,410.132,415.423,413.938,417.189,407.701,403.052,403.052,403.052,385.227,385.227,385.227,385.227,385.227,332.449,332.449,332.449,332.449,332.449,383.158,383.158,383.158,383.158,383.158,442.575,442.575,442.575,442.575,442.575,449.335,449.335,431.364,431.364,431.364,431.364,431.364,431.364,431.364,431.364,431.364,431.364,431.364,431.364,431.364,431.364,431.364,431.364,431.364,431.364,431.364,431.364,431.364,431.364,431.364,431.364,431.364,431.364,431.364,431.364,431.364,431.364,431.364,431.364,431.364,431.364,431.364,431.364,431.364,431.364,431.364,431.364,431.364,431.364,431.364
65,298.983,298.983,298.983,298.983,298.983,309.685,312.72,318.53,391.104,370.025,342.999,329.818,319.653,316.65,319.279,323.367,321.591,329.311,341.067,354.157,358.577,364.744,379.086,387.34,397.45,405.243,410.526,409.098,412.358,402.996,402.996,402.996,391.901,391.901,391.901,391.901,391.901,336.68,336.68,336.68,336.68,336.68,383.254,383.254,383.254,383.254,383.254,431.003,431.003,431.003,431.003,431.003,451.942,451.942,432.848,432.848,432.848,432.848,432.848,432.848,432.848,432.848,432.848,432.848,432.848,432.848,432.848,432.848,432.848,432.848,432.848,432.848,432.848,432.848,432.848,432.848,432.848,432.848,432.848,432.848,432.848,432.848,432.848,432.848,432.848,432.848,432.848,432.848,432.848,432.848,432.848,432.848,432.848,432.848,432.848,432.848,432.848
66,267.922,267.922,267.922,267.922,267.922,293.68,304.474,307.57,313.405,385.13,364.475,337.912,325.003,315.044,312.142,314.788,318.869,317.146,324.815,336.48,349.471,353.89,360.035,374.273,382.485,392.537,400.294,405.568,404.199,407.467,407.467,407.467,385.254,385.254,385.254,385.254,385.254,340.177,340.177,340.177,340.177,340.177,372.837,372.837,372.837,372.837,372.837,428.688,428.688,428.688,428.688,428.688,440.191,440.191,440.904,440.904,440.904,440.904,440.904,440.904,440.904,440.904,440.904,440.904,440.904,440.904,440.904,440.904,440.904,440.904,440.904,440.904,440.904,440.904,440.904,440.904,440.904,440.904,440.904,440.904,440.904,440.904,440.904,440.904,440.904,440.904,440.904,440.904,440.904,440.904,440.904,440.904,440.904,440.904,440.904,440.904,440.904
67,248.73,248.73,248.73,248.73,248.73,263.252,288.839,299.564,302.717,308.572,379.403,359.181,333.099,320.468,310.721,307.922,310.583,314.654,312.987,320.601,332.17,345.057,349.471,355.592,369.716,377.882,387.872,395.591,400.852,399.545,399.545,399.545,389.334,389.334,389.334,389.334,389.334,342.757,342.757,342.757,342.757,342.757,347.235,347.235,347.235,347.235,347.235,408.776,408.776,408.776,408.776,408.776,433.483,433.483,443.571,443.571,443.571,443.571,443.571,443.571,443.571,443.571,443.571,443.571,443.571,443.571,443.571,443.571,443.571,443.571,443.571,443.571,443.571,443.571,443.571,443.571,443.571,443.571,443.571,443.571,443.571,443.571,443.571,443.571,443.571,443.571,443.571,443.571,443.571,443.571,443.571,443.571,443.571,443.571,443.571,443.571,443.571
68,255.811,255.811,255.811,255.811,255.811,244.282,258.785,284.051,294.698,297.906,303.776,373.666,353.888,328.302,315.953,306.425,303.73,306.406,310.466,308.858,316.414,327.881,340.655,345.061,351.157,365.159,373.274,383.196,390.873,396.12,396.12,396.12,389.22,389.22,389.22,389.22,389.22,353.307,353.307,353.307,353.307,353.307,323.849,323.849,323.849,323.849,323.849,387.691,387.691,387.691,387.691,387.691,434.214,434.214,432.153,432.153,432.153,432.153,432.153,432.153,432.153,432.153,432.153,432.153,432.153,432.153,432.153,432.153,432.153,432.153,432.153,432.153,432.153,432.153,432.153,432.153,432.153,432.153,432.153,432.153,432.153,432.153,432.153,432.153,432.153,432.153,432.153,432.153,432.153,432.153,432.153,432.153,432.153,432.153,432.153,432.153,432.153
69,253.094,253.094,253.094,253.094,253.094,250.868,239.81,254.162,279.091,289.651,292.911,298.789,367.696,348.37,323.294,311.231,301.926,299.336,302.025,306.073,304.527,312.021,323.381,336.035,340.431,346.497,360.369,368.43,378.279,385.91,385.91,385.91,393.257,393.257,393.257,393.257,393.257,363.935,363.935,363.935,363.935,363.935,314.558,314.558,314.558,314.558,314.558,363.724,363.724,363.724,363.724,363.724,421.441,421.441,425.204,425.204,425.204,425.204,425.204,425.204,425.204,425.204,425.204,425.204,425.204,425.204,425.204,425.204,425.204,425.204,425.204,425.204,425.204,425.204,425.204,425.204,425.204,425.204,425.204,425.204,425.204,425.204,425.204,425.204,425.204,425.204,425.204,425.204,425.204,425.204,425.204,425.204,425.204,425.204,425.204,425.204,425.204
70,246.551,246.551,246.551,246.551,246.551,247.746,245.871,235.152,249.344,273.918,284.385,287.691,293.574,361.455,342.587,318.03,306.258,297.179,294.695,297.394,301.43,299.949,307.376,318.622,331.151,335.535,341.568,355.301,363.303,373.075,373.075,373.075,384.766,384.766,384.766,384.766,384.766,369.578,369.578,369.578,369.578,369.578,318.165,318.165,318.165,318.165,318.165,363.288,363.288,363.288,363.288,363.288,409.741,409.741,425.259,425.259,425.259,425.259,425.259,425.259,425.259,425.259,425.259,425.259,425.259,425.259,425.259,425.259,425.259,425.259,425.259,425.259,425.259,425.259,425.259,425.259,425.259,425.259,425.259,425.259,425.259,425.259,425.259,425.259,425.259,425.259,425.259,425.259,425.259,425.259,425.259,425.259,425.259,425.259,425.259,425.259,425.259
71,236.744,236.744,236.744,236.744,236.744,240.717,242.244,240.574,230.2,244.216,268.415,278.78,282.132,288.012,354.811,336.413,312.39,300.915,292.068,289.692,292.4,296.422,295.007,302.365,313.49,325.884,330.253,336.248,349.835,357.773,357.773,357.773,380.186,380.186,380.186,380.186,380.186,362.221,362.221,362.221,362.221,362.221,320.673,320.673,320.673,320.673,320.673,352.496,352.496,352.496,352.496,352.496,406.53,406.53,411.912,411.912,411.912,411.912,411.912,411.912,411.912,411.912,411.912,411.912,411.912,411.912,411.912,411.912,411.912,411.912,411.912,411.912,411.912,411.912,411.912,411.912,411.912,411.912,411.912,411.912,411.912,411.912,411.912,411.912,411.912,411.912,411.912,411.912,411.912,411.912,411.912,411.912,411.912,411.912,411.912,411.912,411.912
72,225.966,225.966,225.966,225.966,225.966,230.457,234.742,236.443,234.975,224.951,238.777,262.58,272.835,276.227,282.098,347.749,329.835,306.365,295.196,286.587,284.321,287.037,291.042,289.698,296.981,307.976,320.226,324.578,330.531,343.959,343.959,343.959,368.899,368.899,368.899,368.899,368.899,364.27,364.27,364.27,364.27,364.27,321.601,321.601,321.601,321.601,321.601,326.763,326.763,326.763,326.763,326.763,385.981,385.981,399.494,399.494,399.494,399.494,399.494,399.494,399.494,399.494,399.494,399.494,399.494,399.494,399.494,399.494,399.494,399.494,399.494,399.494,399.494,399.494,399.494,399.494,399.494,399.494,399.494,399.494,399.494,399.494,399.494,399.494,399.494,399.494,399.494,399.494,399.494,399.494,399.494,399.494,399.494,399.494,399.494,399.494,399.494
73,214.462,214.462,214.462,214.462,214.462,219.384,224.21,228.633,230.499,229.229,219.558,233.181,256.567,266.702,270.129,275.983,340.427,323.006,300.106,289.248,280.883,278.728,281.451,285.435,284.166,291.37,302.227,314.322,318.654,324.561,324.561,324.561,355.121,355.121,355.121,355.121,355.121,362.044,362.044,362.044,362.044,362.044,329.656,329.656,329.656,329.656,329.656,303.036,303.036,303.036,303.036,303.036,364.142,364.142,395.491,395.491,395.491,395.491,395.491,395.491,395.491,395.491,395.491,395.491,395.491,395.491,395.491,395.491,395.491,395.491,395.491,395.491,395.491,395.491,395.491,395.491,395.491,395.491,395.491,395.491,395.491,395.491,395.491,395.491,395.491,395.491,395.491,395.491,395.491,395.491,395.491,395.491,395.491,395.491,395.491,395.491,395.491
74,199.581,199.581,199.581,199.581,199.581,207.706,212.975,217.954,222.503,224.524,223.445,214.133,227.537,250.483,260.487,263.943,269.771,332.943,316.027,293.714,283.177,275.061,273.02,275.747,279.708,278.517,285.636,296.347,308.277,312.585,312.585,312.585,339.244,339.244,339.244,339.244,339.244,363.643,363.643,363.643,363.643,363.643,337.686,337.686,337.686,337.686,337.686,292.711,292.711,292.711,292.711,292.711,339.783,339.783,374.844,374.844,374.844,374.844,374.844,374.844,374.844,374.844,374.844,374.844,374.844,374.844,374.844,374.844,374.844,374.844,374.844,374.844,374.844,374.844,374.844,374.844,374.844,374.844,374.844,374.844,374.844,374.844,374.844,374.844,374.844,374.844,374.844,374.844,374.844,374.844,374.844,374.844,374.844,374.844,374.844,374.844,374.844
75,192.388,192.388,192.388,192.388,192.388,192.606,200.984,206.415,211.533,216.195,218.361,217.471,208.53,221.697,244.171,254.031,257.51,263.303,325.116,308.725,287.024,276.82,268.963,267.039,269.769,273.703,272.595,279.622,290.174,301.927,301.927,301.927,324.903,324.903,324.903,324.903,324.903,353.489,353.489,353.489,353.489,353.489,340.846,340.846,340.846,340.846,340.846,294.383,294.383,294.383,294.383,294.383,337.504,337.504,352.928,352.928,352.928,352.928,352.928,352.928,352.928,352.928,352.928,352.928,352.928,352.928,352.928,352.928,352.928,352.928,352.928,352.928,352.928,352.928,352.928,352.928,352.928,352.928,352.928,352.928,352.928,352.928,352.928,352.928,352.928,352.928,352.928,352.928,352.928,352.928,352.928,352.928,352.928,352.928,352.928,352.928,352.928
76,186.111,186.111,186.111,186.111,186.111,184.823,185.586,194.021,199.594,204.836,209.595,211.899,211.196,202.635,215.544,237.513,247.211,250.708,256.455,316.812,300.968,279.911,270.054,262.468,260.663,263.392,267.297,266.275,273.205,283.585,283.585,283.585,305.14,305.14,305.14,305.14,305.14,346.79,346.79,346.79,346.79,346.79,331.828,331.828,331.828,331.828,331.828,294.886,294.886,294.886,294.886,294.886,325.501,325.501,328.361,328.361,328.361,328.361,328.361,328.361,328.361,328.361,328.361,328.361,328.361,328.361,328.361,328.361,328.361,328.361,328.361,328.361,328.361,328.361,328.361,328.361,328.361,328.361,328.361,328.361,328.361,328.361,328.361,328.361,328.361,328.361,328.361,328.361,328.361,328.361,328.361,328.361,328.361,328.361,328.361,328.361,328.361
77,177.746,177.746,177.746,177.746,177.746,177.895,177.256,178.359,186.826,192.521,197.867,202.709,205.14,204.62,196.45,209.079,230.505,240.024,243.532,249.222,308.019,292.746,272.364,262.868,255.564,253.884,256.608,260.481,259.549,266.373,266.373,266.373,292.135,292.135,292.135,292.135,292.135,333.85,333.85,333.85,333.85,333.85,331.264,331.264,331.264,331.264,331.264,293.74,293.74,293.74,293.74,293.74,299.732,299.732,325.026,325.026,325.026,325.026,325.026,325.026,325.026,325.026,325.026,325.026,325.026,325.026,325.026,325.026,325.026,325.026,325.026,325.026,325.026,325.026,325.026,325.026,325.026,325.026,325.026,325.026,325.026,325.026,325.026,325.026,325.026,325.026,325.026,325.026,325.026,325.026,325.026,325.026,325.026,325.026,325.026,325.026,325.026
78,164.994,164.994,164.994,164.994,164.994,169.015,169.765,169.553,170.974,179.444,185.239,190.667,195.575,198.119,197.777,190.005,202.332,223.18,232.503,236.014,241.635,298.776,284.091,264.415,255.291,248.28,246.728,249.444,253.28,252.443,252.443,252.443,280.269,280.269,280.269,280.269,280.269,318.496,318.496,318.496,318.496,318.496,326.467,326.467,326.467,326.467,326.467,298.747,298.747,298.747,298.747,298.747,275.904,275.904,312.304,312.304,312.304,312.304,312.304,312.304,312.304,312.304,312.304,312.304,312.304,312.304,312.304,312.304,312.304,312.304,312.304,312.304,312.304,312.304,312.304,312.304,312.304,312.304,312.304,312.304,312.304,312.304,312.304,312.304,312.304,312.304,312.304,312.304,312.304,312.304,312.304,312.304,312.304,312.304,312.304,312.304,312.304
79,151.537,151.537,151.537,151.537,151.537,156.029,160.447,161.562,161.748,163.461,171.906,177.772,183.262,188.215,190.859,190.69,183.324,195.323,215.556,224.667,228.172,233.711,289.095,275.018,256.077,247.338,240.63,239.208,241.912,245.706,245.706,245.706,261.33,261.33,261.33,261.33,261.33,301.045,301.045,301.045,301.045,301.045,324.659,324.659,324.659,324.659,324.659,303.175,303.175,303.175,303.175,303.175,264.169,264.169,286.461,286.461,286.461,286.461,286.461,286.461,286.461,286.461,286.461,286.461,286.461,286.461,286.461,286.461,286.461,286.461,286.461,286.461,286.461,286.461,286.461,286.461,286.461,286.461,286.461,286.461,286.461,286.461,286.461,286.461,286.461,286.461,286.461,286.461,286.461,286.461,286.461,286.461,286.461,286.461,286.461,286.461,286.461
80,137.734,137.734,137.734,137.734,137.734,142.392,147.218,151.779,153.228,153.787,155.773,164.157,170.071,175.596,180.575,183.307,183.303,176.352,187.998,207.572,216.45,219.94,225.382,278.892,265.447,247.276,238.937,232.547,231.257,233.945,233.945,233.945,243.501,243.501,243.501,243.501,243.501,284.889,284.889,284.889,284.889,284.889,312.02,312.02,312.02,312.02,312.02,302.719,302.719,302.719,302.719,302.719,263.004,263.004,262.542,262.542,262.542,262.542,262.542,262.542,262.542,262.542,262.542,262.542,262.542,262.542,262.542,262.542,262.542,262.542,262.542,262.542,262.542,262.542,262.542,262.542,262.542,262.542,262.542,262.542,262.542,262.542,262.542,262.542,262.542,262.542,262.542,262.542,262.542,262.542,262.542,262.542,262.542,262.542,262.542,262.542,262.542
81,128.621,128.621,128.621,128.621,128.621,128.439,133.358,138.252,142.922,144.674,145.583,147.815,156.106,162.038,167.574,172.556,175.36,175.514,168.988,180.251,199.121,207.743,211.207,216.538,268.045,255.259,237.896,229.975,223.916,222.763,222.763,222.763,228.598,228.598,228.598,228.598,228.598,263.916,263.916,263.916,263.916,263.916,302.119,302.119,302.119,302.119,302.119,291.102,291.102,291.102,291.102,291.102,260.429,260.429,250.002,250.002,250.002,250.002,250.002,250.002,250.002,250.002,250.002,250.002,250.002,250.002,250.002,250.002,250.002,250.002,250.002,250.002,250.002,250.002,250.002,250.002,250.002,250.002,250.002,250.002,250.002,250.002,250.002,250.002,250.002,250.002,250.002,250.002,250.002,250.002,250.002,250.002,250.002,250.002,250.002,250.002,250.002
82,117.087,117.087,117.087,117.087,117.087,118.918,119.298,124.207,129.131,133.875,135.899,137.127,139.577,147.739,153.657,159.176,164.137,166.994,167.298,161.203,172.056,190.177,198.521,201.947,207.152,256.539,244.434,227.913,220.425,214.71,214.71,214.71,219.977,219.977,219.977,219.977,219.977,248.741,248.741,248.741,248.741,248.741,286.521,286.521,286.521,286.521,286.521,286.492,286.492,286.492,286.492,286.492,255.952,255.952,247.229,247.229,247.229,247.229,247.229,247.229,247.229,247.229,247.229,247.229,247.229,247.229,247.229,247.229,247.229,247.229,247.229,247.229,247.229,247.229,247.229,247.229,247.229,247.229,247.229,247.229,247.229,247.229,247.229,247.229,247.229,247.229,247.229,247.229,247.229,247.229,247.229,247.229,247.229,247.229,247.229,247.229,247.229
83,104.061,104.061,104.061,104.061,104.061,107.298,109.506,110.166,115.027,119.946,124.727,126.985,128.495,131.13,139.126,144.997,150.47,155.383,158.275,158.715,153.054,163.471,180.806,188.854,192.231,197.294,244.467,233.057,217.403,210.357,210.357,210.357,206.741,206.741,206.741,206.741,206.741,234.422,234.422,234.422,234.422,234.422,268.74,268.74,268.74,268.74,268.74,277.814,277.814,277.814,277.814,277.814,256.32,256.32,243.018,243.018,243.018,243.018,243.018,243.018,243.018,243.018,243.018,243.018,243.018,243.018,243.018,243.018,243.018,243.018,243.018,243.018,243.018,243.018,243.018,243.018,243.018,243.018,243.018,243.018,243.018,243.018,243.018,243.018,243.018,243.018,243.018,243.018,243.018,243.018,243.018,243.018,243.018,243.018,243.018,243.018,243.018
84,91.883,91.883,91.883,91.883,91.883,94.562,98.011,100.313,101.207,105.988,110.863,115.64,118.094,119.847,122.63,130.423,136.214,141.61,146.449,149.356,149.917,144.688,154.647,171.163,178.895,182.211,187.117,231.99,221.286,206.523,206.523,206.523,194.199,194.199,194.199,194.199,194.199,214.3,214.3,214.3,214.3,214.3,249.277,249.277,249.277,249.277,249.277,271.377,271.377,271.377,271.377,271.377,255.714,255.714,237.085,237.085,237.085,237.085,237.085,237.085,237.085,237.085,237.085,237.085,237.085,237.085,237.085,237.085,237.085,237.085,237.085,237.085,237.085,237.085,237.085,237.085,237.085,237.085,237.085,237.085,237.085,237.085,237.085,237.085,237.085,237.085,237.085,237.085,237.085,237.085,237.085,237.085,237.085,237.085,237.085,237.085,237.085
85,80.73,80.73,80.73,80.73,80.73,82.76,85.669,89.053,91.41,92.499,97.167,101.962,106.697,109.303,111.259,114.154,121.708,127.385,132.674,137.413,140.313,140.981,136.178,145.658,161.328,168.726,171.968,176.704,219.204,209.214,209.214,209.214,184.592,184.592,184.592,184.592,184.592,195.457,195.457,195.457,195.457,195.457,231.175,231.175,231.175,231.175,231.175,255.854,255.854,255.854,255.854,255.854,250.667,250.667,235.69,235.69,235.69,235.69,235.69,235.69,235.69,235.69,235.69,235.69,235.69,235.69,235.69,235.69,235.69,235.69,235.69,235.69,235.69,235.69,235.69,235.69,235.69,235.69,235.69,235.69,235.69,235.69,235.69,235.69,235.69,235.69,235.69,235.69,235.69,235.69,235.69,235.69,235.69,235.69,235.69,235.69,235.69
86,73.174,73.174,73.174,73.174,73.174,71.981,74.273,77.136,80.424,82.803,84.049,88.569,93.248,97.903,100.62,102.739,105.708,112.987,118.517,123.667,128.28,131.151,131.911,127.529,136.51,151.303,158.35,161.507,166.056,206.112,206.112,206.112,178.252,178.252,178.252,178.252,178.252,179.379,179.379,179.379,179.379,179.379,209.576,209.576,209.576,209.576,209.576,242.688,242.688,242.688,242.688,242.688,236.393,236.393,233.263,233.263,233.263,233.263,233.263,233.263,233.263,233.263,233.263,233.263,233.263,233.263,233.263,233.263,233.263,233.263,233.263,233.263,233.263,233.263,233.263,233.263,233.263,233.263,233.263,233.263,233.263,233.263,233.263,233.263,233.263,233.263,233.263,233.263,233.263,233.263,233.263,233.263,233.263,233.263,233.263,233.263,233.263
87,66.358,66.358,66.358,66.358,66.358,64.44,63.882,66.16,68.944,72.107,74.474,75.84,80.182,84.712,89.249,92.035,94.276,97.283,104.251,109.6,114.583,119.042,121.862,122.697,118.729,127.19,141.081,147.759,150.818,155.169,155.169,155.169,172.195,172.195,172.195,172.195,172.195,168.466,168.466,168.466,168.466,168.466,193.006,193.006,193.006,193.006,193.006,225.144,225.144,225.144,225.144,225.144,227.823,227.823,226.564,226.564,226.564,226.564,226.564,226.564,226.564,226.564,226.564,226.564,226.564,226.564,226.564,226.564,226.564,226.564,226.564,226.564,226.564,226.564,226.564,226.564,226.564,226.564,226.564,226.564,226.564,226.564,226.564,226.564,226.564,226.564,226.564,226.564,226.564,226.564,226.564,226.564,226.564,226.564,226.564,226.564,226.564
88,53.879,53.879,53.879,53.879,53.879,57.545,56.382,56.156,58.38,61.054,64.065,66.389,67.838,71.973,76.317,80.7,83.515,85.837,88.843,95.467,100.604,105.387,109.666,112.415,113.309,109.745,117.668,130.632,136.926,139.875,139.875,139.875,171.208,171.208,171.208,171.208,171.208,154.131,154.131,154.131,154.131,154.131,177.307,177.307,177.307,177.307,177.307,206.094,206.094,206.094,206.094,206.094,215.878,215.878,211.379,211.379,211.379,211.379,211.379,211.379,211.379,211.379,211.379,211.379,211.379,211.379,211.379,211.379,211.379,211.379,211.379,211.379,211.379,211.379,211.379,211.379,211.379,211.379,211.379,211.379,211.379,211.379,211.379,211.379,211.379,211.379,211.379,211.379,211.379,211.379,211.379,211.379,211.379,211.379,211.379,211.379,211.379
89,39.117,39.117,39.117,39.117,39.117,45.805,49.431,48.703,48.743,50.878,53.41,56.242,58.49,59.986,63.883,68.007,72.196,74.998,77.361,80.328,86.569,91.457,96.007,100.079,102.732,103.668,100.506,107.866,119.866,125.753,125.753,125.753,164.834,164.834,164.834,164.834,164.834,140.279,140.279,140.279,140.279,140.279,157.264,157.264,157.264,157.264,157.264,185.755,185.755,185.755,185.755,185.755,205.22,205.22,201,201,201,201,201,201,201,201,201,201,201,201,201,201,201,201,201,201,201,201,201,201,201,201,201,201,201,201,201,201,201,201,201,201,201,201,201,201,201,201,201,201,201
90-94,89.155,89.155,89.155,89.155,89.155,95.893,107.833,121.31,132.445,141.819,149.648,156.551,163.891,172.494,181.309,191.77,203.819,217.296,231.041,244.896,258.419,274.438,291.389,309.368,327.915,345.331,358.644,365.165,375.316,393.316,393.316,393.316,457.419,457.419,457.419,457.419,457.419,557.799,557.799,557.799,557.799,557.799,550.651,550.651,550.651,550.651,550.651,650.462,650.462,650.462,650.462,650.462,763.48,763.48,787.849,787.849,787.849,787.849,787.849,787.849,787.849,787.849,787.849,787.849,787.849,787.849,787.849,787.849,787.849,787.849,787.849,787.849,787.849,787.849,787.849,787.849,787.849,787.849,787.849,787.849,787.849,787.849,787.849,787.849,787.849,787.849,787.849,787.849,787.849,787.849,787.849,787.849,787.849,787.849,787.849,787.849,787.849
95-99,17.812,17.812,17.812,17.812,17.812,19.125,20.546,21.677,22.525,23.562,26.586,31.273,36.476,40.763,44.459,48,51.577,55.502,59.849,64.298,69.677,76.02,83.265,90.807,98.49,106.256,115.454,125.172,135.249,145.363,145.363,145.363,165.978,165.978,165.978,165.978,165.978,217.35,217.35,217.35,217.35,217.35,270.935,270.935,270.935,270.935,270.935,279.13,279.13,279.13,279.13,279.13,341.336,341.336,370.731,370.731,370.731,370.731,370.731,370.731,370.731,370.731,370.731,370.731,370.731,370.731,370.731,370.731,370.731,370.731,370.731,370.731,370.731,370.731,370.731,370.731,370.731,370.731,370.731,370.731,370.731,370.731,370.731,370.731,370.731,370.731,370.731,370.731,370.731,370.731,370.731,370.731,370.731,370.731,370.731,370.731,370.731
100&over,1.388,1.388,1.388,1.388,1.388,1.569,1.77,1.972,2.196,2.435,2.686,2.943,3.17,3.382,3.665,4.353,5.373,6.502,7.441,8.298,9.243,10.307,11.515,12.839,14.225,15.956,18.063,20.548,23.226,26.029,26.029,26.029,36.508,36.508,36.508,36.508,36.508,54.202,54.202,54.202,54.202,54.202,77.065,77.065,77.065,77.065,77.065,102.041,102.041,102.041,102.041,102.041,115.978,115.978,127.438,127.438,127.438,127.438,127.438,127.438,127.438,127.438,127.438,127.438,127.438,127.438,127.438,127.438,127.438,127.438,127.438,127.438,127.438,127.438,127.438,127.438,127.438,127.438,127.438,127.438,127.438,127.438,127.438,127.438,127.438,127.438,127.438,127.438,127.438,127.438,127.438,127.438,127.438,127.438,127.438,127.438,127.438
