Ages,2004,2005,2006,2007,2008,2009,2010,2011,2012,2013,2014,2015,2016,2017,2018,2019,2020,2021,2022,2023,2024,2025,2026,2027,2028,2029,2030,2031,2032,2033,2034,2035,2036,2037,2038,2039,2040,2041,2042,2043,2044,2045,2046,2047,2048,2049,2050,2051,2052,2053,2054,2055,2056,2057,2058,2059,2060,2061,2062,2063,2064,2065,2066,2067,2068,2069,2070,2071,2072,2073,2074,2075,2076,2077,2078,2079,2080,2081,2082,2083
0,403.602,403.602,403.602,403.602,403.602,401.391,417.204,425.076,432.756,439.442,444.951,449.868,454.456,458.612,462.134,464.892,466.882,468.155,468.819,469.01,468.847,468.454,467.974,467.536,467.311,467.422,468.029,469.222,471.063,473.623,473.623,473.623,485.629,485.629,485.629,485.629,485.629,514.831,514.831,514.831,514.831,514.831,541.367,541.367,541.367,541.367,541.367,557.165,557.165,557.165,557.165,557.165,565.906,565.906,569.22,569.22,569.22,569.22,569.22,569.22,569.22,569.22,569.22,569.22,569.22,569.22,569.22,569.22,569.22,569.22,569.22,569.22,569.22,569.22,569.22,569.22,569.22,569.22,569.22,569.22
1,387.641,387.641,387.641,387.641,387.641,403.578,401.563,417.343,425.196,432.856,439.522,445.01,449.927,454.516,458.673,462.199,464.961,466.954,468.233,468.903,469.1,468.944,468.559,468.084,467.653,467.434,467.553,468.165,469.365,471.21,471.21,471.21,481.094,481.094,481.094,481.094,481.094,508.885,508.885,508.885,508.885,508.885,537.059,537.059,537.059,537.059,537.059,555.007,555.007,555.007,555.007,555.007,564.577,564.577,567.746,567.746,567.746,567.746,567.746,567.746,567.746,567.746,567.746,567.746,567.746,567.746,567.746,567.746,567.746,567.746,567.746,567.746,567.746,567.746,567.746,567.746,567.746,567.746,567.746,567.746
2,374.939,374.939,374.939,374.939,374.939,387.881,403.953,401.927,417.694,425.534,433.181,439.828,445.318,450.237,454.827,458.985,462.514,465.277,467.271,468.552,469.224,469.423,469.27,468.887,468.413,467.985,467.767,467.887,468.501,469.703,469.703,469.703,477.414,477.414,477.414,477.414,477.414,503.105,503.105,503.105,503.105,503.105,532.443,532.443,532.443,532.443,532.443,552.632,552.632,552.632,552.632,552.632,563.341,563.341,566.493,566.493,566.493,566.493,566.493,566.493,566.493,566.493,566.493,566.493,566.493,566.493,566.493,566.493,566.493,566.493,566.493,566.493,566.493,566.493,566.493,566.493,566.493,566.493,566.493,566.493
3,367.38,367.38,367.38,367.38,367.38,375.254,388.322,404.381,402.347,418.1,425.929,433.556,440.206,445.696,450.617,455.208,459.367,462.897,465.661,467.656,468.938,469.611,469.812,469.66,469.279,468.806,468.378,468.161,468.283,468.898,468.898,468.898,474.515,474.515,474.515,474.515,474.515,497.513,497.513,497.513,497.513,497.513,527.467,527.467,527.467,527.467,527.467,549.91,549.91,549.91,549.91,549.91,562.063,562.063,565.343,565.343,565.343,565.343,565.343,565.343,565.343,565.343,565.343,565.343,565.343,565.343,565.343,565.343,565.343,565.343,565.343,565.343,565.343,565.343,565.343,565.343,565.343,565.343,565.343,565.343
4,362.38,362.38,362.38,362.38,362.38,367.675,375.677,388.733,404.779,402.735,418.474,426.285,433.914,440.565,446.057,450.979,455.569,459.729,463.26,466.024,468.02,469.303,469.976,470.178,470.028,469.648,469.177,468.75,468.534,468.656,468.656,468.656,472.321,472.321,472.321,472.321,472.321,492.181,492.181,492.181,492.181,492.181,522.115,522.115,522.115,522.115,522.115,546.721,546.721,546.721,546.721,546.721,560.598,560.598,564.132,564.132,564.132,564.132,564.132,564.132,564.132,564.132,564.132,564.132,564.132,564.132,564.132,564.132,564.132,564.132,564.132,564.132,564.132,564.132,564.132,564.132,564.132,564.132,564.132,564.132
5,350.403,350.403,350.403,350.403,350.403,362.376,367.799,375.789,388.832,404.868,402.814,418.534,426.345,433.974,440.626,446.118,451.04,455.631,459.791,463.323,466.087,468.084,469.368,470.042,470.246,470.096,469.717,469.246,468.82,468.604,468.604,468.604,470.545,470.545,470.545,470.545,470.545,486.985,486.985,486.985,486.985,486.985,516.207,516.207,516.207,516.207,516.207,542.766,542.766,542.766,542.766,542.766,558.598,558.598,562.526,562.526,562.526,562.526,562.526,562.526,562.526,562.526,562.526,562.526,562.526,562.526,562.526,562.526,562.526,562.526,562.526,562.526,562.526,562.526,562.526,562.526,562.526,562.526,562.526,562.526
6,339.207,339.207,339.207,339.207,339.207,350.254,362.356,367.766,375.747,388.777,404.803,402.731,418.45,426.26,433.889,440.542,446.034,450.956,455.548,459.709,463.241,466.006,468.004,469.29,469.963,470.169,470.019,469.641,469.17,468.745,468.745,468.745,469.271,469.271,469.271,469.271,469.271,482.213,482.213,482.213,482.213,482.213,510.014,510.014,510.014,510.014,510.014,538.198,538.198,538.198,538.198,538.198,556.159,556.159,560.613,560.613,560.613,560.613,560.613,560.613,560.613,560.613,560.613,560.613,560.613,560.613,560.613,560.613,560.613,560.613,560.613,560.613,560.613,560.613,560.613,560.613,560.613,560.613,560.613,560.613
7,339.184,339.184,339.184,339.184,339.184,339.127,350.306,362.396,367.794,375.763,388.781,404.789,402.718,418.436,426.245,433.875,440.527,446.02,450.943,455.536,459.697,463.229,465.995,467.993,469.28,469.953,470.16,470.01,469.633,469.162,469.162,469.162,468.646,468.646,468.646,468.646,468.646,478.184,478.184,478.184,478.184,478.184,503.884,503.884,503.884,503.884,503.884,533.232,533.232,533.232,533.232,533.232,553.429,553.429,558.534,558.534,558.534,558.534,558.534,558.534,558.534,558.534,558.534,558.534,558.534,558.534,558.534,558.534,558.534,558.534,558.534,558.534,558.534,558.534,558.534,558.534,558.534,558.534,558.534,558.534
8,348.814,348.814,348.814,348.814,348.814,339.498,339.571,350.738,362.813,368.198,376.154,389.153,405.161,403.09,418.808,426.617,434.246,440.899,446.392,451.315,455.909,460.07,463.602,466.369,468.367,469.654,470.328,470.535,470.385,470.009,470.009,470.009,468.899,468.899,468.899,468.899,468.899,475.266,475.266,475.266,475.266,475.266,498.272,498.272,498.272,498.272,498.272,528.233,528.233,528.233,528.233,528.233,550.682,550.682,556.543,556.543,556.543,556.543,556.543,556.543,556.543,556.543,556.543,556.543,556.543,556.543,556.543,556.543,556.543,556.543,556.543,556.543,556.543,556.543,556.543,556.543,556.543,556.543,556.543,556.543
9,358.515,358.515,358.515,358.515,358.515,349.458,340.259,340.321,351.476,363.538,368.91,376.847,389.846,405.854,403.783,419.501,427.31,434.939,441.592,447.085,452.008,456.603,460.764,464.296,467.064,469.062,470.349,471.024,471.231,471.081,471.081,471.081,469.812,469.812,469.812,469.812,469.812,473.394,473.394,473.394,473.394,473.394,493.262,493.262,493.262,493.262,493.262,523.203,523.203,523.203,523.203,523.203,547.819,547.819,554.519,554.519,554.519,554.519,554.519,554.519,554.519,554.519,554.519,554.519,554.519,554.519,554.519,554.519,554.519,554.519,554.519,554.519,554.519,554.519,554.519,554.519,554.519,554.519,554.519,554.519
10,364.402,364.402,364.402,364.402,364.402,358.918,349.963,340.756,340.809,351.953,364.005,369.36,377.297,390.296,406.303,404.233,419.951,427.759,435.389,442.041,447.535,452.458,457.053,461.214,464.747,467.515,469.513,470.801,471.476,471.683,471.683,471.683,470.688,470.688,470.688,470.688,470.688,472.001,472.001,472.001,472.001,472.001,488.448,488.448,488.448,488.448,488.448,517.677,517.677,517.677,517.677,517.677,544.245,544.245,551.849,551.849,551.849,551.849,551.849,551.849,551.849,551.849,551.849,551.849,551.849,551.849,551.849,551.849,551.849,551.849,551.849,551.849,551.849,551.849,551.849,551.849,551.849,551.849,551.849,551.849
11,375.212,375.212,375.212,375.212,375.212,364.607,359.223,350.259,341.046,341.09,352.223,364.259,369.614,377.551,390.55,406.556,404.487,420.204,428.012,435.642,442.295,447.79,452.713,457.309,461.47,465.002,467.77,469.769,471.057,471.733,471.733,471.733,471.418,471.418,471.418,471.418,471.418,471.06,471.06,471.06,471.06,471.06,484.01,484.01,484.01,484.01,484.01,511.818,511.818,511.818,511.818,511.818,540.01,540.01,548.545,548.545,548.545,548.545,548.545,548.545,548.545,548.545,548.545,548.545,548.545,548.545,548.545,548.545,548.545,548.545,548.545,548.545,548.545,548.545,548.545,548.545,548.545,548.545,548.545,548.545
12,372.788,372.788,372.788,372.788,372.788,375.504,365.002,359.608,350.638,341.417,341.451,352.567,364.603,369.958,377.895,390.894,406.899,404.831,420.548,428.355,435.986,442.638,448.134,453.057,457.655,461.816,465.348,468.117,470.116,471.405,471.405,471.405,472.141,472.141,472.141,472.141,472.141,470.791,470.791,470.791,470.791,470.791,480.339,480.339,480.339,480.339,480.339,506.044,506.044,506.044,506.044,506.044,535.399,535.399,544.867,544.867,544.867,544.867,544.867,544.867,544.867,544.867,544.867,544.867,544.867,544.867,544.867,544.867,544.867,544.867,544.867,544.867,544.867,544.867,544.867,544.867,544.867,544.867,544.867,544.867
13,375.934,375.934,375.934,375.934,375.934,373.25,376.066,365.555,360.153,351.175,341.945,341.964,353.08,365.115,370.47,378.407,391.405,407.409,405.342,421.058,428.865,436.496,443.147,448.644,453.567,458.166,462.328,465.86,468.63,470.629,470.629,470.629,472.804,472.804,472.804,472.804,472.804,471.185,471.185,471.185,471.185,471.185,477.562,477.562,477.562,477.562,477.562,500.574,500.574,500.574,500.574,500.574,530.542,530.542,540.893,540.893,540.893,540.893,540.893,540.893,540.893,540.893,540.893,540.893,540.893,540.893,540.893,540.893,540.893,540.893,540.893,540.893,540.893,540.893,540.893,540.893,540.893,540.893,540.893,540.893
14,384.491,384.491,384.491,384.491,384.491,376.621,374.033,376.84,366.318,360.907,351.92,342.678,342.698,353.813,365.847,371.202,379.138,392.135,408.138,406.072,421.786,429.593,437.224,443.875,449.371,454.296,458.895,463.059,466.593,469.363,469.363,469.363,473.332,473.332,473.332,473.332,473.332,472.137,472.137,472.137,472.137,472.137,475.731,475.731,475.731,475.731,475.731,495.609,495.609,495.609,495.609,495.609,525.554,525.554,536.676,536.676,536.676,536.676,536.676,536.676,536.676,536.676,536.676,536.676,536.676,536.676,536.676,536.676,536.676,536.676,536.676,536.676,536.676,536.676,536.676,536.676,536.676,536.676,536.676,536.676
15,391.822,391.822,391.822,391.822,391.822,385.575,377.816,375.216,378.008,367.477,362.053,353.05,343.812,343.833,354.947,366.98,372.335,380.271,393.266,409.267,407.203,422.916,430.722,438.353,445.004,450.501,455.426,460.026,464.191,467.726,467.726,467.726,473.789,473.789,473.789,473.789,473.789,473.697,473.697,473.697,473.697,473.697,475.029,475.029,475.029,475.029,475.029,491.486,491.486,491.486,491.486,491.486,520.722,520.722,532.444,532.444,532.444,532.444,532.444,532.444,532.444,532.444,532.444,532.444,532.444,532.444,532.444,532.444,532.444,532.444,532.444,532.444,532.444,532.444,532.444,532.444,532.444,532.444,532.444,532.444
16,407.293,407.293,407.293,407.293,407.293,393.627,387.534,379.757,377.14,379.912,369.364,363.917,354.917,345.684,345.707,356.82,368.852,374.207,382.143,395.137,411.136,409.073,424.785,432.59,440.221,446.874,452.371,457.296,461.896,466.062,466.062,466.062,474.373,474.373,474.373,474.373,474.373,476.049,476.049,476.049,476.049,476.049,475.713,475.713,475.713,475.713,475.713,488.68,488.68,488.68,488.68,488.68,516.498,516.498,528.606,528.606,528.606,528.606,528.606,528.606,528.606,528.606,528.606,528.606,528.606,528.606,528.606,528.606,528.606,528.606,528.606,528.606,528.606,528.606,528.606,528.606,528.606,528.606,528.606,528.606
17,417.735,417.735,417.735,417.735,417.735,410.213,396.795,390.675,382.871,380.225,382.969,372.388,366.944,357.952,348.723,348.749,359.861,371.891,377.246,385.182,398.175,414.173,412.112,427.822,435.629,443.26,449.913,455.411,460.338,464.939,464.939,464.939,475.416,475.416,475.416,475.416,475.416,479.471,479.471,479.471,479.471,479.471,478.154,478.154,478.154,478.154,478.154,487.723,487.723,487.723,487.723,487.723,513.44,513.44,525.697,525.697,525.697,525.697,525.697,525.697,525.697,525.697,525.697,525.697,525.697,525.697,525.697,525.697,525.697,525.697,525.697,525.697,525.697,525.697,525.697,525.697,525.697,525.697,525.697,525.697
18,414.013,414.013,414.013,414.013,414.013,422.395,415.265,401.805,395.645,387.8,385.105,387.784,377.213,371.773,362.79,353.568,353.597,364.709,376.739,382.095,390.031,403.023,419.018,416.962,432.671,440.477,448.108,454.763,460.261,465.19,465.19,465.19,477.499,477.499,477.499,477.499,477.499,484.478,484.478,484.478,484.478,484.478,482.9,482.9,482.9,482.9,482.9,489.305,489.305,489.305,489.305,489.305,512.333,512.333,524.466,524.466,524.466,524.466,524.466,524.466,524.466,524.466,524.466,524.466,524.466,524.466,524.466,524.466,524.466,524.466,524.466,524.466,524.466,524.466,524.466,524.466,524.466,524.466,524.466,524.466
19,417.45,417.45,417.45,417.45,417.45,420.568,429.484,422.291,408.776,402.555,394.645,391.865,394.549,383.989,378.556,369.58,360.366,360.4,371.512,383.541,388.899,396.836,409.826,425.82,423.768,439.475,447.282,454.913,461.57,467.068,467.068,467.068,480.771,480.771,480.771,480.771,480.771,491.084,491.084,491.084,491.084,491.084,489.933,489.933,489.933,489.933,489.933,493.566,493.566,493.566,493.566,493.566,513.464,513.464,525.177,525.177,525.177,525.177,525.177,525.177,525.177,525.177,525.177,525.177,525.177,525.177,525.177,525.177,525.177,525.177,525.177,525.177,525.177,525.177,525.177,525.177,525.177,525.177,525.177,525.177
20,430.653,430.653,430.653,430.653,430.653,425.379,429.163,437.993,430.727,417.139,410.838,402.837,400.065,402.755,392.206,386.782,377.813,368.607,368.646,379.758,391.787,397.146,405.084,418.073,434.065,432.016,447.722,455.529,463.162,469.82,469.82,469.82,484.854,484.854,484.854,484.854,484.854,498.659,498.659,498.659,498.659,498.659,498.615,498.615,498.615,498.615,498.615,499.99,499.99,499.99,499.99,499.99,516.476,516.476,527.467,527.467,527.467,527.467,527.467,527.467,527.467,527.467,527.467,527.467,527.467,527.467,527.467,527.467,527.467,527.467,527.467,527.467,527.467,527.467,527.467,527.467,527.467,527.467,527.467,527.467
21,429.384,429.384,429.384,429.384,429.384,439.233,434.739,438.43,447.165,439.813,426.135,419.729,411.741,408.977,411.673,401.134,395.718,386.757,377.559,377.602,388.713,400.742,406.103,414.042,427.029,443.02,440.974,456.679,464.486,472.12,472.12,472.12,489.21,489.21,489.21,489.21,489.21,506.326,506.326,506.326,506.326,506.326,508.051,508.051,508.051,508.051,508.051,507.767,507.767,507.767,507.767,507.767,520.766,520.766,530.749,530.749,530.749,530.749,530.749,530.749,530.749,530.749,530.749,530.749,530.749,530.749,530.749,530.749,530.749,530.749,530.749,530.749,530.749,530.749,530.749,530.749,530.749,530.749,530.749,530.749
22,430.208,430.208,430.208,430.208,430.208,438.599,449.37,444.771,448.352,456.971,449.511,435.709,429.316,421.339,418.583,421.284,410.755,405.346,396.393,387.202,387.25,398.361,410.39,415.752,423.691,436.678,452.667,450.624,466.327,474.135,474.135,474.135,493.927,493.927,493.927,493.927,493.927,513.968,513.968,513.968,513.968,513.968,518.075,518.075,518.075,518.075,518.075,516.814,516.814,516.814,516.814,516.814,526.418,526.418,535.161,535.161,535.161,535.161,535.161,535.161,535.161,535.161,535.161,535.161,535.161,535.161,535.161,535.161,535.161,535.161,535.161,535.161,535.161,535.161,535.161,535.161,535.161,535.161,535.161,535.161
23,442.331,442.331,442.331,442.331,442.331,440.486,449.99,460.624,455.895,459.342,467.823,460.213,446.426,440.044,432.078,429.33,432.035,421.517,416.114,407.169,397.985,398.038,409.149,421.178,426.541,434.481,447.466,463.454,461.415,477.115,477.115,477.115,499.218,499.218,499.218,499.218,499.218,521.988,521.988,521.988,521.988,521.988,529.013,529.013,529.013,529.013,529.013,527.489,527.489,527.489,527.489,527.489,533.934,533.934,541.281,541.281,541.281,541.281,541.281,541.281,541.281,541.281,541.281,541.281,541.281,541.281,541.281,541.281,541.281,541.281,541.281,541.281,541.281,541.281,541.281,541.281,541.281,541.281,541.281,541.281
24,434.433,434.433,434.433,434.433,434.433,452.688,452.084,461.44,471.923,467.051,470.351,478.661,471.065,457.293,450.921,442.968,440.227,442.936,432.427,427.032,418.094,408.917,408.975,420.085,432.114,437.478,445.418,458.402,474.389,472.354,472.354,472.354,503.496,503.496,503.496,503.496,503.496,529.386,529.386,529.386,529.386,529.386,539.743,539.743,539.743,539.743,539.743,538.65,538.65,538.65,538.65,538.65,542.327,542.327,548.224,548.224,548.224,548.224,548.224,548.224,548.224,548.224,548.224,548.224,548.224,548.224,548.224,548.224,548.224,548.224,548.224,548.224,548.224,548.224,548.224,548.224,548.224,548.224,548.224,548.224
25,424.116,424.116,424.116,424.116,424.116,443.839,463.357,462.613,471.818,482.152,477.138,480.273,488.588,481.007,467.249,460.888,452.945,450.211,452.925,442.426,437.038,428.107,418.937,418.998,430.108,442.136,447.502,455.442,468.425,484.41,484.41,484.41,505.884,505.884,505.884,505.884,505.884,535.241,535.241,535.241,535.241,535.241,549.09,549.09,549.09,549.09,549.09,549.097,549.097,549.097,549.097,549.097,550.522,550.522,554.976,554.976,554.976,554.976,554.976,554.976,554.976,554.976,554.976,554.976,554.976,554.976,554.976,554.976,554.976,554.976,554.976,554.976,554.976,554.976,554.976,554.976,554.976,554.976,554.976,554.976
26,409.076,409.076,409.076,409.076,409.076,432.132,453.072,472.448,471.57,480.639,490.833,485.671,488.815,497.136,489.568,475.823,469.473,461.539,458.812,461.531,451.04,445.658,436.734,427.573,427.636,438.745,450.773,456.14,464.081,477.062,477.062,477.062,506.713,506.713,506.713,506.713,506.713,539.269,539.269,539.269,539.269,539.269,556.429,556.429,556.429,556.429,556.429,558.209,558.209,558.209,558.209,558.209,557.977,557.977,561.069,561.069,561.069,561.069,561.069,561.069,561.069,561.069,561.069,561.069,561.069,561.069,561.069,561.069,561.069,561.069,561.069,561.069,561.069,561.069,561.069,561.069,561.069,561.069,561.069,561.069
27,419.95,419.95,419.95,419.95,419.95,415.597,439.753,460.568,479.815,478.82,487.768,497.819,492.671,495.824,504.15,496.594,482.863,476.522,468.596,465.878,468.6,458.117,452.743,443.826,434.672,434.738,445.846,457.874,463.242,471.184,471.184,471.184,498.122,498.122,498.122,498.122,498.122,541.431,541.431,541.431,541.431,541.431,561.518,561.518,561.518,561.518,561.518,565.681,565.681,565.681,565.681,565.681,564.474,564.474,566.343,566.343,566.343,566.343,566.343,566.343,566.343,566.343,566.343,566.343,566.343,566.343,566.343,566.343,566.343,566.343,566.343,566.343,566.343,566.343,566.343,566.343,566.343,566.343,566.343,566.343
28,417.947,417.947,417.947,417.947,417.947,425.171,421.814,445.855,466.556,485.691,484.596,493.419,503.477,498.342,501.502,509.832,502.287,488.569,482.236,474.322,471.61,474.335,463.861,458.492,449.584,440.436,440.505,451.613,463.64,469.009,469.009,469.009,505.911,505.911,505.911,505.911,505.911,541.697,541.697,541.697,541.697,541.697,564.507,564.507,564.507,564.507,564.507,571.588,571.588,571.588,571.588,571.588,570.125,570.125,570.924,570.924,570.924,570.924,570.924,570.924,570.924,570.924,570.924,570.924,570.924,570.924,570.924,570.924,570.924,570.924,570.924,570.924,570.924,570.924,570.924,570.924,570.924,570.924,570.924,570.924
29,396.876,396.876,396.876,396.876,396.876,421.685,429.817,426.374,450.309,470.908,489.943,488.741,497.569,507.632,502.511,505.677,514.011,506.476,492.772,486.447,478.543,475.837,478.568,468.102,462.739,453.837,444.697,444.77,455.877,467.905,467.905,467.905,494.196,494.196,494.196,494.196,494.196,539.299,539.299,539.299,539.299,539.299,565.228,565.228,565.228,565.228,565.228,575.635,575.635,575.635,575.635,575.635,574.61,574.61,574.585,574.585,574.585,574.585,574.585,574.585,574.585,574.585,574.585,574.585,574.585,574.585,574.585,574.585,574.585,574.585,574.585,574.585,574.585,574.585,574.585,574.585,574.585,574.585,574.585,574.585
30,376.733,376.733,376.733,376.733,376.733,399.525,425.154,433.202,429.683,453.522,474.027,492.954,491.765,500.598,510.664,505.556,508.729,517.067,509.543,495.852,489.537,481.643,478.944,481.68,471.222,465.868,456.974,447.841,447.918,459.024,459.024,459.024,484.365,484.365,484.365,484.365,484.365,534.808,534.808,534.808,534.808,534.808,564.204,564.204,564.204,564.204,564.204,578.106,578.106,578.106,578.106,578.106,578.177,578.177,577.624,577.624,577.624,577.624,577.624,577.624,577.624,577.624,577.624,577.624,577.624,577.624,577.624,577.624,577.624,577.624,577.624,577.624,577.624,577.624,577.624,577.624,577.624,577.624,577.624,577.624
31,371.852,371.852,371.852,371.852,371.852,378.437,401.947,427.487,435.461,431.878,455.628,476.039,494.961,493.783,502.619,512.688,507.592,510.77,519.112,511.6,497.924,491.619,483.736,481.045,483.785,473.338,467.993,459.109,449.984,450.067,450.067,450.067,478.572,478.572,478.572,478.572,478.572,529.143,529.143,529.143,529.143,529.143,561.736,561.736,561.736,561.736,561.736,578.953,578.953,578.953,578.953,578.953,580.806,580.806,579.999,579.999,579.999,579.999,579.999,579.999,579.999,579.999,579.999,579.999,579.999,579.999,579.999,579.999,579.999,579.999,579.999,579.999,579.999,579.999,579.999,579.999,579.999,579.999,579.999,579.999
32,381.323,381.323,381.323,381.323,381.323,372.481,379.679,403.11,428.571,436.482,432.847,456.51,476.912,495.826,494.657,503.495,513.564,508.48,511.664,520.007,512.508,498.85,492.556,484.687,482.003,484.747,474.314,468.98,460.105,450.992,450.992,450.992,474.211,474.211,474.211,474.211,474.211,514.476,514.476,514.476,514.476,514.476,557.804,557.804,557.804,557.804,557.804,577.952,577.952,577.952,577.952,577.952,582.199,582.199,581.442,581.442,581.442,581.442,581.442,581.442,581.442,581.442,581.442,581.442,581.442,581.442,581.442,581.442,581.442,581.442,581.442,581.442,581.442,581.442,581.442,581.442,581.442,581.442,581.442,581.442
33,389.925,389.925,389.925,389.925,389.925,381.677,373.377,380.521,403.877,429.263,437.119,433.43,457.078,477.468,496.37,495.209,504.048,514.115,509.045,512.235,520.578,513.092,499.453,493.173,485.317,482.641,485.39,474.973,469.649,460.787,460.787,460.787,462.885,462.885,462.885,462.885,462.885,517.172,517.172,517.172,517.172,517.172,553.001,553.001,553.001,553.001,553.001,575.876,575.876,575.876,575.876,575.876,583.045,583.045,582.63,582.63,582.63,582.63,582.63,582.63,582.63,582.63,582.63,582.63,582.63,582.63,582.63,582.63,582.63,582.63,582.63,582.63,582.63,582.63,582.63,582.63,582.63,582.63,582.63,582.63
34,397.959,397.959,397.959,397.959,397.959,390.775,383.05,374.713,381.798,405.078,430.386,438.174,434.494,458.125,478.501,497.39,496.237,505.074,515.139,510.084,513.278,521.62,514.149,500.531,494.264,486.423,483.757,486.512,476.11,470.797,470.797,470.797,452.968,452.968,452.968,452.968,452.968,502.389,502.389,502.389,502.389,502.389,547.51,547.51,547.51,547.51,547.51,573.509,573.509,573.509,573.509,573.509,584.014,584.014,584.196,584.196,584.196,584.196,584.196,584.196,584.196,584.196,584.196,584.196,584.196,584.196,584.196,584.196,584.196,584.196,584.196,584.196,584.196,584.196,584.196,584.196,584.196,584.196,584.196,584.196
35,415.642,415.642,415.642,415.642,415.642,399.052,392.373,384.606,376.23,383.257,406.46,431.678,439.463,435.793,459.405,479.766,498.641,497.497,506.334,516.395,511.355,514.555,522.897,515.44,501.843,495.591,487.765,485.111,487.871,477.486,477.486,477.486,454.28,454.28,454.28,454.28,454.28,490.844,490.844,490.844,490.844,490.844,541.289,541.289,541.289,541.289,541.289,570.753,570.753,570.753,570.753,570.753,584.758,584.758,585.759,585.759,585.759,585.759,585.759,585.759,585.759,585.759,585.759,585.759,585.759,585.759,585.759,585.759,585.759,585.759,585.759,585.759,585.759,585.759,585.759,585.759,585.759,585.759,585.759,585.759
36,433.715,433.715,433.715,433.715,433.715,416.288,400.194,393.477,385.673,377.261,384.232,407.35,432.542,440.324,436.665,460.258,480.603,499.464,498.329,507.164,517.224,512.2,515.405,523.747,516.307,502.733,496.496,488.688,486.044,488.809,488.809,488.809,464.338,464.338,464.338,464.338,464.338,483.902,483.902,483.902,483.902,483.902,534.477,534.477,534.477,534.477,534.477,567.137,567.137,567.137,567.137,567.137,584.458,584.458,586.547,586.547,586.547,586.547,586.547,586.547,586.547,586.547,586.547,586.547,586.547,586.547,586.547,586.547,586.547,586.547,586.547,586.547,586.547,586.547,586.547,586.547,586.547,586.547,586.547,586.547
37,446.647,446.647,446.647,446.647,446.647,434.128,417.179,401.066,394.313,386.475,378.031,384.939,408.032,433.198,440.975,437.328,460.902,481.231,500.078,498.952,507.787,517.846,512.838,516.048,524.392,516.97,503.418,497.198,489.406,486.774,486.774,486.774,473.925,473.925,473.925,473.925,473.925,479.321,479.321,479.321,479.321,479.321,519.619,519.619,519.619,519.619,519.619,562.983,562.983,562.983,562.983,562.983,583.237,583.237,586.668,586.668,586.668,586.668,586.668,586.668,586.668,586.668,586.668,586.668,586.668,586.668,586.668,586.668,586.668,586.668,586.668,586.668,586.668,586.668,586.668,586.668,586.668,586.668,586.668,586.668
38,445.272,445.272,445.272,445.272,445.272,447.366,435.302,418.336,402.201,395.416,387.546,379.06,385.964,409.031,434.172,441.945,438.311,461.865,482.178,501.012,499.895,508.732,518.788,513.796,517.014,525.359,517.955,504.426,498.222,490.448,490.448,490.448,480.279,480.279,480.279,480.279,480.279,468.438,468.438,468.438,468.438,468.438,522.705,522.705,522.705,522.705,522.705,558.601,558.601,558.601,558.601,558.601,581.577,581.577,586.481,586.481,586.481,586.481,586.481,586.481,586.481,586.481,586.481,586.481,586.481,586.481,586.481,586.481,586.481,586.481,586.481,586.481,586.481,586.481,586.481,586.481,586.481,586.481,586.481,586.481
39,456.058,456.058,456.058,456.058,456.058,446.145,448.685,436.597,419.608,403.455,396.636,388.722,380.253,387.153,410.196,435.312,443.083,439.462,462.996,483.295,502.115,501.01,509.845,519.902,514.927,518.152,526.5,519.114,505.608,499.42,499.42,499.42,491.838,491.838,491.838,491.838,491.838,458.644,458.644,458.644,458.644,458.644,508.064,508.064,508.064,508.064,508.064,553.217,553.217,553.217,553.217,553.217,579.312,579.312,585.75,585.75,585.75,585.75,585.75,585.75,585.75,585.75,585.75,585.75,585.75,585.75,585.75,585.75,585.75,585.75,585.75,585.75,585.75,585.75,585.75,585.75,585.75,585.75,585.75,585.75
40,461.736,461.736,461.736,461.736,461.736,456.332,446.867,449.365,437.258,420.257,404.09,397.229,389.332,380.881,387.779,410.798,435.889,443.657,440.052,463.565,483.85,502.656,501.564,510.4,520.457,515.499,518.733,527.081,519.714,506.233,506.233,506.233,489.729,489.729,489.729,489.729,489.729,459.249,459.249,459.249,459.249,459.249,495.862,495.862,495.862,495.862,495.862,546.316,546.316,546.316,546.316,546.316,575.868,575.868,583.699,583.699,583.699,583.699,583.699,583.699,583.699,583.699,583.699,583.699,583.699,583.699,583.699,583.699,583.699,583.699,583.699,583.699,583.699,583.699,583.699,583.699,583.699,583.699,583.699,583.699
41,472.125,472.125,472.125,472.125,472.125,461.335,456.328,446.849,449.311,437.195,420.191,404.007,397.163,389.284,380.854,387.749,410.744,435.81,443.575,439.986,463.479,483.749,502.542,501.463,510.301,520.357,515.417,518.659,527.01,519.663,519.663,519.663,492.334,492.334,492.334,492.334,492.334,468.322,468.322,468.322,468.322,468.322,488.011,488.011,488.011,488.011,488.011,538.593,538.593,538.593,538.593,538.593,571.332,571.332,580.227,580.227,580.227,580.227,580.227,580.227,580.227,580.227,580.227,580.227,580.227,580.227,580.227,580.227,580.227,580.227,580.227,580.227,580.227,580.227,580.227,580.227,580.227,580.227,580.227,580.227
42,468.433,468.433,468.433,468.433,468.433,471.65,461.209,456.188,446.7,449.138,437.022,420.012,403.863,397.038,389.179,380.772,387.664,410.633,435.672,443.436,439.863,463.336,483.591,502.37,501.305,510.145,520.201,515.28,518.532,526.884,526.884,526.884,499.996,499.996,499.996,499.996,499.996,477.076,477.076,477.076,477.076,477.076,482.668,482.668,482.668,482.668,482.668,523.007,523.007,523.007,523.007,523.007,566.416,566.416,576.088,576.088,576.088,576.088,576.088,576.088,576.088,576.088,576.088,576.088,576.088,576.088,576.088,576.088,576.088,576.088,576.088,576.088,576.088,576.088,576.088,576.088,576.088,576.088,576.088,576.088
43,469.633,469.633,469.633,469.633,469.633,467.509,471.018,460.577,455.551,446.062,448.483,436.363,419.393,403.282,396.478,388.641,380.258,387.149,410.091,435.101,442.865,439.311,462.762,483.002,501.767,500.714,509.557,519.614,514.714,517.974,517.974,517.974,505.626,505.626,505.626,505.626,505.626,481.863,481.863,481.863,481.863,481.863,470.31,470.31,470.31,470.31,470.31,524.558,524.558,524.558,524.558,524.558,560.529,560.529,571.079,571.079,571.079,571.079,571.079,571.079,571.079,571.079,571.079,571.079,571.079,571.079,571.079,571.079,571.079,571.079,571.079,571.079,571.079,571.079,571.079,571.079,571.079,571.079,571.079,571.079
44,462.521,462.521,462.521,462.521,462.521,467.862,466.056,469.543,459.112,454.082,444.601,446.997,434.913,417.986,401.915,395.135,387.322,378.965,385.856,408.771,433.752,441.517,437.982,461.41,481.635,500.387,499.348,508.193,518.251,513.372,513.372,513.372,517.719,517.719,517.719,517.719,517.719,490.879,490.879,490.879,490.879,490.879,458.092,458.092,458.092,458.092,458.092,507.509,507.509,507.509,507.509,507.509,552.698,552.698,564.971,564.971,564.971,564.971,564.971,564.971,564.971,564.971,564.971,564.971,564.971,564.971,564.971,564.971,564.971,564.971,564.971,564.971,564.971,564.971,564.971,564.971,564.971,564.971,564.971,564.971
45,452.306,452.306,452.306,452.306,452.306,460.391,466.063,464.251,467.728,457.311,452.284,442.809,445.215,433.17,416.291,400.264,393.51,385.722,377.393,384.285,407.172,432.125,439.892,436.377,459.783,479.992,498.729,497.706,506.554,516.613,516.613,516.613,523.399,523.399,523.399,523.399,523.399,486.562,486.562,486.562,486.562,486.562,456.498,456.498,456.498,456.498,456.498,493.175,493.175,493.175,493.175,493.175,543.637,543.637,558.034,558.034,558.034,558.034,558.034,558.034,558.034,558.034,558.034,558.034,558.034,558.034,558.034,558.034,558.034,558.034,558.034,558.034,558.034,558.034,558.034,558.034,558.034,558.034,558.034,558.034
46,439.86,439.86,439.86,439.86,439.86,450.475,458.878,464.535,462.733,466.2,455.808,450.786,441.351,443.77,431.768,414.939,398.958,392.231,384.472,376.172,383.067,405.924,430.85,438.619,435.124,458.509,478.702,497.424,496.417,505.267,505.267,505.267,513.782,513.782,513.782,513.782,513.782,487.936,487.936,487.936,487.936,487.936,464.332,464.332,464.332,464.332,464.332,484.169,484.169,484.169,484.169,484.169,534.759,534.759,550.282,550.282,550.282,550.282,550.282,550.282,550.282,550.282,550.282,550.282,550.282,550.282,550.282,550.282,550.282,550.282,550.282,550.282,550.282,550.282,550.282,550.282,550.282,550.282,550.282,550.282
47,430.197,430.197,430.197,430.197,430.197,438.768,449.641,458.029,463.682,461.89,465.358,454.991,450.003,440.611,443.045,431.088,414.313,398.383,391.686,383.957,375.688,382.585,405.414,430.311,438.081,434.608,457.969,478.147,496.853,495.862,495.862,495.862,509.964,509.964,509.964,509.964,509.964,495.116,495.116,495.116,495.116,495.116,472.623,472.623,472.623,472.623,472.623,478.446,478.446,478.446,478.446,478.446,518.839,518.839,542.32,542.32,542.32,542.32,542.32,542.32,542.32,542.32,542.32,542.32,542.32,542.32,542.32,542.32,542.32,542.32,542.32,542.32,542.32,542.32,542.32,542.32,542.32,542.32,542.32,542.32
48,413.961,413.961,413.961,413.961,413.961,429.227,438.027,448.884,457.264,462.914,461.14,464.607,454.291,449.34,439.994,442.445,430.538,413.82,397.944,391.279,383.584,375.348,382.246,405.047,429.911,437.683,434.233,457.569,477.729,496.419,496.419,496.419,514.363,514.363,514.363,514.363,514.363,500.834,500.834,500.834,500.834,500.834,477.534,477.534,477.534,477.534,477.534,466.322,466.322,466.322,466.322,466.322,520.547,520.547,534.335,534.335,534.335,534.335,534.335,534.335,534.335,534.335,534.335,534.335,534.335,534.335,534.335,534.335,534.335,534.335,534.335,534.335,534.335,534.335,534.335,534.335,534.335,534.335,534.335,534.335
49,406.749,406.749,406.749,406.749,406.749,412.988,428.448,437.236,448.077,456.446,462.095,460.341,463.825,453.564,448.651,439.356,441.823,429.97,413.314,397.495,390.865,383.205,375.006,381.905,404.674,429.504,437.277,433.853,457.161,477.302,477.302,477.302,503.88,503.88,503.88,503.88,503.88,513.726,513.726,513.726,513.726,513.726,487.409,487.409,487.409,487.409,487.409,455.12,455.12,455.12,455.12,455.12,504.53,504.53,518.599,518.599,518.599,518.599,518.599,518.599,518.599,518.599,518.599,518.599,518.599,518.599,518.599,518.599,518.599,518.599,518.599,518.599,518.599,518.599,518.599,518.599,518.599,518.599,518.599,518.599
50,401.315,401.315,401.315,401.315,401.315,405.643,412.098,427.522,436.294,447.12,455.48,461.125,459.407,462.908,452.707,447.834,438.593,441.077,429.281,412.693,396.937,390.345,382.721,374.562,381.462,404.194,428.987,436.763,433.366,456.646,456.646,456.646,494.486,494.486,494.486,494.486,494.486,520.395,520.395,520.395,520.395,520.395,484.207,484.207,484.207,484.207,484.207,454.659,454.659,454.659,454.659,454.659,491.405,491.405,520.209,520.209,520.209,520.209,520.209,520.209,520.209,520.209,520.209,520.209,520.209,520.209,520.209,520.209,520.209,520.209,520.209,520.209,520.209,520.209,520.209,520.209,520.209,520.209,520.209,520.209
51,386,386,386,386,386,399.899,404.448,410.896,426.282,435.044,445.853,454.202,459.86,458.18,461.7,451.562,446.734,437.548,440.052,428.318,411.801,396.113,389.56,381.977,373.86,380.761,403.455,428.208,435.986,432.617,432.617,432.617,494.591,494.591,494.591,494.591,494.591,511.271,511.271,511.271,511.271,511.271,486.04,486.04,486.04,486.04,486.04,462.956,462.956,462.956,462.956,462.956,482.981,482.981,503.886,503.886,503.886,503.886,503.886,503.886,503.886,503.886,503.886,503.886,503.886,503.886,503.886,503.886,503.886,503.886,503.886,503.886,503.886,503.886,503.886,503.886,503.886,503.886,503.886,503.886
52,371.776,371.776,371.776,371.776,371.776,384.276,398.345,402.893,409.338,424.688,433.442,444.233,452.585,458.258,456.618,460.159,450.088,445.306,436.179,438.705,427.036,410.594,394.978,388.468,380.929,372.857,379.759,402.412,427.121,434.902,434.902,434.902,474.849,474.849,474.849,474.849,474.849,506.845,506.845,506.845,506.845,506.845,492.579,492.579,492.579,492.579,492.579,470.658,470.658,470.658,470.658,470.658,476.794,476.794,490.242,490.242,490.242,490.242,490.242,490.242,490.242,490.242,490.242,490.242,490.242,490.242,490.242,490.242,490.242,490.242,490.242,490.242,490.242,490.242,490.242,490.242,490.242,490.242,490.242,490.242
53,361.558,361.558,361.558,361.558,361.558,369.706,382.361,396.387,400.943,407.387,422.701,431.444,442.231,450.587,456.276,454.678,458.241,448.24,443.507,434.443,436.99,425.39,409.03,393.488,387.025,379.531,371.505,378.409,401.019,425.682,425.682,425.682,453.339,453.339,453.339,453.339,453.339,510.049,510.049,510.049,510.049,510.049,497.155,497.155,497.155,497.155,497.155,474.501,474.501,474.501,474.501,474.501,463.762,463.762,481.197,481.197,481.197,481.197,481.197,481.197,481.197,481.197,481.197,481.197,481.197,481.197,481.197,481.197,481.197,481.197,481.197,481.197,481.197,481.197,481.197,481.197,481.197,481.197,481.197,481.197
54,361.592,361.592,361.592,361.592,361.592,359.41,367.713,380.324,394.309,398.872,405.317,420.593,429.337,440.118,448.478,454.183,452.63,456.215,446.289,441.607,432.609,435.179,423.652,407.378,391.916,385.501,378.054,370.08,376.987,399.548,399.548,399.548,428.68,428.68,428.68,428.68,428.68,498.443,498.443,498.443,498.443,498.443,508.733,508.733,508.733,508.733,508.733,483.162,483.162,483.162,483.162,483.162,451.578,451.578,474.604,474.604,474.604,474.604,474.604,474.604,474.604,474.604,474.604,474.604,474.604,474.604,474.604,474.604,474.604,474.604,474.604,474.604,474.604,474.604,474.604,474.604,474.604,474.604,474.604,474.604
55,355.208,355.208,355.208,355.208,355.208,359.336,357.335,365.612,378.18,392.123,396.697,403.142,418.388,427.132,437.907,446.272,451.993,450.487,454.096,444.248,439.62,430.693,433.288,421.837,405.653,390.276,383.911,376.515,368.595,375.504,375.504,375.504,430.367,430.367,430.367,430.367,430.367,487.952,487.952,487.952,487.952,487.952,514.163,514.163,514.163,514.163,514.163,478.89,478.89,478.89,478.89,478.89,450.076,450.076,461.48,461.48,461.48,461.48,461.48,461.48,461.48,461.48,461.48,461.48,461.48,461.48,461.48,461.48,461.48,461.48,461.48,461.48,461.48,461.48,461.48,461.48,461.48,461.48,461.48,461.48
56,350.42,350.42,350.42,350.42,350.42,352.876,357.146,355.172,363.419,375.944,389.846,394.433,400.886,416.1,424.844,435.611,443.982,449.719,448.263,451.895,442.13,437.56,428.706,431.325,419.956,403.867,388.579,382.266,374.926,367.062,367.062,367.062,420.938,420.938,420.938,420.938,420.938,487.049,487.049,487.049,487.049,487.049,504.163,504.163,504.163,504.163,504.163,479.795,479.795,479.795,479.795,479.795,457.443,457.443,449.229,449.229,449.229,449.229,449.229,449.229,449.229,449.229,449.229,449.229,449.229,449.229,449.229,449.229,449.229,449.229,449.229,449.229,449.229,449.229,449.229,449.229,449.229,449.229,449.229,449.229
57,351.514,351.514,351.514,351.514,351.514,347.784,350.41,354.674,352.73,360.951,373.434,387.294,391.898,398.362,413.541,422.285,433.044,441.419,447.172,445.769,449.426,439.746,435.235,426.458,429.103,417.819,401.829,386.633,380.375,373.092,373.092,373.092,394.604,394.604,394.604,394.604,394.604,466.619,466.619,466.619,466.619,466.619,498.851,498.851,498.851,498.851,498.851,485.383,485.383,485.383,485.383,485.383,464.249,464.249,447.427,447.427,447.427,447.427,447.427,447.427,447.427,447.427,447.427,447.427,447.427,447.427,447.427,447.427,447.427,447.427,447.427,447.427,447.427,447.427,447.427,447.427,447.427,447.427,447.427,447.427
58,359.958,359.958,359.958,359.958,359.958,348.511,345.026,347.668,351.93,350.019,358.211,370.651,384.472,389.093,395.567,410.71,419.453,430.205,438.583,444.351,443.004,446.685,437.095,432.647,423.949,426.619,415.424,399.538,384.439,378.238,378.238,378.238,370.184,370.184,370.184,370.184,370.184,444.568,444.568,444.568,444.568,444.568,501.15,501.15,501.15,501.15,501.15,489.103,489.103,489.103,489.103,489.103,467.315,467.315,454.252,454.252,454.252,454.252,454.252,454.252,454.252,454.252,454.252,454.252,454.252,454.252,454.252,454.252,454.252,454.252,454.252,454.252,454.252,454.252,454.252,454.252,454.252,454.252,454.252,454.252
59,371.073,371.073,371.073,371.073,371.073,356.404,345.306,341.897,344.556,348.818,346.941,355.106,367.504,381.284,385.923,392.406,407.51,416.252,426.996,435.376,441.162,439.87,443.578,434.083,429.699,421.086,423.783,412.68,396.903,381.906,381.906,381.906,360.922,360.922,360.922,360.922,360.922,419.183,419.183,419.183,419.183,419.183,488.582,488.582,488.582,488.582,488.582,499.453,499.453,499.453,499.453,499.453,474.861,474.861,460.424,460.424,460.424,460.424,460.424,460.424,460.424,460.424,460.424,460.424,460.424,460.424,460.424,460.424,460.424,460.424,460.424,460.424,460.424,460.424,460.424,460.424,460.424,460.424,460.424,460.424
60,395.908,395.908,395.908,395.908,395.908,366.73,352.507,341.564,338.238,340.916,345.176,343.337,351.479,363.832,377.568,382.226,388.72,403.781,412.521,423.254,431.637,437.441,436.21,439.945,430.55,426.236,417.713,420.44,409.434,393.776,393.776,393.776,365.716,365.716,365.716,365.716,365.716,419.299,419.299,419.299,419.299,419.299,476.688,476.688,476.688,476.688,476.688,503.28,503.28,503.28,503.28,503.28,469.204,469.204,462.638,462.638,462.638,462.638,462.638,462.638,462.638,462.638,462.638,462.638,462.638,462.638,462.638,462.638,462.638,462.638,462.638,462.638,462.638,462.638,462.638,462.638,462.638,462.638,462.638,462.638
61,413.427,413.427,413.427,413.427,413.427,390.72,362.187,348.186,337.412,334.172,336.87,341.128,339.338,347.455,359.761,373.448,378.127,384.63,399.646,408.382,419.103,427.489,433.313,432.145,435.911,426.625,422.384,413.959,416.718,405.821,405.821,405.821,369.51,369.51,369.51,369.51,369.51,408.202,408.202,408.202,408.202,408.202,473.931,473.931,473.931,473.931,473.931,491.601,491.601,491.601,491.601,491.601,468.357,468.357,469.292,469.292,469.292,469.292,469.292,469.292,469.292,469.292,469.292,469.292,469.292,469.292,469.292,469.292,469.292,469.292,469.292,469.292,469.292,469.292,469.292,469.292,469.292,469.292,469.292,469.292
62,333.059,333.059,333.059,333.059,333.059,407.886,385.819,357.684,343.919,333.324,330.177,332.897,337.163,335.425,343.517,355.773,369.408,374.107,380.619,395.586,404.317,415.024,423.414,429.259,428.159,431.956,422.787,418.627,410.307,413.099,413.099,413.099,372.282,372.282,372.282,372.282,372.282,380.941,380.941,380.941,380.941,380.941,452.369,452.369,452.369,452.369,452.369,484.898,484.898,484.898,484.898,484.898,472.481,472.481,463.43,463.43,463.43,463.43,463.43,463.43,463.43,463.43,463.43,463.43,463.43,463.43,463.43,463.43,463.43,463.43,463.43,463.43,463.43,463.43,463.43,463.43,463.43,463.43,463.43,463.43
63,322.775,322.775,322.775,322.775,322.775,328.465,402.82,381.138,353.42,339.903,329.497,326.445,329.196,333.469,331.79,339.856,352.059,365.637,370.36,376.879,391.792,400.519,411.211,419.602,425.468,424.441,428.271,419.226,415.151,406.941,406.941,406.941,383.86,383.86,383.86,383.86,383.86,356.191,356.191,356.191,356.191,356.191,429.807,429.807,429.807,429.807,429.807,486.192,486.192,486.192,486.192,486.192,475.284,475.284,462.991,462.991,462.991,462.991,462.991,462.991,462.991,462.991,462.991,462.991,462.991,462.991,462.991,462.991,462.991,462.991,462.991,462.991,462.991,462.991,462.991,462.991,462.991,462.991,462.991,462.991
64,315.049,315.049,315.049,315.049,315.049,317.956,323.91,397.531,376.247,348.963,335.702,325.492,322.545,325.327,329.61,327.993,336.032,348.18,361.699,366.445,372.973,387.827,396.549,407.224,415.615,421.503,420.552,424.418,415.501,411.516,411.516,411.516,395.759,395.759,395.759,395.759,395.759,346.471,346.471,346.471,346.471,346.471,404.237,404.237,404.237,404.237,404.237,473.098,473.098,473.098,473.098,473.098,484.749,484.749,467.203,467.203,467.203,467.203,467.203,467.203,467.203,467.203,467.203,467.203,467.203,467.203,467.203,467.203,467.203,467.203,467.203,467.203,467.203,467.203,467.203,467.203,467.203,467.203,467.203,467.203
65,298.983,298.983,298.983,298.983,298.983,309.793,313.011,318.998,391.838,370.967,344.132,331.134,321.133,318.298,321.111,325.405,323.855,331.866,343.956,357.413,362.181,368.718,383.51,392.225,402.881,411.273,417.182,416.311,420.214,411.432,411.432,411.432,402.474,402.474,402.474,402.474,402.474,350.577,350.577,350.577,350.577,350.577,403.745,403.745,403.745,403.745,403.745,460.824,460.824,460.824,460.824,460.824,487.923,487.923,469.46,469.46,469.46,469.46,469.46,469.46,469.46,469.46,469.46,469.46,469.46,469.46,469.46,469.46,469.46,469.46,469.46,469.46,469.46,469.46,469.46,469.46,469.46,469.46,469.46,469.46
66,267.922,267.922,267.922,267.922,267.922,293.78,304.771,308.053,314.068,386.093,365.644,339.272,326.551,316.764,314.043,316.89,321.196,319.716,327.699,339.729,353.119,357.912,364.456,379.182,387.89,398.523,406.915,412.847,412.057,415.997,415.997,415.997,395.726,395.726,395.726,395.726,395.726,354.015,354.015,354.015,354.015,354.015,392.684,392.684,392.684,392.684,392.684,457.833,457.833,457.833,457.833,457.833,476.253,476.253,478.451,478.451,478.451,478.451,478.451,478.451,478.451,478.451,478.451,478.451,478.451,478.451,478.451,478.451,478.451,478.451,478.451,478.451,478.451,478.451,478.451,478.451,478.451,478.451,478.451,478.451
67,248.73,248.73,248.73,248.73,248.73,263.33,289.099,300.028,303.37,309.413,380.581,360.565,334.676,322.239,312.673,310.07,312.951,317.27,315.865,323.819,335.787,349.106,353.924,360.476,375.131,383.828,394.438,402.829,408.784,408.078,408.078,408.078,399.875,399.875,399.875,399.875,399.875,356.581,356.581,356.581,356.581,356.581,366.147,366.147,366.147,366.147,366.147,436.716,436.716,436.716,436.716,436.716,469.617,469.617,481.806,481.806,481.806,481.806,481.806,481.806,481.806,481.806,481.806,481.806,481.806,481.806,481.806,481.806,481.806,481.806,481.806,481.806,481.806,481.806,481.806,481.806,481.806,481.806,481.806,481.806
68,255.811,255.811,255.811,255.811,255.811,244.35,258.998,284.458,295.318,298.719,304.79,375.059,355.493,330.1,317.954,308.616,306.134,309.052,313.384,312.059,319.984,331.886,345.131,349.975,356.533,371.113,379.798,390.384,398.772,404.75,404.75,404.75,399.816,399.816,399.816,399.816,399.816,367.344,367.344,367.344,367.344,367.344,341.908,341.908,341.908,341.908,341.908,414.43,414.43,414.43,414.43,414.43,470.51,470.51,470.511,470.511,470.511,470.511,470.511,470.511,470.511,470.511,470.511,470.511,470.511,470.511,470.511,470.511,470.511,470.511,470.511,470.511,470.511,470.511,470.511,470.511,470.511,470.511,470.511,470.511
69,253.094,253.094,253.094,253.094,253.094,250.939,240.012,254.515,279.652,290.436,293.899,299.993,369.331,350.222,325.338,313.489,304.384,302.025,304.982,309.327,308.088,315.984,327.817,340.985,345.854,352.417,366.919,375.591,386.149,394.532,394.532,394.532,404.068,404.068,404.068,404.068,404.068,378.285,378.285,378.285,378.285,378.285,332.223,332.223,332.223,332.223,332.223,389.273,389.273,389.273,389.273,389.273,457.369,457.369,463.739,463.739,463.739,463.739,463.739,463.739,463.739,463.739,463.739,463.739,463.739,463.739,463.739,463.739,463.739,463.739,463.739,463.739,463.739,463.739,463.739,463.739,463.739,463.739,463.739,463.739
70,246.551,246.551,246.551,246.551,246.551,247.82,246.083,235.493,249.847,274.645,285.35,288.873,294.99,363.362,344.717,320.352,308.806,299.937,297.704,300.699,305.06,303.91,311.776,323.538,336.625,341.518,348.087,362.506,371.163,381.69,381.69,381.69,395.663,395.663,395.663,395.663,395.663,384.242,384.242,384.242,384.242,384.242,335.95,335.95,335.95,335.95,335.95,388.52,388.52,388.52,388.52,388.52,445.143,445.143,464.123,464.123,464.123,464.123,464.123,464.123,464.123,464.123,464.123,464.123,464.123,464.123,464.123,464.123,464.123,464.123,464.123,464.123,464.123,464.123,464.123,464.123,464.123,464.123,464.123,464.123
71,236.744,236.744,236.744,236.744,236.744,240.796,242.472,240.939,230.693,244.884,269.33,279.951,283.535,289.671,357.031,338.863,315.03,303.795,295.17,293.066,296.101,300.478,299.422,307.257,318.945,331.947,336.863,343.437,357.767,366.409,366.409,366.409,391.325,391.325,391.325,391.325,391.325,376.948,376.948,376.948,376.948,376.948,338.669,338.669,338.669,338.669,338.669,377.247,377.247,377.247,377.247,377.247,441.594,441.594,450.511,450.511,450.511,450.511,450.511,450.511,450.511,450.511,450.511,450.511,450.511,450.511,450.511,450.511,450.511,450.511,450.511,450.511,450.511,450.511,450.511,450.511,450.511,450.511,450.511,450.511
72,225.966,225.966,225.966,225.966,225.966,230.541,234.984,236.833,235.505,225.612,239.629,263.707,274.24,277.882,284.033,350.326,332.649,309.37,298.453,290.081,288.112,291.187,295.581,294.623,302.427,314.035,326.947,331.887,338.465,352.699,352.699,352.699,380.146,380.146,380.146,380.146,380.146,379.403,379.403,379.403,379.403,379.403,339.902,339.902,339.902,339.902,339.902,350.556,350.556,350.556,350.556,350.556,419.962,419.962,437.707,437.707,437.707,437.707,437.707,437.707,437.707,437.707,437.707,437.707,437.707,437.707,437.707,437.707,437.707,437.707,437.707,437.707,437.707,437.707,437.707,437.707,437.707,437.707,437.707,437.707
73,214.462,214.462,214.462,214.462,214.462,219.466,224.453,229.036,231.054,229.928,220.393,234.227,257.92,268.359,272.058,278.22,343.399,326.222,303.51,292.919,284.806,282.975,286.089,290.503,289.648,297.418,308.942,321.759,326.723,333.302,333.302,333.302,366.459,366.459,366.459,366.459,366.459,377.551,377.551,377.551,377.551,377.551,348.639,348.639,348.639,348.639,348.639,325.961,325.961,325.961,325.961,325.961,397.028,397.028,433.562,433.562,433.562,433.562,433.562,433.562,433.562,433.562,433.562,433.562,433.562,433.562,433.562,433.562,433.562,433.562,433.562,433.562,433.562,433.562,433.562,433.562,433.562,433.562,433.562,433.562
74,199.581,199.581,199.581,199.581,199.581,207.784,213.209,218.35,223.066,225.247,224.321,215.148,228.79,252.082,262.418,266.171,272.338,336.352,319.687,297.56,287.302,279.456,277.766,280.92,285.354,284.605,292.341,303.776,316.492,321.478,321.478,321.478,350.666,350.666,350.666,350.666,350.666,379.76,379.76,379.76,379.76,379.76,357.49,357.49,357.49,357.49,357.49,315.432,315.432,315.432,315.432,315.432,371.507,371.507,411.877,411.877,411.877,411.877,411.877,411.877,411.877,411.877,411.877,411.877,411.877,411.877,411.877,411.877,411.877,411.877,411.877,411.877,411.877,411.877,411.877,411.877,411.877,411.877,411.877,411.877
75,192.388,192.388,192.388,192.388,192.388,192.684,201.218,206.806,212.092,216.928,219.267,218.542,209.744,223.179,246.044,256.269,260.076,266.241,329.019,312.886,291.369,281.458,273.89,272.345,275.541,279.995,279.358,287.057,298.396,311.004,311.004,311.004,336.5,336.5,336.5,336.5,336.5,369.949,369.949,369.949,369.949,369.949,361.461,361.461,361.461,361.461,361.461,317.667,317.667,317.667,317.667,317.667,369.394,369.394,388.923,388.923,388.923,388.923,388.923,388.923,388.923,388.923,388.923,388.923,388.923,388.923,388.923,388.923,388.923,388.923,388.923,388.923,388.923,388.923,388.923,388.923,388.923,388.923,388.923,388.923
76,186.111,186.111,186.111,186.111,186.111,184.907,185.824,194.419,200.154,205.572,210.519,213.011,212.489,204.078,217.291,239.701,249.803,253.663,259.819,321.281,305.703,284.824,275.273,267.996,266.602,269.842,274.315,273.798,281.456,292.691,292.691,292.691,316.787,316.787,316.787,316.787,316.787,363.843,363.843,363.843,363.843,363.843,352.837,352.837,352.837,352.837,352.837,318.863,318.863,318.863,318.863,318.863,357.231,357.231,363.249,363.249,363.249,363.249,363.249,363.249,363.249,363.249,363.249,363.249,363.249,363.249,363.249,363.249,363.249,363.249,363.249,363.249,363.249,363.249,363.249,363.249,363.249,363.249,363.249,363.249
77,177.746,177.746,177.746,177.746,177.746,177.983,177.507,178.761,187.396,193.264,198.799,203.845,206.483,206.163,198.152,211.125,233.05,243.017,246.928,253.069,313.13,298.129,277.919,268.743,261.77,260.533,263.816,268.308,267.917,275.531,275.531,275.531,304.067,304.067,304.067,304.067,304.067,351.286,351.286,351.286,351.286,351.286,353.226,353.226,353.226,353.226,353.226,318.528,318.528,318.528,318.528,318.528,330.505,330.505,360.372,360.372,360.372,360.372,360.372,360.372,360.372,360.372,360.372,360.372,360.372,360.372,360.372,360.372,360.372,360.372,360.372,360.372,360.372,360.372,360.372,360.372,360.372,360.372,360.372,360.372
78,164.994,164.994,164.994,164.994,164.994,169.104,170.028,169.972,171.546,180.199,186.181,191.818,196.949,199.724,199.602,192.001,204.716,226.128,235.949,239.905,246.026,304.608,290.202,270.687,261.898,255.239,254.164,257.49,261.999,261.741,261.741,261.741,292.528,292.528,292.528,292.528,292.528,336.269,336.269,336.269,336.269,336.269,349.327,349.327,349.327,349.327,349.327,324.95,324.95,324.95,324.95,324.95,305.82,305.82,347.669,347.669,347.669,347.669,347.669,347.669,347.669,347.669,347.669,347.669,347.669,347.669,347.669,347.669,347.669,347.669,347.669,347.669,347.669,347.669,347.669,347.669,347.669,347.669,347.669,347.669
79,151.537,151.537,151.537,151.537,151.537,156.124,160.725,162.01,162.351,164.225,172.87,178.943,184.664,189.867,192.767,192.841,185.659,198.097,218.968,228.63,232.627,238.717,295.74,281.948,263.155,254.766,248.431,247.524,250.891,255.417,255.417,255.417,273.674,273.674,273.674,273.674,273.674,319.129,319.129,319.129,319.129,319.129,348.793,348.793,348.793,348.793,348.793,331.038,331.038,331.038,331.038,331.038,294.236,294.236,320.871,320.871,320.871,320.871,320.871,320.871,320.871,320.871,320.871,320.871,320.871,320.871,320.871,320.871,320.871,320.871,320.871,320.871,320.871,320.871,320.871,320.871,320.871,320.871,320.871,320.871
80,137.734,137.734,137.734,137.734,137.734,142.49,147.51,152.253,153.876,154.593,156.752,165.359,171.502,177.288,182.545,185.562,185.828,179.077,191.218,211.512,221.001,225.032,231.085,286.452,273.296,255.258,247.285,241.286,240.552,243.961,243.961,243.961,255.962,255.962,255.962,255.962,255.962,303.397,303.397,303.397,303.397,303.397,336.946,336.946,336.946,336.946,336.946,332.197,332.197,332.197,332.197,332.197,294.359,294.359,296.109,296.109,296.109,296.109,296.109,296.109,296.109,296.109,296.109,296.109,296.109,296.109,296.109,296.109,296.109,296.109,296.109,296.109,296.109,296.109,296.109,296.109,296.109,296.109,296.109,296.109
81,128.621,128.621,128.621,128.621,128.621,128.539,133.655,138.744,143.601,145.535,146.611,149.031,157.573,163.764,169.591,174.884,178.007,178.461,172.152,183.973,203.653,212.953,217.013,223.016,276.625,264.132,246.881,239.34,233.692,233.135,233.135,233.135,241.299,241.299,241.299,241.299,241.299,282.592,282.592,282.592,282.592,282.592,328.185,328.185,328.185,328.185,328.185,321.488,321.488,321.488,321.488,321.488,293.225,293.225,283.9,283.9,283.9,283.9,283.9,283.9,283.9,283.9,283.9,283.9,283.9,283.9,283.9,283.9,283.9,283.9,283.9,283.9,283.9,283.9,283.9,283.9,283.9,283.9,283.9,283.9
82,117.087,117.087,117.087,117.087,117.087,119.019,119.591,124.697,129.821,134.764,136.981,138.391,141.048,149.494,155.704,161.551,166.861,170.074,170.71,164.85,176.331,195.361,204.455,208.535,214.478,266.232,254.421,237.988,230.895,225.609,225.609,225.609,233.275,233.275,233.275,233.275,233.275,267.939,267.939,267.939,267.939,267.939,313.347,313.347,313.347,313.347,313.347,318.619,318.619,318.619,318.619,318.619,290.286,290.286,282.747,282.747,282.747,282.747,282.747,282.747,282.747,282.747,282.747,282.747,282.747,282.747,282.747,282.747,282.747,282.747,282.747,282.747,282.747,282.747,282.747,282.747,282.747,282.747,282.747,282.747
83,104.061,104.061,104.061,104.061,104.061,107.399,109.8,110.643,115.71,120.839,125.834,128.301,130.012,132.876,141.193,147.394,153.234,158.538,161.827,162.635,157.225,168.346,186.696,195.569,199.66,205.533,255.354,244.237,228.641,222.004,222.004,222.004,220.415,220.415,220.415,220.415,220.415,254.172,254.172,254.172,254.172,254.172,296.154,296.154,296.154,296.154,296.154,311.489,311.489,311.489,311.489,311.489,293.049,293.049,280.254,280.254,280.254,280.254,280.254,280.254,280.254,280.254,280.254,280.254,280.254,280.254,280.254,280.254,280.254,280.254,280.254,280.254,280.254,280.254,280.254,280.254,280.254,280.254,280.254,280.254
84,91.883,91.883,91.883,91.883,91.883,94.66,98.304,100.794,101.872,106.869,111.97,116.982,119.663,121.637,124.675,132.83,138.994,144.8,150.075,153.423,154.39,149.428,160.168,177.813,186.45,190.54,196.331,244.149,233.734,218.995,218.995,218.995,208.267,208.267,208.267,208.267,208.267,234.1,234.1,234.1,234.1,234.1,277.109,277.109,277.109,277.109,277.109,307.05,307.05,307.05,307.05,307.05,295.079,295.079,276.084,276.084,276.084,276.084,276.084,276.084,276.084,276.084,276.084,276.084,276.084,276.084,276.084,276.084,276.084,276.084,276.084,276.084,276.084,276.084,276.084,276.084,276.084,276.084,276.084,276.084
85,80.73,80.73,80.73,80.73,80.73,82.855,85.952,89.529,92.076,93.352,98.248,103.289,108.282,111.137,113.339,116.516,124.479,130.572,136.318,141.541,144.927,146.041,141.522,151.863,168.78,177.165,181.244,186.939,232.694,222.986,222.986,222.986,199.246,199.246,199.246,199.246,199.246,215.267,215.267,215.267,215.267,215.267,259.456,259.456,259.456,259.456,259.456,292.558,292.558,292.558,292.558,292.558,292.4,292.4,277.39,277.39,277.39,277.39,277.39,277.39,277.39,277.39,277.39,277.39,277.39,277.39,277.39,277.39,277.39,277.39,277.39,277.39,277.39,277.39,277.39,277.39,277.39,277.39,277.39,277.39
86,73.174,73.174,73.174,73.174,73.174,72.072,74.542,77.587,81.072,83.644,85.085,89.85,94.799,99.738,102.726,105.118,108.401,116.138,122.131,127.787,132.935,136.34,137.585,133.502,143.428,159.59,167.706,171.762,177.348,220.977,220.977,220.977,193.753,193.753,193.753,193.753,193.753,199.319,199.319,199.319,199.319,199.319,237.759,237.759,237.759,237.759,237.759,280.779,280.779,280.779,280.779,280.779,279.233,279.233,277.868,277.868,277.868,277.868,277.868,277.868,277.868,277.868,277.868,277.868,277.868,277.868,277.868,277.868,277.868,277.868,277.868,277.868,277.868,277.868,277.868,277.868,277.868,277.868,277.868,277.868
87,66.358,66.358,66.358,66.358,66.358,64.527,64.134,66.585,69.549,72.916,75.483,77.054,81.662,86.484,91.334,94.419,96.962,100.315,107.793,113.654,119.193,124.241,127.643,129.004,125.351,134.842,150.223,158.055,162.077,167.538,167.538,167.538,188.608,188.608,188.608,188.608,188.608,189.024,189.024,189.024,189.024,189.024,221.545,221.545,221.545,221.545,221.545,263.902,263.902,263.902,263.902,263.902,272.828,272.828,273.693,273.693,273.693,273.693,273.693,273.693,273.693,273.693,273.693,273.693,273.693,273.693,273.693,273.693,273.693,273.693,273.693,273.693,273.693,273.693,273.693,273.693,273.693,273.693,273.693,273.693
88,53.879,53.879,53.879,53.879,53.879,57.634,56.627,56.551,58.946,61.803,65.026,67.561,69.224,73.649,78.312,83.038,86.181,88.835,92.222,99.408,105.105,110.499,115.421,118.8,120.26,117.025,126.064,140.64,148.169,152.143,152.143,152.143,189.108,189.108,189.108,189.108,189.108,174.859,174.859,174.859,174.859,174.859,206.177,206.177,206.177,206.177,206.177,245.133,245.133,245.133,245.133,245.133,262.584,262.584,259.52,259.52,259.52,259.52,259.52,259.52,259.52,259.52,259.52,259.52,259.52,259.52,259.52,259.52,259.52,259.52,259.52,259.52,259.52,259.52,259.52,259.52,259.52,259.52,259.52,259.52
89,39.117,39.117,39.117,39.117,39.117,45.884,49.678,49.086,49.267,51.574,54.295,57.348,59.82,61.542,65.753,70.223,74.786,77.946,80.673,84.057,90.915,96.414,101.63,106.398,109.731,111.273,108.452,117.011,130.745,137.948,137.948,137.948,183.888,183.888,183.888,183.888,183.888,161.16,161.16,161.16,161.16,161.16,185.65,185.65,185.65,185.65,185.65,224.725,224.725,224.725,224.725,224.725,254.116,254.116,251.335,251.335,251.335,251.335,251.335,251.335,251.335,251.335,251.335,251.335,251.335,251.335,251.335,251.335,251.335,251.335,251.335,251.335,251.335,251.335,251.335,251.335,251.335,251.335,251.335,251.335
90-94,89.155,89.155,89.155,89.155,89.155,96.108,108.514,122.552,134.306,144.361,152.922,160.599,168.795,178.404,188.362,200.15,213.722,228.925,244.585,260.558,276.345,294.944,314.762,335.985,358.185,379.572,396.816,406.927,421.174,444.332,444.332,444.332,528.399,528.399,528.399,528.399,528.399,671.051,671.051,671.051,671.051,671.051,685.352,685.352,685.352,685.352,685.352,835.495,835.495,835.495,835.495,835.495,1009.91,1009.91,1054.637,1054.637,1054.637,1054.637,1054.637,1054.637,1054.637,1054.637,1054.637,1054.637,1054.637,1054.637,1054.637,1054.637,1054.637,1054.637,1054.637,1054.637,1054.637,1054.637,1054.637,1054.637,1054.637,1054.637,1054.637,1054.637
95-99,17.812,17.812,17.812,17.812,17.812,19.193,20.76,22.04,23.05,24.263,27.545,32.595,38.269,43.076,47.351,51.542,55.843,60.599,65.936,71.511,78.235,86.165,95.268,104.893,114.88,125.16,137.288,150.292,164.05,178.233,178.233,178.233,211.06,211.06,211.06,211.06,211.06,293.108,293.108,293.108,293.108,293.108,389.374,389.374,389.374,389.374,389.374,421.047,421.047,421.047,421.047,421.047,538.159,538.159,594.028,594.028,594.028,594.028,594.028,594.028,594.028,594.028,594.028,594.028,594.028,594.028,594.028,594.028,594.028,594.028,594.028,594.028,594.028,594.028,594.028,594.028,594.028,594.028,594.028,594.028
100 & over,1.388,1.388,1.388,1.388,1.388,1.577,1.796,2.021,2.275,2.553,2.842,3.152,3.436,3.713,4.073,4.897,6.126,7.521,8.752,9.928,11.256,12.785,14.558,16.538,18.685,21.357,24.623,28.514,32.818,37.465,37.465,37.465,55.53,55.53,55.53,55.53,55.53,91.905,91.905,91.905,91.905,91.905,145.075,145.075,145.075,145.075,145.075,214.704,214.704,214.704,214.704,214.704,269.964,269.964,305.123,305.123,305.123,305.123,305.123,305.123,305.123,305.123,305.123,305.123,305.123,305.123,305.123,305.123,305.123,305.123,305.123,305.123,305.123,305.123,305.123,305.123,305.123,305.123,305.123,305.123
