Age,2004Est,2005Est,2006Est,2007Est,2008,2009,2010,2011,2012,2013,2014,2015,2016,2017,2018,2019,2020,2021,2022,2023,2024,2025,2026,2027,2028,2029,2030,2031,2032,2033,2034,2035,2036,2037,2038,2039,2040,2041,2042,2043,2044,2045,2046,2047,2048,2049,2050,2051,2052,2053,2054,2055,2056,2057,2058,2059,2060,2061,2062,2063,2064,2065,2066,2067,2068,2069,2070,2071,2072,2073,2074,2075,2076,2077,2078,2079,2080,2081,2082,2083
0,570.220486,570.220486,570.220486,570.220486,570.220486,554.1302016,550.8357702,547.7136755,544.4954075,541.1358435,537.7744597,534.1483584,530.4916197,526.5218132,522.3478587,518.4729523,514.33783,509.5747544,505.4918156,500.9596761,496.8239873,492.2252678,487.5967038,482.8771093,478.4908609,474.0947159,469.5957399,464.6588098,459.7023346,446.6460854,446.6460854,446.6460854,446.6460854,424.9622377,424.9622377,424.9622377,424.9622377,424.9622377,403.4078164,403.4078164,403.4078164,403.4078164,384.1694505,384.1694505,384.1694505,384.1694505,384.1694505,384.1694505,365.2153216,365.2153216,365.2153216,365.2153216,365.2153216,357.8416492,357.8416492,357.8416492,347.0757932,347.0757932,347.0757932,347.0757932,347.0757932,330.3173098,330.3173098,330.3173098,330.3173098,330.3173098,313.9447842,313.9447842,313.9447842,313.9447842,313.9447842,298.5517598,298.5517598,298.5517598,298.5517598,298.5517598,284.2248191,284.2248191,278.2575543,278.2575543
1,30.42648651,30.42648651,30.42648651,30.42648651,30.42648651,28.73684237,27.91764295,27.39877535,26.71364235,25.98188835,25.44856241,24.87674703,24.49583571,24.07419817,23.43017807,23.06810736,22.74183373,22.45079737,21.94613443,21.70991167,21.490986,21.28284163,21.08018805,20.8775446,20.42735001,20.21840812,19.75533024,19.77471654,19.53173289,19.17300441,19.17300441,19.17300441,19.17300441,17.91926297,17.91926297,17.91926297,17.91926297,17.91926297,17.22841385,17.22841385,17.22841385,17.22841385,16.32829533,16.32829533,16.32829533,16.32829533,16.32829533,16.32829533,15.56331178,15.56331178,15.56331178,15.56331178,15.56331178,15.31435572,15.31435572,15.31435572,14.81903676,14.81903676,14.81903676,14.81903676,14.81903676,14.01459326,14.01459326,14.01459326,14.01459326,14.01459326,13.36701822,13.36701822,13.36701822,13.36701822,13.36701822,12.72086046,12.72086046,12.72086046,12.72086046,12.72086046,12.14031604,12.14031604,11.66775422,11.66775422
2,19.99840013,19.99840013,19.99840013,19.99840013,19.99840013,19.07678664,18.3273563,17.69346937,17.08899092,16.62962795,16.14127652,15.87141633,15.576911,14.99505163,14.64070712,14.54896961,13.98577377,13.69169721,13.66336875,13.40917236,13.16996078,13.18526766,12.9630309,12.74378618,12.76972985,12.54930524,12.32586632,12.09769008,12.10955939,11.58691418,11.58691418,11.58691418,11.58691418,11.05902152,11.05902152,11.05902152,11.05902152,11.05902152,10.51674617,10.51674617,10.51674617,10.51674617,10.13332228,10.13332228,10.13332228,10.13332228,10.13332228,10.13332228,9.617366216,9.617366216,9.617366216,9.617366216,9.617366216,9.60432469,9.60432469,9.60432469,9.126544097,9.126544097,9.126544097,9.126544097,9.126544097,8.606982528,8.606982528,8.606982528,8.606982528,8.606982528,8.044171439,8.044171439,8.044171439,8.044171439,8.044171439,7.696976628,7.696976628,7.696976628,7.696976628,7.696976628,7.383343178,7.383343178,7.35640938,7.35640938
3,15.77797666,15.77797666,15.77797666,15.77797666,15.77797666,14.65021935,14.1637588,13.60833721,13.44407266,13.05571526,12.83845697,12.5991236,12.33340465,12.04876739,11.73562386,11.40462879,11.0868569,10.7864816,10.74824913,10.48225695,10.47426497,10.23421737,10.2461016,10.01906065,10.03898063,9.814048319,9.833711931,9.851755706,9.62000962,9.377390618,9.377390618,9.377390618,9.377390618,8.46064591,8.46064591,8.46064591,8.46064591,8.46064591,8.210527304,8.210527304,8.210527304,8.210527304,7.839104682,7.839104682,7.839104682,7.839104682,7.839104682,7.839104682,7.55584456,7.55584456,7.55584456,7.55584456,7.55584456,7.316041564,7.316041564,7.316041564,7.072910297,7.072910297,7.072910297,7.072910297,7.072910297,6.802535985,6.802535985,6.802535985,6.802535985,6.802535985,6.494611712,6.494611712,6.494611712,6.494611712,6.494611712,6.391733945,6.391733945,6.391733945,6.391733945,6.391733945,6.08821387,6.08821387,5.847155359,5.847155359
4,13.24386368,13.24386368,13.24386368,13.24386368,13.24386368,12.51118527,12.24990879,11.84361282,11.62695772,11.45067621,11.04586797,10.82351875,10.58219722,10.57039886,10.29057057,10.23636005,10.16388647,9.853891425,9.804786697,9.770037737,9.506074138,9.49882726,9.50209046,9.269196995,9.284846886,9.058481064,9.076881184,9.095065558,8.619224812,8.148671273,8.148671273,8.148671273,8.148671273,7.780776619,7.780776619,7.780776619,7.780776619,7.780776619,7.545141165,7.545141165,7.545141165,7.545141165,7.163621742,7.163621742,7.163621742,7.163621742,7.163621742,7.163621742,6.874364121,6.874364121,6.874364121,6.874364121,6.874364121,6.862727156,6.862727156,6.862727156,6.620581333,6.620581333,6.620581333,6.620581333,6.620581333,6.359011628,6.359011628,6.359011628,6.359011628,6.359011628,6.063750227,6.063750227,6.063750227,6.063750227,6.063750227,5.747939585,5.747939585,5.747939585,5.747939585,5.747939585,5.447762495,5.447762495,5.206728829,5.206728829
5,11.98934661,11.98934661,11.98934661,11.98934661,11.98934661,11.31896285,11.15697869,10.92418615,10.81958345,10.39573082,10.46108476,10.29904922,10.07455168,9.832321108,9.821352123,9.794516076,9.493070059,9.425818806,9.366734781,9.320030217,9.042585691,9.02384001,9.016956753,8.532485611,8.542377515,8.556808653,8.328842291,8.100306339,8.11654373,7.904650157,7.904650157,7.904650157,7.904650157,7.581834902,7.581834902,7.581834902,7.581834902,7.581834902,7.118467916,7.118467916,7.118467916,7.118467916,6.956118486,6.956118486,6.956118486,6.956118486,6.956118486,6.956118486,6.656001763,6.656001763,6.656001763,6.656001763,6.656001763,6.413560098,6.413560098,6.413560098,6.399882974,6.399882974,6.399882974,6.399882974,6.399882974,6.143931843,6.143931843,6.143931843,6.143931843,6.143931843,5.858178017,5.858178017,5.858178017,5.858178017,5.858178017,5.325617106,5.325617106,5.325617106,5.325617106,5.325617106,4.80855398,4.80855398,4.785282212,4.785282212
6,10.91110692,10.91110692,10.91110692,10.91110692,10.91110692,9.997543461,9.944284384,9.802159743,9.597773317,9.279665932,9.411578223,8.97249929,9.049000337,8.821009123,8.829643383,8.567792659,8.544366624,8.499277561,8.439028023,8.139445975,8.09883524,8.070077619,8.053337498,7.559482151,7.562045363,7.570817673,7.583615476,7.353553973,7.368490859,7.161024273,7.161024273,7.161024273,7.161024273,6.882227875,6.882227875,6.882227875,6.882227875,6.882227875,6.689346738,6.689346738,6.689346738,6.689346738,6.285530708,6.285530708,6.285530708,6.285530708,6.285530708,6.285530708,5.978798262,5.978798262,5.978798262,5.978798262,5.978798262,5.964315044,5.964315044,5.964315044,5.721138003,5.721138003,5.721138003,5.721138003,5.721138003,5.470895973,5.470895973,5.470895973,5.470895973,5.470895973,5.198163014,5.198163014,5.198163014,5.198163014,5.198163014,4.677695633,4.677695633,4.677695633,4.677695633,4.677695633,4.385734084,4.385734084,4.362649612,4.362649612
7,9.140363551,9.140363551,9.140363551,9.140363551,9.140363551,8.848643945,8.570449092,8.288277337,8.170112639,7.999978667,7.992904364,7.679996829,7.728437659,7.29148857,7.310844503,7.065657623,7.05775004,7.03844752,7.00129524,6.703378006,6.661304728,6.628060261,6.604518959,6.590815333,6.585751361,6.343985536,6.35134673,6.362085883,6.37470517,6.165547414,6.165547414,6.165547414,6.165547414,5.919100691,5.919100691,5.919100691,5.919100691,5.919100691,5.531598656,5.531598656,5.531598656,5.531598656,5.377173664,5.377173664,5.377173664,5.377173664,5.377173664,5.377173664,5.068412043,5.068412043,5.068412043,5.068412043,5.068412043,4.823727225,4.823727225,4.823727225,4.810269238,4.810269238,4.810269238,4.810269238,4.810269238,4.564709319,4.564709319,4.564709319,4.564709319,4.564709319,4.078201785,4.078201785,4.078201785,4.078201785,4.078201785,4.023200456,4.023200456,4.023200456,4.023200456,4.023200456,3.739510124,3.739510124,3.718431609,3.718431609
8,9.166296673,9.166296673,9.166296673,9.166296673,9.166296673,8.830541901,8.538754166,8.556271747,8.275314186,8.157826755,7.988560382,7.724612418,7.670020858,7.469356963,7.030741919,7.049380913,6.804246858,6.796641955,6.778078189,6.742347436,6.446637954,6.406228826,6.374298827,6.351688083,6.338526049,6.333662197,6.092107796,6.099167586,6.109466986,5.900415733,5.900415733,5.900415733,5.900415733,5.675817071,5.675817071,5.675817071,5.675817071,5.675817071,5.559826147,5.559826147,5.559826147,5.559826147,5.160842343,5.160842343,5.160842343,5.160842343,5.160842343,5.160842343,4.841710646,4.841710646,4.841710646,4.841710646,4.841710646,4.824203719,4.824203719,4.824203719,4.579152948,4.579152948,4.579152948,4.579152948,4.579152948,4.334811732,4.334811732,4.334811732,4.334811732,4.334811732,4.308009042,4.308009042,4.308009042,4.308009042,4.308009042,3.806913355,3.806913355,3.806913355,3.806913355,3.806913355,3.746581245,3.746581245,3.505166835,3.505166835
9,8.917797416,8.917797416,8.917797416,8.917797416,8.917797416,8.578045921,8.520064752,8.522869209,8.256462817,7.986076688,7.873203416,7.444412835,7.455913697,7.411909456,7.209894959,7.020411847,6.787603322,6.794196247,6.786613781,6.517434136,6.48312766,6.437252878,6.396960951,6.365123043,6.342577233,6.329452892,6.081348989,6.083376323,6.090415878,5.880104666,5.880104666,5.880104666,5.880104666,5.671869991,5.671869991,5.671869991,5.671869991,5.671869991,5.585127049,5.585127049,5.585127049,5.585127049,5.180663879,5.180663879,5.180663879,5.180663879,5.180663879,5.180663879,5.077477694,5.077477694,5.077477694,5.077477694,5.077477694,4.595714955,4.595714955,4.595714955,4.577130368,4.577130368,4.577130368,4.577130368,4.577130368,4.332133256,4.332133256,4.332133256,4.332133256,4.332133256,4.309562693,4.309562693,4.309562693,4.309562693,4.309562693,4.037359029,4.037359029,4.037359029,4.037359029,4.037359029,3.97431708,3.97431708,3.730188857,3.730188857
10,10.42641285,10.42641285,10.42641285,10.42641285,10.42641285,9.751123469,9.718561882,9.104739751,9.107976531,8.823588012,8.810305855,8.685998442,8.506272047,8.225713581,8.151690611,7.954342076,8.021879677,7.79174427,7.799311145,7.790608547,7.518721617,7.479151864,7.426238882,7.379765176,7.343042467,7.317037478,7.058502819,6.809868472,6.812138257,6.600547112,6.600547112,6.600547112,6.600547112,6.409166094,6.409166094,6.409166094,6.409166094,6.409166094,6.101742902,6.101742902,6.101742902,6.101742902,5.920116318,5.920116318,5.920116318,5.920116318,5.920116318,5.920116318,5.553922805,5.553922805,5.553922805,5.553922805,5.553922805,5.524836442,5.524836442,5.524836442,5.497563892,5.497563892,5.497563892,5.497563892,5.497563892,5.246685463,5.246685463,5.246685463,5.246685463,5.246685463,4.996309544,4.996309544,4.996309544,4.996309544,4.996309544,4.497434214,4.497434214,4.497434214,4.497434214,4.497434214,4.429384537,4.429384537,4.401156624,4.401156624
11,11.98928957,11.98928957,11.98928957,11.98928957,11.98928957,11.79096538,11.41498481,11.4258945,11.44661767,10.86382054,10.8097037,10.73176906,10.58043163,10.36162056,10.27696418,10.12298188,9.938085726,9.771864547,9.546443447,9.555709788,9.293867052,9.268490639,9.219736216,9.154541023,9.097279422,9.052032059,8.776206728,8.514758509,8.50819704,8.047504664,8.047504664,8.047504664,8.047504664,7.87661286,7.87661286,7.87661286,7.87661286,7.87661286,7.350310918,7.350310918,7.350310918,7.350310918,6.906751707,6.906751707,6.906751707,6.906751707,6.906751707,6.906751707,6.498585397,6.498585397,6.498585397,6.498585397,6.498585397,6.458041184,6.458041184,6.458041184,6.419338716,6.419338716,6.419338716,6.419338716,6.419338716,6.160290766,6.160290766,6.160290766,6.160290766,6.160290766,5.909023761,5.909023761,5.909023761,5.909023761,5.909023761,5.633295027,5.633295027,5.633295027,5.633295027,5.633295027,5.33014709,5.33014709,5.295698569,5.295698569
12,14.47957977,14.47957977,14.47957977,14.47957977,14.47957977,14.11034288,13.69949339,13.63155845,13.12946509,12.90405833,12.90943445,12.79194051,12.6493865,12.47112663,12.21338374,12.06780566,11.84413123,11.91841843,11.76906589,11.54902561,11.56022879,11.54731512,11.26546185,11.20623963,11.12704614,11.05748911,11.00252569,10.96357656,10.69773548,10.46208346,10.46208346,10.46208346,10.46208346,9.824847531,9.824847531,9.824847531,9.824847531,9.824847531,9.579367516,9.579367516,9.579367516,9.579367516,9.102777545,9.102777545,9.102777545,9.102777545,9.102777545,9.102777545,8.84961935,8.84961935,8.84961935,8.84961935,8.84961935,8.553153224,8.553153224,8.553153224,8.261997108,8.261997108,8.261997108,8.261997108,8.261997108,7.530137665,7.530137665,7.530137665,7.530137665,7.530137665,7.048305906,7.048305906,7.048305906,7.048305906,7.048305906,6.771183648,6.771183648,6.771183648,6.771183648,6.771183648,6.457474192,6.457474192,6.415929204,6.415929204
13,17.54199447,17.54199447,17.54199447,17.54199447,17.54199447,16.86674734,16.74627794,16.68668157,16.66509274,16.81280509,16.3966586,16.40381506,16.17796901,16.19989017,16.24264344,15.90743991,15.89698752,15.52458305,15.62182294,15.50399228,15.29404685,15.30886258,14.79041481,14.75007375,14.67263851,14.56908835,14.47813679,14.16209247,14.11202515,13.83394413,13.83394413,13.83394413,13.83394413,12.97674225,12.97674225,12.97674225,12.97674225,12.97674225,12.04209326,12.04209326,12.04209326,12.04209326,11.55610126,11.55610126,11.55610126,11.55610126,11.55610126,11.55610126,11.21571321,11.21571321,11.21571321,11.21571321,11.21571321,10.88779548,10.88779548,10.88779548,10.56451242,10.56451242,10.56451242,10.56451242,10.56451242,10.0351687,10.0351687,10.0351687,10.0351687,10.0351687,9.545150836,9.545150836,9.545150836,9.545150836,9.545150836,9.260409491,9.260409491,9.260409491,9.260409491,9.260409491,8.923233423,8.923233423,8.42396485,8.42396485
14,21.045466,21.045466,21.045466,21.045466,21.045466,20.4260286,20.30668437,20.16252053,19.92983606,19.95847528,19.90745876,19.86950411,19.58583272,19.26181911,19.45754555,19.18431534,19.05376868,18.68417348,18.45013911,18.31796522,18.22307541,18.02058852,18.03801512,17.76758991,17.46964649,17.12983421,16.51613158,16.41320111,16.33182366,15.98585494,15.98585494,15.98585494,15.98585494,15.36817763,15.36817763,15.36817763,15.36817763,15.36817763,14.48553043,14.48553043,14.48553043,14.48553043,14.0229735,14.0229735,14.0229735,14.0229735,14.0229735,14.0229735,13.36597445,13.36597445,13.36597445,13.36597445,13.36597445,13.00329726,13.00329726,13.00329726,12.41119674,12.41119674,12.41119674,12.41119674,12.41119674,11.62348126,11.62348126,11.62348126,11.62348126,11.62348126,11.12619834,11.12619834,11.12619834,11.12619834,11.12619834,10.84241009,10.84241009,10.84241009,10.84241009,10.84241009,10.05213708,10.05213708,9.991717976,9.991717976
15,28.53270561,28.53270561,28.53270561,28.53270561,28.53270561,27.44400517,27.22375815,26.88880547,26.17102101,25.84232374,25.68649222,25.21767958,25.3249305,25.04462895,24.55324385,24.30392467,23.96383346,23.73567947,23.46926801,23.05074106,22.9476079,22.64312445,22.452793,22.22471938,21.95044687,21.39330091,21.28149228,20.88621436,20.7564632,20.29711104,20.29711104,20.29711104,20.29711104,19.17168609,19.17168609,19.17168609,19.17168609,19.17168609,18.35113802,18.35113802,18.35113802,18.35113802,17.44388882,17.44388882,17.44388882,17.44388882,17.44388882,17.44388882,16.22292652,16.22292652,16.22292652,16.22292652,16.22292652,16.04677285,16.04677285,16.04677285,15.62611307,15.62611307,15.62611307,15.62611307,15.62611307,14.7859338,14.7859338,14.7859338,14.7859338,14.7859338,14.2718308,14.2718308,14.2718308,14.2718308,14.2718308,13.53213544,13.53213544,13.53213544,13.53213544,13.53213544,12.95310752,12.95310752,12.43590512,12.43590512
16,41.13493237,41.13493237,41.13493237,41.13493237,41.13493237,39.27172486,38.10347668,37.31941477,36.7968233,36.01595218,35.16383643,34.32849347,34.08431502,33.27430761,32.70953642,32.26630079,31.49854319,31.0602247,30.68852459,30.1973741,29.52184372,29.45927501,29.21074064,29.03838279,28.32087049,28.28931532,27.9652439,27.81983579,27.38078358,26.50104318,26.50104318,26.50104318,26.50104318,25.06283784,25.06283784,25.06283784,25.06283784,25.06283784,24.07728078,24.07728078,24.07728078,24.07728078,22.7566539,22.7566539,22.7566539,22.7566539,22.7566539,22.7566539,21.65704654,21.65704654,21.65704654,21.65704654,21.65704654,21.16948616,21.16948616,21.16948616,20.42239947,20.42239947,20.42239947,20.42239947,20.42239947,19.49569621,19.49569621,19.49569621,19.49569621,19.49569621,18.50001015,18.50001015,18.50001015,18.50001015,18.50001015,17.75416549,17.75416549,17.75416549,17.75416549,17.75416549,16.71279398,16.71279398,16.4043813,16.4043813
17,52.67385351,52.67385351,52.67385351,52.67385351,52.67385351,49.76356239,47.95837916,46.17865271,45.05184869,43.54509541,42.46926189,41.27579737,40.26816421,39.3400909,38.39222529,37.54829686,36.96230956,36.05183932,35.55470649,34.83550622,34.21495546,33.63361619,33.35329662,32.89352562,32.73201585,32.27014297,31.98842511,31.65706321,31.00555659,30.21256699,30.21256699,30.21256699,30.21256699,28.63490261,28.63490261,28.63490261,28.63490261,28.63490261,27.21468533,27.21468533,27.21468533,27.21468533,25.7691613,25.7691613,25.7691613,25.7691613,25.7691613,25.7691613,24.6732556,24.6732556,24.6732556,24.6732556,24.6732556,23.90567702,23.90567702,23.90567702,23.31369954,23.31369954,23.31369954,23.31369954,23.31369954,22.0792329,22.0792329,22.0792329,22.0792329,22.0792329,21.05833832,21.05833832,21.05833832,21.05833832,21.05833832,20.09040683,20.09040683,20.09040683,20.09040683,20.09040683,18.83798447,18.83798447,18.52946626,18.52946626
18,59.01516642,59.01516642,59.01516642,59.01516642,59.01516642,55.04923849,52.93222998,50.77034715,48.56311066,46.73749194,45.27251467,43.94779721,42.2832981,41.57256961,39.86517323,39.22686391,38.39562742,37.51913613,36.60409488,36.10637251,35.38597638,34.75627165,33.92324746,33.64810333,33.19642836,32.5518461,32.33877419,31.81766293,31.4909512,30.45175657,30.45175657,30.45175657,30.45175657,29.42048701,29.42048701,29.42048701,29.42048701,29.42048701,27.77171178,27.77171178,27.77171178,27.77171178,26.4414144,26.4414144,26.4414144,26.4414144,26.4414144,26.4414144,25.21791312,25.21791312,25.21791312,25.21791312,25.21791312,24.67752016,24.67752016,24.67752016,23.58918527,23.58918527,23.58918527,23.58918527,23.58918527,22.30440155,22.30440155,22.30440155,22.30440155,22.30440155,21.48889224,21.48889224,21.48889224,21.48889224,21.48889224,20.53134231,20.53134231,20.53134231,20.53134231,20.53134231,19.31039931,19.31039931,18.79432237,18.79432237
19,64.11656867,64.11656867,64.11656867,64.11656867,64.11656867,58.96129073,56.21070455,53.45314373,51.11143022,48.95730824,46.92952245,45.24254324,43.43554998,42.04494137,40.81643401,39.39100428,38.47516553,37.65925573,36.55206519,36.20442215,35.2069242,34.2647811,34.16909308,33.60657279,33.09747443,32.41027596,32.0130728,31.80296509,31.2909051,30.37259403,30.37259403,30.37259403,30.37259403,28.93907052,28.93907052,28.93907052,28.93907052,28.93907052,27.26993036,27.26993036,27.26993036,27.26993036,26.02975835,26.02975835,26.02975835,26.02975835,26.02975835,26.02975835,24.72542074,24.72542074,24.72542074,24.72542074,24.72542074,24.43669981,24.43669981,24.43669981,23.56299398,23.56299398,23.56299398,23.56299398,23.56299398,22.23386504,22.23386504,22.23386504,22.23386504,22.23386504,21.18112042,21.18112042,21.18112042,21.18112042,21.18112042,20.45221145,20.45221145,20.45221145,20.45221145,20.45221145,19.26703021,19.26703021,18.76779705,18.76779705
20,65.5470766,65.5470766,65.5470766,65.5470766,65.5470766,60.10511406,56.91440629,54.03822182,51.30409462,49.18510312,46.8108019,45.03178205,43.11386796,41.6023852,40.44299064,38.95768834,38.04461259,36.84249023,36.0430674,35.26854099,34.45653117,33.75340368,33.10448418,32.56759572,32.53533314,31.79694517,31.34576247,30.95314585,30.74590504,29.78552098,29.78552098,29.78552098,29.78552098,28.44147541,28.44147541,28.44147541,28.44147541,28.44147541,26.95608671,26.95608671,26.95608671,26.95608671,25.78239201,25.78239201,25.78239201,25.78239201,25.78239201,25.78239201,24.40231434,24.40231434,24.40231434,24.40231434,24.40231434,23.92128543,23.92128543,23.92128543,23.0563395,23.0563395,23.0563395,23.0563395,23.0563395,21.9124111,21.9124111,21.9124111,21.9124111,21.9124111,20.84309234,20.84309234,20.84309234,20.84309234,20.84309234,19.69089574,19.69089574,19.69089574,19.69089574,19.69089574,18.54208093,18.54208093,18.27431014,18.27431014
21,65.49301946,65.49301946,65.49301946,65.49301946,65.49301946,60.25143125,56.89009929,53.79455926,51.26364895,48.99636837,46.85409868,44.73218981,43.18805486,41.78232144,40.30799191,39.13640658,37.91488361,36.73683748,36.05734178,35.27439768,34.53768474,33.76375873,33.33028834,32.70198319,32.18750514,31.71668842,31.44252853,31.22632195,30.61038958,30.06862993,30.06862993,30.06862993,30.06862993,28.20754485,28.20754485,28.20754485,28.20754485,28.20754485,26.86950155,26.86950155,26.86950155,26.86950155,25.51642535,25.51642535,25.51642535,25.51642535,25.51642535,25.51642535,24.05743206,24.05743206,24.05743206,24.05743206,24.05743206,23.62274915,23.62274915,23.62274915,23.00018838,23.00018838,23.00018838,23.00018838,23.00018838,21.8169218,21.8169218,21.8169218,21.8169218,21.8169218,20.93594236,20.93594236,20.93594236,20.93594236,20.93594236,19.78901541,19.78901541,19.78901541,19.78901541,19.78901541,18.66779093,18.66779093,18.20338834,18.20338834
22,68.75507327,68.75507327,68.75507327,68.75507327,68.75507327,63.22782566,59.8955916,56.61513123,53.59950715,51.57376469,48.92661675,47.06163237,45.21796692,43.71428911,42.34095231,41.13122764,40.00526899,38.82150761,37.6897451,37.04826378,36.02408171,35.28314726,34.99378432,34.31244624,33.91631446,33.37660783,33.09566647,32.61112352,32.18285262,31.57548119,31.57548119,31.57548119,31.57548119,29.73267026,29.73267026,29.73267026,29.73267026,29.73267026,28.2832092,28.2832092,28.2832092,28.2832092,26.97420205,26.97420205,26.97420205,26.97420205,26.97420205,26.97420205,25.42442204,25.42442204,25.42442204,25.42442204,25.42442204,25.03370767,25.03370767,25.03370767,24.20726607,24.20726607,24.20726607,24.20726607,24.20726607,22.96496684,22.96496684,22.96496684,22.96496684,22.96496684,22.03755949,22.03755949,22.03755949,22.03755949,22.03755949,20.6807268,20.6807268,20.6807268,20.6807268,20.6807268,19.78728667,19.78728667,19.13017363,19.13017363
23,71.0576416,71.0576416,71.0576416,71.0576416,71.0576416,65.59660335,61.7786515,59.00291557,56.02118301,53.30977549,51.1361205,48.98087134,46.93212133,45.58207166,44.11822756,43.01195919,41.59289157,40.50396462,39.59554598,38.26083522,37.64812896,36.90186127,36.40120026,35.60921633,35.40809004,35.00126329,34.44231587,34.13110257,33.66237945,32.47068803,32.47068803,32.47068803,32.47068803,31.18219497,31.18219497,31.18219497,31.18219497,31.18219497,29.5906202,29.5906202,29.5906202,29.5906202,28.08879516,28.08879516,28.08879516,28.08879516,28.08879516,28.08879516,26.66065538,26.66065538,26.66065538,26.66065538,26.66065538,25.89449289,25.89449289,25.89449289,25.32766334,25.32766334,25.32766334,25.32766334,25.32766334,24.25011192,24.25011192,24.25011192,24.25011192,24.25011192,22.85956877,22.85956877,22.85956877,22.85956877,22.85956877,21.70284145,21.70284145,21.70284145,21.70284145,21.70284145,20.62205832,20.62205832,20.18383436,20.18383436
24,72.41937651,72.41937651,72.41937651,72.41937651,72.41937651,66.77701294,62.92670799,59.90069891,56.81191863,54.30734523,51.88815221,49.99653385,48.07384142,46.47505435,44.92011594,43.69962878,42.15387999,41.22302568,40.37961506,39.48774698,38.41962445,37.82325908,37.3401914,36.83870906,36.05088325,35.61731279,35.2149475,34.66089721,34.34842531,33.56198791,33.56198791,33.56198791,33.56198791,31.83760684,31.83760684,31.83760684,31.83760684,31.83760684,30.08986981,30.08986981,30.08986981,30.08986981,28.79025873,28.79025873,28.79025873,28.79025873,28.79025873,28.79025873,27.03237713,27.03237713,27.03237713,27.03237713,27.03237713,26.75693238,26.75693238,26.75693238,25.832467,25.832467,25.832467,25.832467,25.832467,24.74341488,24.74341488,24.74341488,24.74341488,24.74341488,23.50884596,23.50884596,23.50884596,23.50884596,23.50884596,22.33758878,22.33758878,22.33758878,22.33758878,22.33758878,21.0705007,21.0705007,20.64372699,20.64372699
25,73.07159849,73.07159849,73.07159849,73.07159849,73.07159849,67.49055803,64.05062148,60.92410196,58.21636942,55.22996507,52.97627465,50.82239882,49.18463042,47.27874075,45.6816745,44.36089565,43.15095905,42.07845043,41.16423186,40.33394675,39.22524342,38.40792057,37.82221619,37.59079389,37.09242629,36.31215584,35.88332016,35.48354702,35.14869852,34.19689339,34.19689339,34.19689339,34.19689339,32.55235857,32.55235857,32.55235857,32.55235857,32.55235857,30.6504523,30.6504523,30.6504523,30.6504523,29.30479061,29.30479061,29.30479061,29.30479061,29.30479061,29.30479061,27.62413596,27.62413596,27.62413596,27.62413596,27.62413596,27.19136235,27.19136235,27.19136235,26.35144528,26.35144528,26.35144528,26.35144528,26.35144528,25.07355246,25.07355246,25.07355246,25.07355246,25.07355246,23.78969906,23.78969906,23.78969906,23.78969906,23.78969906,22.99103546,22.99103546,22.99103546,22.99103546,22.99103546,21.34074712,21.34074712,21.11862213,21.11862213
26,74.19728719,74.19728719,74.19728719,74.19728719,74.19728719,68.52008121,64.73304225,61.67554003,59.23552086,56.18813801,54.32277606,52.09375208,49.97055677,48.36626117,46.88465959,45.93634291,44.20253428,43.0053459,42.16796611,41.26541385,40.67438124,39.81383599,39.25380388,38.69506853,37.98938209,37.48824127,36.93498536,36.50485089,36.32009228,34.97413371,34.97413371,34.97413371,34.97413371,33.53116722,33.53116722,33.53116722,33.53116722,33.53116722,31.54373826,31.54373826,31.54373826,31.54373826,30.11313937,30.11313937,30.11313937,30.11313937,30.11313937,30.11313937,28.48608826,28.48608826,28.48608826,28.48608826,28.48608826,28.09899939,28.09899939,28.09899939,26.93289802,26.93289802,26.93289802,26.93289802,26.93289802,25.89550261,25.89550261,25.89550261,25.89550261,25.89550261,24.54917888,24.54917888,24.54917888,24.54917888,24.54917888,23.51587613,23.51587613,23.51587613,23.51587613,23.51587613,22.06249492,22.06249492,21.65037734,21.65037734
27,74.98628011,74.98628011,74.98628011,74.98628011,74.98628011,69.6382163,66.28921166,63.09285528,60.56541694,57.94988073,55.79952,53.56066407,51.96240561,50.06617353,48.67841143,47.4215799,46.07554699,45.00450045,44.0519988,43.23010044,42.54957025,41.77174756,40.93429706,40.17288192,39.87654787,39.41551744,38.88463229,38.52485637,38.08132133,36.68085403,36.68085403,36.68085403,36.68085403,35.11936428,35.11936428,35.11936428,35.11936428,35.11936428,33.13674906,33.13674906,33.13674906,33.13674906,31.57965056,31.57965056,31.57965056,31.57965056,31.57965056,31.57965056,29.78285038,29.78285038,29.78285038,29.78285038,29.78285038,29.43316627,29.43316627,29.43316627,28.55493664,28.55493664,28.55493664,28.55493664,28.55493664,26.96483785,26.96483785,26.96483785,26.96483785,26.96483785,25.74941527,25.74941527,25.74941527,25.74941527,25.74941527,24.46947481,24.46947481,24.46947481,24.46947481,24.46947481,23.19829751,23.19829751,22.78785465,22.78785465
28,78.55889656,78.55889656,78.55889656,78.55889656,78.55889656,73.0980451,70.12822092,67.25206705,64.48996847,62.15389221,60.20784249,57.83987617,56.18670154,54.4274478,52.73649467,51.51797617,50.31584909,49.27368492,48.25475107,47.36599641,46.35332112,45.66071707,44.96183781,44.39451929,43.4818429,43.0259395,42.80361328,42.1931305,41.97173903,40.53991606,40.53991606,40.53991606,40.53991606,38.5890044,38.5890044,38.5890044,38.5890044,38.5890044,36.4589452,36.4589452,36.4589452,36.4589452,34.71818069,34.71818069,34.71818069,34.71818069,34.71818069,34.71818069,33.14524083,33.14524083,33.14524083,33.14524083,33.14524083,32.42239901,32.42239901,32.42239901,31.41677494,31.41677494,31.41677494,31.41677494,31.41677494,29.88786075,29.88786075,29.88786075,29.88786075,29.88786075,28.18160616,28.18160616,28.18160616,28.18160616,28.18160616,27.01051111,27.01051111,27.01051111,27.01051111,27.01051111,25.70816472,25.70816472,25.10445927,25.10445927
29,86.37920471,86.37920471,86.37920471,86.37920471,86.37920471,81.39642187,78.23068273,75.35120727,72.69229909,70.16640381,68.06591429,66.16908073,64.53926138,62.57129808,61.10104075,59.38458919,58.26831361,57.38223462,55.92362669,55.2118039,54.23203564,53.4825359,52.75340475,52.00265302,51.30092453,50.53425175,50.00034884,49.31574405,49.00103673,47.46349499,47.46349499,47.46349499,47.46349499,45.35184619,45.35184619,45.35184619,45.35184619,45.35184619,42.75556582,42.75556582,42.75556582,42.75556582,40.73685787,40.73685787,40.73685787,40.73685787,40.73685787,40.73685787,38.55777843,38.55777843,38.55777843,38.55777843,38.55777843,37.86886897,37.86886897,37.86886897,36.53450997,36.53450997,36.53450997,36.53450997,36.53450997,35.07478302,35.07478302,35.07478302,35.07478302,35.07478302,33.41921294,33.41921294,33.41921294,33.41921294,33.41921294,31.33586313,31.33586313,31.33586313,31.33586313,31.33586313,29.97522301,29.97522301,29.36290083,29.36290083
30,94.4899396,94.4899396,94.4899396,94.4899396,94.4899396,89.70514743,87.12709017,84.82707792,82.51734154,79.97326799,78.24642493,76.49106024,74.85480035,73.30150809,71.58325313,70.63293606,69.07709367,67.81535133,66.88233357,65.91053217,64.70486572,64.10586258,63.20321668,62.2079978,61.89843827,60.87495529,60.0795317,59.52105239,59.07303976,57.22068473,57.22068473,57.22068473,57.22068473,54.07081849,54.07081849,54.07081849,54.07081849,54.07081849,51.7851667,51.7851667,51.7851667,51.7851667,48.98163985,48.98163985,48.98163985,48.98163985,48.98163985,48.98163985,46.34827532,46.34827532,46.34827532,46.34827532,46.34827532,45.69440464,45.69440464,45.69440464,44.23915688,44.23915688,44.23915688,44.23915688,44.23915688,42.07940044,42.07940044,42.07940044,42.07940044,42.07940044,39.87931159,39.87931159,39.87931159,39.87931159,39.87931159,37.98094082,37.98094082,37.98094082,37.98094082,37.98094082,35.95447785,35.95447785,35.32540936,35.32540936
31,102.8621459,102.8621459,102.8621459,102.8621459,102.8621459,98.79569631,96.75352041,95.43868887,93.25767814,91.528574,89.89224056,88.63146609,87.12721191,86.17296737,84.8558776,83.53248252,82.52498053,81.11363779,80.06532377,79.32791293,78.29991568,77.26332055,76.66593142,75.40909434,74.56099003,73.87969229,73.22382304,72.45375978,71.69834886,69.23000846,69.23000846,69.23000846,69.23000846,65.78747609,65.78747609,65.78747609,65.78747609,65.78747609,62.54036094,62.54036094,62.54036094,62.54036094,59.566974,59.566974,59.566974,59.566974,59.566974,59.566974,56.38000522,56.38000522,56.38000522,56.38000522,56.38000522,55.15874126,55.15874126,55.15874126,53.78383314,53.78383314,53.78383314,53.78383314,53.78383314,50.97165976,50.97165976,50.97165976,50.97165976,50.97165976,48.62711401,48.62711401,48.62711401,48.62711401,48.62711401,46.07061612,46.07061612,46.07061612,46.07061612,46.07061612,43.89757485,43.89757485,42.67395775,42.67395775
32,109.8489119,109.8489119,109.8489119,109.8489119,109.8489119,106.1052134,105.1346939,104.0022147,102.9943612,102.0953863,100.712954,99.29889636,98.08907942,97.27947238,96.17377606,95.11116372,94.20423478,93.12177041,91.85888053,91.042456,90.0746246,89.3541771,88.46612379,87.20263793,86.43899369,85.52871321,84.88033408,83.91254448,82.90540403,80.13724915,80.13724915,80.13724915,80.13724915,76.16453151,76.16453151,76.16453151,76.16453151,76.16453151,72.71420051,72.71420051,72.71420051,72.71420051,68.95738434,68.95738434,68.95738434,68.95738434,68.95738434,68.95738434,65.48006441,65.48006441,65.48006441,65.48006441,65.48006441,64.06993803,64.06993803,64.06993803,62.35776515,62.35776515,62.35776515,62.35776515,62.35776515,59.13589429,59.13589429,59.13589429,59.13589429,59.13589429,56.16113139,56.16113139,56.16113139,56.16113139,56.16113139,53.52476911,53.52476911,53.52476911,53.52476911,53.52476911,50.59999848,50.59999848,49.52769108,49.52769108
33,112.75315,112.75315,112.75315,112.75315,112.75315,110.0291577,108.9514629,108.4779046,107.9270284,107.4194648,106.4676801,105.610221,104.6260287,103.4190244,103.0409443,102.1736247,101.4279504,100.4084479,99.19668939,98.30717864,97.59103196,96.52373212,95.5711101,94.76597017,93.82269652,92.8827264,92.15068995,91.21506803,90.10068641,87.21945757,87.21945757,87.21945757,87.21945757,83.00205321,83.00205321,83.00205321,83.00205321,83.00205321,78.68817613,78.68817613,78.68817613,78.68817613,75.03531073,75.03531073,75.03531073,75.03531073,75.03531073,75.03531073,71.16235154,71.16235154,71.16235154,71.16235154,71.16235154,69.72306001,69.72306001,69.72306001,67.64911326,67.64911326,67.64911326,67.64911326,67.64911326,64.02087201,64.02087201,64.02087201,64.02087201,64.02087201,60.77084262,60.77084262,60.77084262,60.77084262,60.77084262,57.74839026,57.74839026,57.74839026,57.74839026,57.74839026,55.02522622,55.02522622,53.91110909,53.91110909
34,118.9159084,118.9159084,118.9159084,118.9159084,118.9159084,115.8084993,115.4870182,114.8246983,114.0103742,114.1700163,113.3310651,112.9930448,111.9773708,110.9078665,110.0943269,109.6892891,108.8591929,107.8095704,106.878021,105.946581,104.8232821,104.0089082,103.0426831,102.0681242,101.1400864,100.0911086,99.18905951,98.20891754,97.19300473,94.19652443,94.19652443,94.19652443,94.19652443,89.17923105,89.17923105,89.17923105,89.17923105,89.17923105,84.82750042,84.82750042,84.82750042,84.82750042,80.73771317,80.73771317,80.73771317,80.73771317,80.73771317,80.73771317,76.78647606,76.78647606,76.78647606,76.78647606,76.78647606,75.08178552,75.08178552,75.08178552,72.6177295,72.6177295,72.6177295,72.6177295,72.6177295,68.96579377,68.96579377,68.96579377,68.96579377,68.96579377,65.71563735,65.71563735,65.71563735,65.71563735,65.71563735,62.53268974,62.53268974,62.53268974,62.53268974,62.53268974,59.21899259,59.21899259,57.86654009,57.86654009
35,127.8099572,127.8099572,127.8099572,127.8099572,127.8099572,124.4335395,123.9644125,123.5752349,123.1234359,122.1938125,122.1750132,121.8374969,120.9108928,119.9863673,118.9736305,117.8428577,117.3735459,116.5860142,115.4205522,114.5548654,113.5126604,112.1516403,111.0285006,110.172086,109.3994426,108.1494268,107.0050961,105.7146049,105.1264081,101.5633993,101.5633993,101.5633993,101.5633993,96.61333437,96.61333437,96.61333437,96.61333437,96.61333437,91.65101893,91.65101893,91.65101893,91.65101893,87.36379741,87.36379741,87.36379741,87.36379741,87.36379741,87.36379741,82.6806781,82.6806781,82.6806781,82.6806781,82.6806781,81.05365792,81.05365792,81.05365792,78.76427603,78.76427603,78.76427603,78.76427603,78.76427603,74.46105807,74.46105807,74.46105807,74.46105807,74.46105807,71.06163704,71.06163704,71.06163704,71.06163704,71.06163704,67.19050736,67.19050736,67.19050736,67.19050736,67.19050736,63.83172741,63.83172741,62.7951799,62.7951799
36,134.1066355,134.1066355,134.1066355,134.1066355,134.1066355,130.6671471,130.385601,129.7846951,129.2757431,128.708033,127.7075445,127.6514371,126.7786506,126.239606,125.3741379,124.1025322,122.984189,122.5429723,121.3690093,120.1311262,119.182361,118.193023,116.807843,115.8121226,115.0284348,113.7689434,112.5747698,111.5024853,110.2367619,106.8532063,106.8532063,106.8532063,106.8532063,101.4367652,101.4367652,101.4367652,101.4367652,101.4367652,96.4898292,96.4898292,96.4898292,96.4898292,91.59815423,91.59815423,91.59815423,91.59815423,91.59815423,91.59815423,86.99192643,86.99192643,86.99192643,86.99192643,86.99192643,85.19237627,85.19237627,85.19237627,82.80644341,82.80644341,82.80644341,82.80644341,82.80644341,78.39670734,78.39670734,78.39670734,78.39670734,78.39670734,74.29020983,74.29020983,74.29020983,74.29020983,74.29020983,71.02452389,71.02452389,71.02452389,71.02452389,71.02452389,67.42844299,67.42844299,66.12879388,66.12879388
37,138.678262,138.678262,138.678262,138.678262,138.678262,134.9176565,134.3653875,133.4959951,133.2205756,132.7993584,131.5315556,131.0237444,130.5466828,130.2220567,129.171549,128.1043128,126.9274893,125.9147998,124.9640317,124.0084491,122.7316025,121.9380555,120.5747938,119.1775141,118.1468391,117.1959952,115.993902,114.6172707,113.576926,110.1088198,110.1088198,110.1088198,110.1088198,104.5037756,104.5037756,104.5037756,104.5037756,104.5037756,99.16970466,99.16970466,99.16970466,99.16970466,94.39297586,94.39297586,94.39297586,94.39297586,94.39297586,94.39297586,89.57987041,89.57987041,89.57987041,89.57987041,89.57987041,87.77074203,87.77074203,87.77074203,85.22107933,85.22107933,85.22107933,85.22107933,85.22107933,81.04293878,81.04293878,81.04293878,81.04293878,81.04293878,76.81947424,76.81947424,76.81947424,76.81947424,76.81947424,73.1007011,73.1007011,73.1007011,73.1007011,73.1007011,69.50942387,69.50942387,67.94161576,67.94161576
38,144.2030594,144.2030594,144.2030594,144.2030594,144.2030594,140.0228682,139.2687243,138.4278618,137.4873991,136.5366475,135.9430235,135.0250076,134.202856,133.5616353,132.8434342,131.7559474,130.4838153,129.4202902,127.6764169,127.0796722,126.1349045,125.0312578,123.600262,122.2550706,121.0512558,119.9940597,118.8689947,117.7108244,116.3556163,112.8237284,112.8237284,112.8237284,112.8237284,106.9501497,106.9501497,106.9501497,106.9501497,106.9501497,101.8359448,101.8359448,101.8359448,101.8359448,96.58986925,96.58986925,96.58986925,96.58986925,96.58986925,96.58986925,92.01670273,92.01670273,92.01670273,92.01670273,92.01670273,89.78297493,89.78297493,89.78297493,87.20154234,87.20154234,87.20154234,87.20154234,87.20154234,82.60333877,82.60333877,82.60333877,82.60333877,82.60333877,78.6207447,78.6207447,78.6207447,78.6207447,78.6207447,74.7428141,74.7428141,74.7428141,74.7428141,74.7428141,71.00926948,71.00926948,69.74176544,69.74176544
39,153.0672576,153.0672576,153.0672576,153.0672576,153.0672576,148.4739432,147.8264166,146.3917195,145.380464,143.9924267,142.9278633,142.2242523,141.1899843,140.0120384,139.3116077,138.2812482,137.1142511,135.669107,134.360702,132.6395266,132.0789931,130.5421107,129.3737256,128.0672812,126.3696777,125.1461377,124.0284929,122.7634844,121.5054274,117.8126265,117.8126265,117.8126265,117.8126265,112.0553664,112.0553664,112.0553664,112.0553664,112.0553664,106.1521543,106.1521543,106.1521543,106.1521543,100.8678286,100.8678286,100.8678286,100.8678286,100.8678286,100.8678286,95.97813542,95.97813542,95.97813542,95.97813542,95.97813542,94.10157809,94.10157809,94.10157809,91.2185375,91.2185375,91.2185375,91.2185375,91.2185375,86.53283187,86.53283187,86.53283187,86.53283187,86.53283187,82.35195591,82.35195591,82.35195591,82.35195591,82.35195591,77.95475081,77.95475081,77.95475081,77.95475081,77.95475081,74.09483371,74.09483371,72.73253467,72.73253467
40,165.6460847,165.6460847,165.6460847,165.6460847,165.6460847,160.2325235,159.1303861,158.2257294,156.40826,155.3423156,153.8764649,152.4948152,151.7383656,149.8647757,148.8122529,147.889051,146.6203655,145.3274128,143.9710381,142.2632713,140.6568526,139.4087345,138.3205817,136.6272982,135.3912267,133.7752092,132.3121037,131.2829693,130.1266271,126.1824274,126.1824274,126.1824274,126.1824274,119.7389151,119.7389151,119.7389151,119.7389151,119.7389151,113.6348907,113.6348907,113.6348907,113.6348907,108.0460889,108.0460889,108.0460889,108.0460889,108.0460889,108.0460889,102.659465,102.659465,102.659465,102.659465,102.659465,100.7416983,100.7416983,100.7416983,97.47860612,97.47860612,97.47860612,97.47860612,97.47860612,92.60617983,92.60617983,92.60617983,92.60617983,92.60617983,87.98338491,87.98338491,87.98338491,87.98338491,87.98338491,83.48021499,83.48021499,83.48021499,83.48021499,83.48021499,79.3110169,79.3110169,77.82979179,77.82979179
41,179.6073631,179.6073631,179.6073631,179.6073631,179.6073631,173.694311,172.2938345,170.7940013,169.6275123,167.9122072,166.3745922,164.8664582,163.4311375,162.390471,160.4995214,159.2795422,158.0433391,156.6825457,155.4675444,153.7546226,151.7962557,150.2407048,149.0702131,147.824397,146.3920171,144.7817575,143.0687539,141.5566398,140.1879351,136.007875,136.007875,136.007875,136.007875,129.250348,129.250348,129.250348,129.250348,129.250348,122.719517,122.719517,122.719517,122.719517,116.5301436,116.5301436,116.5301436,116.5301436,116.5301436,116.5301436,110.7217599,110.7217599,110.7217599,110.7217599,110.7217599,108.3965144,108.3965144,108.3965144,105.289248,105.289248,105.289248,105.289248,105.289248,99.89594173,99.89594173,99.89594173,99.89594173,99.89594173,94.99291544,94.99291544,94.99291544,94.99291544,94.99291544,90.41231992,90.41231992,90.41231992,90.41231992,90.41231992,85.80474955,85.80474955,83.99920806,83.99920806
42,194.8448284,194.8448284,194.8448284,194.8448284,194.8448284,188.9204817,187.3159127,185.4248184,183.5468348,182.110649,180.0677442,178.5547148,176.791546,174.8100279,173.493072,171.5952487,170.201142,168.8773876,167.1546896,165.5510634,163.7131354,161.941701,160.2017134,158.8918733,157.4887885,155.501661,154.1291602,152.1157457,150.5562722,146.3576434,146.3576434,146.3576434,146.3576434,138.9784212,138.9784212,138.9784212,138.9784212,138.9784212,131.8905511,131.8905511,131.8905511,131.8905511,125.4815984,125.4815984,125.4815984,125.4815984,125.4815984,125.4815984,119.1844206,119.1844206,119.1844206,119.1844206,119.1844206,116.7735744,116.7735744,116.7735744,113.4262898,113.4262898,113.4262898,113.4262898,113.4262898,107.5535044,107.5535044,107.5535044,107.5535044,107.5535044,102.1155062,102.1155062,102.1155062,102.1155062,102.1155062,97.26734568,97.26734568,97.26734568,97.26734568,97.26734568,92.34349437,92.34349437,90.42185272,90.42185272
43,211.1705154,211.1705154,211.1705154,211.1705154,211.1705154,203.629356,201.6463531,199.0309761,197.2790915,194.7608432,192.6103188,190.6302351,188.0971362,186.2099253,184.1356875,182.4898624,180.526688,178.4612789,177.1940537,175.7175722,173.5169973,171.5237731,169.3748064,167.5550867,166.4020612,164.8246714,162.9247132,161.2168155,159.2757828,154.6626232,154.6626232,154.6626232,154.6626232,147.2185971,147.2185971,147.2185971,147.2185971,147.2185971,139.5193052,139.5193052,139.5193052,139.5193052,132.8159263,132.8159263,132.8159263,132.8159263,132.8159263,132.8159263,126.1618424,126.1618424,126.1618424,126.1618424,126.1618424,123.4947174,123.4947174,123.4947174,119.8027062,119.8027062,119.8027062,119.8027062,119.8027062,113.6920552,113.6920552,113.6920552,113.6920552,113.6920552,108.2251082,108.2251082,108.2251082,108.2251082,108.2251082,102.8689222,102.8689222,102.8689222,102.8689222,102.8689222,97.3746228,97.3746228,95.77033806,95.77033806
44,228.6298232,228.6298232,228.6298232,228.6298232,228.6298232,220.0969026,216.6159724,213.6921081,210.9086136,207.9665127,204.7704261,202.3464975,199.46685,196.7913092,194.2330443,191.7767369,190.0196327,187.6804102,185.4918847,183.8483927,181.7687589,179.9318912,177.9958515,175.7540071,173.894726,172.1059758,170.548842,168.5540892,166.739922,161.9038291,161.9038291,161.9038291,161.9038291,153.6660167,153.6660167,153.6660167,153.6660167,153.6660167,146.1550775,146.1550775,146.1550775,146.1550775,138.6929848,138.6929848,138.6929848,138.6929848,138.6929848,138.6929848,131.9088272,131.9088272,131.9088272,131.9088272,131.9088272,129.1838895,129.1838895,129.1838895,125.3358293,125.3358293,125.3358293,125.3358293,125.3358293,119.2823148,119.2823148,119.2823148,119.2823148,119.2823148,113.2688675,113.2688675,113.2688675,113.2688675,113.2688675,107.5420117,107.5420117,107.5420117,107.5420117,107.5420117,102.1730116,102.1730116,100.1519954,100.1519954
45,249.2953973,249.2953973,249.2953973,249.2953973,249.2953973,238.8820841,234.4474246,230.1533275,226.2734861,222.6716198,219.1923485,215.5437301,212.6068134,209.0639488,206.27434,203.0680772,200.4981449,198.1233754,195.6873009,192.8285876,191.2931416,188.7984345,186.8472623,184.7379489,182.3906443,180.4824235,178.8767208,176.9270391,175.2393047,169.5913704,169.5913704,169.5913704,169.5913704,161.1861224,161.1861224,161.1861224,161.1861224,161.1861224,153.0949828,153.0949828,153.0949828,153.0949828,145.7623854,145.7623854,145.7623854,145.7623854,145.7623854,145.7623854,138.5206406,138.5206406,138.5206406,138.5206406,138.5206406,135.7806772,135.7806772,135.7806772,131.4465447,131.4465447,131.4465447,131.4465447,131.4465447,125.0107509,125.0107509,125.0107509,125.0107509,125.0107509,118.7231645,118.7231645,118.7231645,118.7231645,118.7231645,112.762996,112.762996,112.762996,112.762996,112.762996,107.1764212,107.1764212,105.1851734,105.1851734
46,273.646666,273.646666,273.646666,273.646666,273.646666,261.7062447,256.236768,250.9472558,245.6299335,241.2088007,236.8387975,232.6214789,228.791674,224.8759658,221.4279528,217.9106444,214.652309,211.5052643,209.0908127,206.087594,203.5881748,201.4734323,199.3640359,196.7779083,194.7685315,192.3835944,190.0790842,188.3459385,186.647463,180.7608801,180.7608801,180.7608801,180.7608801,171.9113474,171.9113474,171.9113474,171.9113474,171.9113474,163.2495633,163.2495633,163.2495633,163.2495633,154.9042279,154.9042279,154.9042279,154.9042279,154.9042279,154.9042279,147.5354228,147.5354228,147.5354228,147.5354228,147.5354228,144.2585113,144.2585113,144.2585113,140.1360265,140.1360265,140.1360265,140.1360265,140.1360265,133.3459182,133.3459182,133.3459182,133.3459182,133.3459182,126.4308764,126.4308764,126.4308764,126.4308764,126.4308764,120.198135,120.198135,120.198135,120.198135,120.198135,114.4190068,114.4190068,112.1011384,112.1011384
47,301.7982436,301.7982436,301.7982436,301.7982436,301.7982436,288.2146413,281.660059,275.4032143,269.8918272,263.9977421,259.2372128,254.6113809,250.1430666,245.5423995,241.7719012,237.621535,234.270415,230.6529056,227.5333517,224.6642635,221.7517847,219.0009386,216.813399,214.0919212,211.7480245,209.4250783,207.0070884,204.7746071,202.9461681,196.8783905,196.8783905,196.8783905,196.8783905,187.0307139,187.0307139,187.0307139,187.0307139,187.0307139,177.8487399,177.8487399,177.8487399,177.8487399,168.6990341,168.6990341,168.6990341,168.6990341,168.6990341,168.6990341,160.5417317,160.5417317,160.5417317,160.5417317,160.5417317,157.2336752,157.2336752,157.2336752,152.4949409,152.4949409,152.4949409,152.4949409,152.4949409,145.1007342,145.1007342,145.1007342,145.1007342,145.1007342,137.7631436,137.7631436,137.7631436,137.7631436,137.7631436,131.0113308,131.0113308,131.0113308,131.0113308,131.0113308,124.4380623,124.4380623,122.0431099,122.0431099
48,333.3671532,333.3671532,333.3671532,333.3671532,333.3671532,318.5314465,312.0752088,305.1732215,299.3677336,293.5709055,287.9786857,283.259167,278.5021984,273.8479673,269.2897397,265.4021082,261.4376014,257.5874438,253.8912988,250.6702308,247.7616384,244.845045,241.9873513,239.311997,237.0053231,234.5418788,231.7508132,229.6011274,226.9045872,220.3798494,220.3798494,220.3798494,220.3798494,209.2371758,209.2371758,209.2371758,209.2371758,209.2371758,198.7333194,198.7333194,198.7333194,198.7333194,188.9358952,188.9358952,188.9358952,188.9358952,188.9358952,188.9358952,179.5264123,179.5264123,179.5264123,179.5264123,179.5264123,176.1100565,176.1100565,176.1100565,170.6682094,170.6682094,170.6682094,170.6682094,170.6682094,162.1432089,162.1432089,162.1432089,162.1432089,162.1432089,154.1036106,154.1036106,154.1036106,154.1036106,154.1036106,146.5624445,146.5624445,146.5624445,146.5624445,146.5624445,139.1695542,139.1695542,136.7382982,136.7382982
49,367.2731382,367.2731382,367.2731382,367.2731382,367.2731382,351.6218649,344.4807233,338.205042,331.5830633,325.7522044,319.8659775,314.5901825,309.4614202,304.4008425,300.0334368,295.802315,291.33135,287.1481788,283.1166857,279.4302076,276.4106181,273.2531223,269.8444715,267.1222406,264.6099411,261.8552263,259.0106265,256.2447757,253.3611676,245.9648694,245.9648694,245.9648694,245.9648694,233.4542341,233.4542341,233.4542341,233.4542341,233.4542341,222.0925225,222.0925225,222.0925225,222.0925225,211.0445887,211.0445887,211.0445887,211.0445887,211.0445887,211.0445887,200.5295538,200.5295538,200.5295538,200.5295538,200.5295538,196.5686135,196.5686135,196.5686135,190.4907513,190.4907513,190.4907513,190.4907513,190.4907513,181.2074244,181.2074244,181.2074244,181.2074244,181.2074244,172.2134242,172.2134242,172.2134242,172.2134242,172.2134242,163.5324625,163.5324625,163.5324625,163.5324625,163.5324625,155.5027314,155.5027314,152.4812024,152.4812024
50,403.1906384,403.1906384,403.1906384,403.1906384,403.1906384,386.3764693,379.0592241,371.6488375,364.6015098,358.0203738,351.7148577,345.7284682,340.0951392,334.9865419,329.8098756,325.037816,320.1741969,316.0328821,311.8137797,307.5372437,303.5402786,300.1631321,296.6986934,293.2783767,290.1762303,287.6929919,284.6174688,281.6542287,278.6459763,270.484413,270.484413,270.484413,270.484413,256.6127122,256.6127122,256.6127122,256.6127122,256.6127122,244.4130275,244.4130275,244.4130275,244.4130275,231.9732208,231.9732208,231.9732208,231.9732208,231.9732208,231.9732208,220.6697691,220.6697691,220.6697691,220.6697691,220.6697691,216.0679432,216.0679432,216.0679432,209.5257775,209.5257775,209.5257775,209.5257775,209.5257775,199.2760322,199.2760322,199.2760322,199.2760322,199.2760322,189.3737384,189.3737384,189.3737384,189.3737384,189.3737384,180.1227578,180.1227578,180.1227578,180.1227578,180.1227578,170.9755341,170.9755341,167.7831949,167.7831949
51,438.4658616,438.4658616,438.4658616,438.4658616,438.4658616,421.2952892,413.5532685,406.0535348,398.1630472,391.2772127,384.2910628,377.7302608,371.8567947,365.6423417,360.3368082,354.8092148,350.0717749,344.7957535,340.5268286,336.0219821,331.7158285,327.6432284,323.9014691,320.3902449,317.2333309,313.7432481,310.7623101,307.8557284,304.5317735,295.0303438,295.0303438,295.0303438,295.0303438,280.2269155,280.2269155,280.2269155,280.2269155,280.2269155,266.604273,266.604273,266.604273,266.604273,253.3635021,253.3635021,253.3635021,253.3635021,253.3635021,253.3635021,240.7986115,240.7986115,240.7986115,240.7986115,240.7986115,235.8009198,235.8009198,235.8009198,229.071049,229.071049,229.071049,229.071049,229.071049,217.4250018,217.4250018,217.4250018,217.4250018,217.4250018,206.9699399,206.9699399,206.9699399,206.9699399,206.9699399,196.6602055,196.6602055,196.6602055,196.6602055,196.6602055,186.9253719,186.9253719,183.1490675,183.1490675
52,471.8326918,471.8326918,471.8326918,471.8326918,471.8326918,455.5078952,448.421476,440.3413329,432.1510594,424.2670356,417.0774949,409.6860354,403.0879735,397.1066067,390.2849675,384.776171,379.077265,374.5785425,369.3193674,364.912961,359.8609013,355.7362155,351.3025535,347.4330166,343.8558599,340.1201428,336.5207598,333.5968339,330.1548687,320.036184,320.036184,320.036184,320.036184,304.3248653,304.3248653,304.3248653,304.3248653,304.3248653,289.1949535,289.1949535,289.1949535,289.1949535,274.8483518,274.8483518,274.8483518,274.8483518,274.8483518,274.8483518,261.2173881,261.2173881,261.2173881,261.2173881,261.2173881,256.1454977,256.1454977,256.1454977,248.2459545,248.2459545,248.2459545,248.2459545,248.2459545,236.1186746,236.1186746,236.1186746,236.1186746,236.1186746,224.3068127,224.3068127,224.3068127,224.3068127,224.3068127,213.3967057,213.3967057,213.3967057,213.3967057,213.3967057,202.7316926,202.7316926,198.7508833,198.7508833
53,506.3683428,506.3683428,506.3683428,506.3683428,506.3683428,490.6776656,484.3451784,477.0230527,468.8359074,460.4189788,452.7141495,444.9375273,437.3128194,430.4173487,424.0846582,417.5374588,411.804928,405.9853584,400.8445065,395.634284,390.8486702,385.9944606,381.3928048,377.1688504,372.942285,369.6059784,365.057301,361.588925,358.3511224,347.6452523,347.6452523,347.6452523,347.6452523,330.2208825,330.2208825,330.2208825,330.2208825,330.2208825,313.9649015,313.9649015,313.9649015,313.9649015,298.6924786,298.6924786,298.6924786,298.6924786,298.6924786,298.6924786,283.4169141,283.4169141,283.4169141,283.4169141,283.4169141,277.9595609,277.9595609,277.9595609,269.3175799,269.3175799,269.3175799,269.3175799,269.3175799,256.3251572,256.3251572,256.3251572,256.3251572,256.3251572,243.5315762,243.5315762,243.5315762,243.5315762,243.5315762,231.6689888,231.6689888,231.6689888,231.6689888,231.6689888,220.1418601,220.1418601,215.7024001,215.7024001
54,544.6243254,544.6243254,544.6243254,544.6243254,544.6243254,527.4164669,522.5465636,516.5066137,508.3225103,499.9874312,491.2916391,483.1966861,475.2449312,467.5532218,460.5319211,454.0287574,447.0962114,441.3376708,435.4405641,429.8987975,424.3198712,419.6012739,414.0563376,409.7848629,405.090182,400.530504,396.6607832,392.419336,388.7712588,377.7220675,377.7220675,377.7220675,377.7220675,358.7624624,358.7624624,358.7624624,358.7624624,358.7624624,340.8018384,340.8018384,340.8018384,340.8018384,324.0886671,324.0886671,324.0886671,324.0886671,324.0886671,324.0886671,307.8773816,307.8773816,307.8773816,307.8773816,307.8773816,301.8199605,301.8199605,301.8199605,292.658741,292.658741,292.658741,292.658741,292.658741,278.2768195,278.2768195,278.2768195,278.2768195,278.2768195,264.6780714,264.6780714,264.6780714,264.6780714,264.6780714,251.5431911,251.5431911,251.5431911,251.5431911,251.5431911,239.1153548,239.1153548,234.3812315,234.3812315
55,583.515682,583.515682,583.515682,583.515682,583.515682,563.8108603,558.8016156,553.5242321,547.0314603,539.3219369,530.0862496,521.3725412,512.6777999,505.2796908,497.0751511,489.7188342,482.8335739,476.1723704,469.7254716,463.7122438,458.2038501,452.6951234,447.5781155,442.0216892,437.5637015,432.6128351,427.9676599,424.0912137,419.6042217,407.6253075,407.6253075,407.6253075,407.6253075,387.2517329,387.2517329,387.2517329,387.2517329,387.2517329,368.0848081,368.0848081,368.0848081,368.0848081,349.628658,349.628658,349.628658,349.628658,349.628658,349.628658,332.5667704,332.5667704,332.5667704,332.5667704,332.5667704,325.641203,325.641203,325.641203,316.1750876,316.1750876,316.1750876,316.1750876,316.1750876,300.5213511,300.5213511,300.5213511,300.5213511,300.5213511,285.6815411,285.6815411,285.6815411,285.6815411,285.6815411,271.7208374,271.7208374,271.7208374,271.7208374,271.7208374,258.2949671,258.2949671,253.0146646,253.0146646
56,624.4753208,624.4753208,624.4753208,624.4753208,624.4753208,600.0725986,593.1141577,587.9251178,582.8379854,575.6749983,567.2317547,558.6293738,549.9142324,540.9123823,532.9189197,524.9440775,517.2761625,510.4669238,503.1670056,496.9246506,490.978162,485.24939,479.2959292,474.0139615,468.6262591,463.6488686,458.6094457,453.8367152,449.632654,436.5173473,436.5173473,436.5173473,436.5173473,414.4546063,414.4546063,414.4546063,414.4546063,414.4546063,394.1409313,394.1409313,394.1409313,394.1409313,374.7359666,374.7359666,374.7359666,374.7359666,374.7359666,374.7359666,356.249439,356.249439,356.249439,356.249439,356.249439,349.1283772,349.1283772,349.1283772,338.7077696,338.7077696,338.7077696,338.7077696,338.7077696,321.9389132,321.9389132,321.9389132,321.9389132,321.9389132,306.3533654,306.3533654,306.3533654,306.3533654,306.3533654,291.0894623,291.0894623,291.0894623,291.0894623,291.0894623,276.6741757,276.6741757,271.1991065,271.1991065
57,673.1168957,673.1168957,673.1168957,673.1168957,673.1168957,642.1511343,632.4176185,625.3177428,619.6674082,614.1666667,606.7980724,598.0405621,589.2736818,580.2678664,571.135539,563.2092209,554.9397305,546.9143943,539.928806,532.655422,526.1489984,520.0713977,514.1286462,507.9862094,502.7588983,497.1050939,491.6575666,486.5877472,481.7101113,467.704777,467.704777,467.704777,467.704777,444.6439342,444.6439342,444.6439342,444.6439342,444.6439342,422.7339737,422.7339737,422.7339737,422.7339737,401.9605075,401.9605075,401.9605075,401.9605075,401.9605075,401.9605075,382.2518107,382.2518107,382.2518107,382.2518107,382.2518107,374.5583372,374.5583372,374.5583372,363.1370156,363.1370156,363.1370156,363.1370156,363.1370156,345.3288572,345.3288572,345.3288572,345.3288572,345.3288572,328.3884632,328.3884632,328.3884632,328.3884632,328.3884632,312.0763202,312.0763202,312.0763202,312.0763202,312.0763202,296.6286226,296.6286226,290.6713438,290.6713438
58,737.0242022,737.0242022,737.0242022,737.0242022,737.0242022,698.7421492,682.5710661,672.1448974,665.0943665,659.0087935,653.2011619,645.3744553,636.5600161,627.5324031,617.8518782,608.5749061,600.0911774,591.5968433,584.0036773,576.5187261,568.8346982,562.4589756,555.7009731,549.6050812,543.4001323,537.7151755,531.7060723,526.2700292,520.8902294,505.5456568,505.5456568,505.5456568,505.5456568,481.3608845,481.3608845,481.3608845,481.3608845,481.3608845,457.1241639,457.1241639,457.1241639,457.1241639,434.5471343,434.5471343,434.5471343,434.5471343,434.5471343,434.5471343,413.4479627,413.4479627,413.4479627,413.4479627,413.4479627,405.1483141,405.1483141,405.1483141,392.6695233,392.6695233,392.6695233,392.6695233,392.6695233,373.3709818,373.3709818,373.3709818,373.3709818,373.3709818,354.9670905,354.9670905,354.9670905,354.9670905,354.9670905,337.2994351,337.2994351,337.2994351,337.2994351,337.2994351,320.9398836,320.9398836,314.3705772,314.3705772
59,825.6855971,825.6855971,825.6855971,825.6855971,825.6855971,778.6366831,756.7555015,739.9890307,728.7135862,720.6476335,714.4820801,707.4304238,699.4536714,690.298901,680.2987059,670.4575475,660.9834445,652.1060314,643.0116465,634.8904646,626.7216527,618.8861429,612.0786254,605.1447816,598.8009802,592.0890525,585.8651909,579.6018731,573.9332216,557.005654,557.005654,557.005654,557.005654,530.087657,530.087657,530.087657,530.087657,530.087657,503.7211935,503.7211935,503.7211935,503.7211935,478.2401772,478.2401772,478.2401772,478.2401772,478.2401772,478.2401772,455.007128,455.007128,455.007128,455.007128,455.007128,445.801343,445.801343,445.801343,432.5078139,432.5078139,432.5078139,432.5078139,432.5078139,411.1020005,411.1020005,411.1020005,411.1020005,411.1020005,390.6367121,390.6367121,390.6367121,390.6367121,390.6367121,371.540151,371.540151,371.540151,371.540151,371.540151,353.3055751,353.3055751,346.1334938,346.1334938
60,937.7254148,937.7254148,937.7254148,937.7254148,937.7254148,883.4173382,854.1877107,831.200731,813.3315127,801.3410678,792.6181432,785.5595245,778.5942382,769.6349558,759.5672413,749.165325,738.3728316,728.3959557,718.560531,708.9745394,700.2748655,691.9134923,683.2634128,675.8983364,668.6084219,661.4346833,654.2245293,648.100725,640.948784,621.7035063,621.7035063,621.7035063,621.7035063,592.0200057,592.0200057,592.0200057,592.0200057,592.0200057,562.6967007,562.6967007,562.6967007,562.6967007,534.2113155,534.2113155,534.2113155,534.2113155,534.2113155,534.2113155,508.2748794,508.2748794,508.2748794,508.2748794,508.2748794,498.1016009,498.1016009,498.1016009,483.4174338,483.4174338,483.4174338,483.4174338,483.4174338,459.0695607,459.0695607,459.0695607,459.0695607,459.0695607,436.6040946,436.6040946,436.6040946,436.6040946,436.6040946,415.2420784,415.2420784,415.2420784,415.2420784,415.2420784,394.6022923,394.6022923,386.7341015,386.7341015
61,1058.593438,1058.593438,1058.593438,1058.593438,1058.593438,996.8447785,962.928499,932.5346494,908.0951729,889.6652706,877.2034515,867.7607998,860.3642466,852.2669664,842.5260105,831.4561273,820.6074308,809.3216227,798.2444178,788.373226,778.2148085,768.8685161,760.0368333,750.5407929,742.8105717,734.708857,727.1692718,719.4776577,712.4550884,690.7482512,690.7482512,690.7482512,690.7482512,657.8001145,657.8001145,657.8001145,657.8001145,657.8001145,624.7381493,624.7381493,624.7381493,624.7381493,593.8400856,593.8400856,593.8400856,593.8400856,593.8400856,593.8400856,564.5621698,564.5621698,564.5621698,564.5621698,564.5621698,553.2525879,553.2525879,553.2525879,536.8907005,536.8907005,536.8907005,536.8907005,536.8907005,510.3000216,510.3000216,510.3000216,510.3000216,510.3000216,484.9352952,484.9352952,484.9352952,484.9352952,484.9352952,461.3392911,461.3392911,461.3392911,461.3392911,461.3392911,438.2613101,438.2613101,429.8048522,429.8048522
62,1168.776498,1168.776498,1168.776498,1168.776498,1168.776498,1106.056179,1067.747834,1033.147638,1001.943198,977.4420237,958.3323192,945.446642,935.0698917,926.3674341,917.9311537,907.7142978,895.9522595,884.478772,873.0985456,861.7236003,851.2286225,840.2030714,830.592577,821.1424714,811.4517761,803.1675272,794.7641334,786.5160334,778.4037746,755.1610196,755.1610196,755.1610196,755.1610196,717.9644995,717.9644995,717.9644995,717.9644995,717.9644995,683.0700896,683.0700896,683.0700896,683.0700896,649.4158094,649.4158094,649.4158094,649.4158094,649.4158094,649.4158094,617.1364688,617.1364688,617.1364688,617.1364688,617.1364688,604.6917581,604.6917581,604.6917581,586.5318252,586.5318252,586.5318252,586.5318252,586.5318252,557.4738236,557.4738236,557.4738236,557.4738236,557.4738236,530.2481483,530.2481483,530.2481483,530.2481483,530.2481483,503.8042136,503.8042136,503.8042136,503.8042136,503.8042136,479.1024345,479.1024345,469.7373414,469.7373414
63,1275.797373,1275.797373,1275.797373,1275.797373,1275.797373,1213.107659,1176.730911,1137.463189,1102.995426,1071.427517,1046.180663,1026.632117,1013.006045,1002.291642,992.8312369,983.7726392,972.8238788,960.1283479,948.5707438,936.5718311,924.6942606,913.8447095,902.4546866,892.3463858,882.7475757,872.6061934,863.7550439,854.7652128,846.2581825,820.5405127,820.5405127,820.5405127,820.5405127,779.9414671,779.9414671,779.9414671,779.9414671,779.9414671,742.8182592,742.8182592,742.8182592,742.8182592,705.7436642,705.7436642,705.7436642,705.7436642,705.7436642,705.7436642,670.8697236,670.8697236,670.8697236,670.8697236,670.8697236,657.2454583,657.2454583,657.2454583,637.5542587,637.5542587,637.5542587,637.5542587,637.5542587,606.1261497,606.1261497,606.1261497,606.1261497,606.1261497,576.1289088,576.1289088,576.1289088,576.1289088,576.1289088,547.95426,547.95426,547.95426,547.95426,547.95426,520.7626068,520.7626068,510.4341897,510.4341897
64,1388.924212,1388.924212,1388.924212,1388.924212,1388.924212,1322.940526,1288.462015,1251.790434,1212.345824,1177.001997,1145.342016,1119.625412,1099.274635,1085.134157,1073.396625,1064.058536,1053.364255,1041.853781,1029.477838,1016.934201,1004.764977,992.2244451,980.9203085,969.0544627,958.3557096,948.0637473,937.682905,928.2078725,918.8933008,891.3394339,891.3394339,891.3394339,891.3394339,847.5149462,847.5149462,847.5149462,847.5149462,847.5149462,806.7392844,806.7392844,806.7392844,806.7392844,766.7399523,766.7399523,766.7399523,766.7399523,766.7399523,766.7399523,728.0291212,728.0291212,728.0291212,728.0291212,728.0291212,714.1613359,714.1613359,714.1613359,692.5536255,692.5536255,692.5536255,692.5536255,692.5536255,658.3589249,658.3589249,658.3589249,658.3589249,658.3589249,625.9244225,625.9244225,625.9244225,625.9244225,625.9244225,595.17731,595.17731,595.17731,595.17731,595.17731,565.666449,565.666449,554.4427807,554.4427807
65,1498.607933,1498.607933,1498.607933,1498.607933,1498.607933,1431.736227,1397.651791,1363.010382,1326.103764,1285.933479,1250.773705,1218.242051,1192.497854,1171.878707,1156.881689,1144.402185,1134.226098,1123.106867,1111.058912,1097.928554,1084.655641,1072.331594,1059.179334,1047.437114,1035.371411,1024.330948,1013.328131,1002.430208,992.5534214,962.7190391,962.7190391,962.7190391,962.7190391,914.9295906,914.9295906,914.9295906,914.9295906,914.9295906,871.3462565,871.3462565,871.3462565,871.3462565,828.0510978,828.0510978,828.0510978,828.0510978,828.0510978,828.0510978,786.4953434,786.4953434,786.4953434,786.4953434,786.4953434,771.1770064,771.1770064,771.1770064,748.0014003,748.0014003,748.0014003,748.0014003,748.0014003,711.4616573,711.4616573,711.4616573,711.4616573,711.4616573,676.2518925,676.2518925,676.2518925,676.2518925,676.2518925,642.8683193,642.8683193,642.8683193,642.8683193,642.8683193,611.3748067,611.3748067,598.8875614,598.8875614
66,1616.230316,1616.230316,1616.230316,1616.230316,1616.230316,1542.730148,1510.339613,1475.278588,1440.128778,1403.253469,1362.851251,1327.606635,1294.769489,1268.380718,1247.153898,1231.89051,1219.248047,1208.203665,1196.599107,1183.634373,1169.381285,1156.180532,1143.101776,1130.064365,1117.81837,1104.97801,1093.049187,1082.032098,1070.348885,1038.786092,1038.786092,1038.786092,1038.786092,986.7356842,986.7356842,986.7356842,986.7356842,986.7356842,939.6715999,939.6715999,939.6715999,939.6715999,892.4155587,892.4155587,892.4155587,892.4155587,892.4155587,892.4155587,848.558594,848.558594,848.558594,848.558594,848.558594,831.6380139,831.6380139,831.6380139,807.301886,807.301886,807.301886,807.301886,807.301886,767.5376014,767.5376014,767.5376014,767.5376014,767.5376014,729.3146839,729.3146839,729.3146839,729.3146839,729.3146839,693.7664036,693.7664036,693.7664036,693.7664036,693.7664036,659.6089926,659.6089926,646.231499,646.231499
67,1747.825772,1747.825772,1747.825772,1747.825772,1747.825772,1665.394069,1628.310373,1595.059256,1559.294485,1524.20152,1486.620416,1446.700932,1411.072415,1378.690525,1351.455736,1329.964307,1313.738875,1300.236782,1288.310626,1275.80463,1262.076586,1247.68866,1234.218147,1220.002644,1206.393344,1193.818924,1180.601929,1168.181772,1156.341918,1121.375215,1121.375215,1121.375215,1121.375215,1065.259386,1065.259386,1065.259386,1065.259386,1065.259386,1013.616751,1013.616751,1013.616751,1013.616751,963.625869,963.625869,963.625869,963.625869,963.625869,963.625869,916.4767322,916.4767322,916.4767322,916.4767322,916.4767322,897.4079721,897.4079721,897.4079721,871.7324742,871.7324742,871.7324742,871.7324742,871.7324742,828.7026389,828.7026389,828.7026389,828.7026389,828.7026389,787.6329716,787.6329716,787.6329716,787.6329716,787.6329716,748.7726327,748.7726327,748.7726327,748.7726327,748.7726327,712.1841978,712.1841978,698.0826327,698.0826327
68,1890.658544,1890.658544,1890.658544,1890.658544,1890.658544,1793.947832,1750.981787,1713.519053,1679.773813,1643.555048,1608.176544,1570.446588,1530.482462,1494.406259,1462.287297,1434.974065,1413.130821,1396.542268,1382.141062,1369.259667,1356.152951,1341.354411,1326.278639,1312.238574,1297.998456,1283.824685,1270.378032,1256.53193,1243.618777,1206.029898,1206.029898,1206.029898,1206.029898,1145.910006,1145.910006,1145.910006,1145.910006,1145.910006,1090.080176,1090.080176,1090.080176,1090.080176,1037.645247,1037.645247,1037.645247,1037.645247,1037.645247,1037.645247,985.9912654,985.9912654,985.9912654,985.9912654,985.9912654,965.8201669,965.8201669,965.8201669,937.3513012,937.3513012,937.3513012,937.3513012,937.3513012,891.3016957,891.3016957,891.3016957,891.3016957,891.3016957,847.2820085,847.2820085,847.2820085,847.2820085,847.2820085,805.6906438,805.6906438,805.6906438,805.6906438,805.6906438,765.8740964,765.8740964,750.7175977,750.7175977
69,2044.921088,2044.921088,2044.921088,2044.921088,2044.921088,1930.244888,1877.059093,1834.014055,1795.978041,1761.576096,1725.586064,1689.962646,1652.292403,1612.481879,1577.014808,1544.636029,1517.384838,1495.100414,1478.476821,1462.84243,1448.92316,1435.595328,1420.415888,1404.124877,1389.517224,1374.714263,1360.366761,1346.615817,1331.909246,1290.964531,1290.964531,1290.964531,1290.964531,1227.84286,1227.84286,1227.84286,1227.84286,1227.84286,1167.46257,1167.46257,1167.46257,1167.46257,1111.253207,1111.253207,1111.253207,1111.253207,1111.253207,1111.253207,1056.346528,1056.346528,1056.346528,1056.346528,1056.346528,1035.014621,1035.014621,1035.014621,1003.807069,1003.807069,1003.807069,1003.807069,1003.807069,954.4965465,954.4965465,954.4965465,954.4965465,954.4965465,907.4174624,907.4174624,907.4174624,907.4174624,907.4174624,862.5631558,862.5631558,862.5631558,862.5631558,862.5631558,820.5570653,820.5570653,803.8958917,803.8958917
70,2246.698538,2246.698538,2246.698538,2246.698538,2246.698538,2109.365535,2041.231576,1986.681701,1943.37215,1904.827999,1869.872363,1832.376978,1796.66227,1758.581179,1718.227107,1682.977391,1650.676049,1623.024664,1600.046171,1582.490337,1565.938352,1551.659729,1536.608785,1520.341873,1503.579952,1488.398719,1473.228538,1457.371326,1442.88224,1398.391098,1398.391098,1398.391098,1398.391098,1329.063774,1329.063774,1329.063774,1329.063774,1329.063774,1263.056819,1263.056819,1263.056819,1263.056819,1203.006676,1203.006676,1203.006676,1203.006676,1203.006676,1203.006676,1143.459987,1143.459987,1143.459987,1143.459987,1143.459987,1120.152425,1120.152425,1120.152425,1086.052599,1086.052599,1086.052599,1086.052599,1086.052599,1033.281898,1033.281898,1033.281898,1033.281898,1033.281898,982.5788173,982.5788173,982.5788173,982.5788173,982.5788173,934.2270214,934.2270214,934.2270214,934.2270214,934.2270214,888.2791336,888.2791336,870.6030706,870.6030706
71,2492.487035,2492.487035,2492.487035,2492.487035,2492.487035,2329.844455,2242.874845,2173.623704,2118.642226,2074.012161,2034.175035,1997.982995,1960.047237,1923.137048,1884.611264,1843.789404,1808.538917,1775.799126,1748.087654,1724.44162,1705.725558,1688.307743,1672.33041,1656.431162,1639.10883,1620.949545,1604.645809,1588.520049,1572.267692,1524.112891,1524.112891,1524.112891,1524.112891,1448.40154,1448.40154,1448.40154,1448.40154,1448.40154,1376.554446,1376.554446,1376.554446,1376.554446,1310.757994,1310.757994,1310.757994,1310.757994,1310.757994,1310.757994,1245.016991,1245.016991,1245.016991,1245.016991,1245.016991,1221.257089,1221.257089,1221.257089,1183.982908,1183.982908,1183.982908,1183.982908,1183.982908,1126.107128,1126.107128,1126.107128,1126.107128,1126.107128,1071.421147,1071.421147,1071.421147,1071.421147,1071.421147,1018.350757,1018.350757,1018.350757,1018.350757,1018.350757,968.1787407,968.1787407,949.0778272,949.0778272
72,2751.972498,2751.972498,2751.972498,2751.972498,2751.972498,2559.614299,2453.574398,2366.054797,2296.088981,2240.991091,2195.365293,2155.128054,2118.075171,2079.362894,2042.083379,2003.625691,1962.949704,1927.24802,1894.788231,1866.544675,1842.360925,1822.473571,1804.596081,1787.065282,1769.828005,1751.438682,1732.828745,1715.74446,1698.748418,1646.465374,1646.465374,1646.465374,1646.465374,1564.428016,1564.428016,1564.428016,1564.428016,1564.428016,1487.01772,1487.01772,1487.01772,1487.01772,1414.881129,1414.881129,1414.881129,1414.881129,1414.881129,1414.881129,1345.466363,1345.466363,1345.466363,1345.466363,1345.466363,1319.248709,1319.248709,1319.248709,1279.726014,1279.726014,1279.726014,1279.726014,1279.726014,1216.782314,1216.782314,1216.782314,1216.782314,1216.782314,1157.242391,1157.242391,1157.242391,1157.242391,1157.242391,1099.806949,1099.806949,1099.806949,1099.806949,1099.806949,1046.045764,1046.045764,1025.423186,1025.423186
73,3057.915634,3057.915634,3057.915634,3057.915634,3057.915634,2835.485298,2705.259682,2598.1926,2509.864523,2439.97189,2382.558288,2337.256652,2295.690559,2257.551431,2218.156364,2180.509184,2141.364749,2100.496785,2065.165213,2031.696401,2003.540479,1978.11901,1957.550272,1938.276581,1919.474996,1901.181156,1881.183858,1861.282273,1843.503158,1788.190073,1788.190073,1788.190073,1788.190073,1698.40592,1698.40592,1698.40592,1698.40592,1698.40592,1614.641592,1614.641592,1614.641592,1614.641592,1535.926281,1535.926281,1535.926281,1535.926281,1535.926281,1535.926281,1461.621208,1461.621208,1461.621208,1461.621208,1461.621208,1431.294449,1431.294449,1431.294449,1389.169567,1389.169567,1389.169567,1389.169567,1389.169567,1321.109624,1321.109624,1321.109624,1321.109624,1321.109624,1256.70427,1256.70427,1256.70427,1256.70427,1256.70427,1194.270817,1194.270817,1194.270817,1194.270817,1194.270817,1135.611446,1135.611446,1113.160589,1113.160589
74,3442.900678,3442.900678,3442.900678,3442.900678,3442.900678,3189.158211,3033.220766,2900.559459,2790.440482,2700.282458,2628.280314,2569.301057,2522.090825,2479.474155,2439.520774,2398.854007,2359.994661,2320.383566,2278.452969,2243.16952,2209.035357,2180.047565,2153.484299,2131.094022,2110.563186,2089.782726,2069.902545,2048.737681,2026.8648,1967.060783,1967.060783,1967.060783,1967.060783,1867.848796,1867.848796,1867.848796,1867.848796,1867.848796,1776.982501,1776.982501,1776.982501,1776.982501,1689.60094,1689.60094,1689.60094,1689.60094,1689.60094,1689.60094,1609.04798,1609.04798,1609.04798,1609.04798,1609.04798,1575.510159,1575.510159,1575.510159,1529.396306,1529.396306,1529.396306,1529.396306,1529.396306,1453.125993,1453.125993,1453.125993,1453.125993,1453.125993,1382.399983,1382.399983,1382.399983,1382.399983,1382.399983,1314.50582,1314.50582,1314.50582,1314.50582,1314.50582,1249.913485,1249.913485,1224.551647,1224.551647
75,3890.803791,3890.803791,3890.803791,3890.803791,3890.803791,3605.942743,3426.25953,3266.805247,3129.122399,3016.76081,2923.623039,2849.587233,2789.528715,2740.220427,2694.820489,2653.989252,2611.137435,2571.154,2530.146425,2487.293036,2450.97356,2415.96335,2385.777553,2358.400467,2334.901551,2311.933847,2289.779461,2266.923236,2243.759866,2177.411083,2177.411083,2177.411083,2177.411083,2068.285906,2068.285906,2068.285906,2068.285906,2068.285906,1966.16518,1966.16518,1966.16518,1966.16518,1868.931877,1868.931877,1868.931877,1868.931877,1868.931877,1868.931877,1780.682223,1780.682223,1780.682223,1780.682223,1780.682223,1744.874879,1744.874879,1744.874879,1692.162083,1692.162083,1692.162083,1692.162083,1692.162083,1607.877006,1607.877006,1607.877006,1607.877006,1607.877006,1530.029384,1530.029384,1530.029384,1530.029384,1530.029384,1455.358784,1455.358784,1455.358784,1455.358784,1455.358784,1383.585893,1383.585893,1356.033061,1356.033061
76,4391.966335,4391.966335,4391.966335,4391.966335,4391.966335,4073.448713,3872.396844,3687.016053,3522.908931,3381.951532,3265.537909,3170.077789,3093.96504,3031.709051,2980.032575,2933.002063,2890.341792,2845.630623,2804.080932,2762.265247,2717.952978,2681.264024,2645.447778,2614.461275,2584.60594,2559.721131,2534.293219,2510.216653,2485.338371,2410.874155,2410.874155,2410.874155,2410.874155,2291.045956,2291.045956,2291.045956,2291.045956,2291.045956,2178.124262,2178.124262,2178.124262,2178.124262,2070.01857,2070.01857,2070.01857,2070.01857,2070.01857,2070.01857,1971.801505,1971.801505,1971.801505,1971.801505,1971.801505,1933.120721,1933.120721,1933.120721,1873.508518,1873.508518,1873.508518,1873.508518,1873.508518,1782.043027,1782.043027,1782.043027,1782.043027,1782.043027,1695.361211,1695.361211,1695.361211,1695.361211,1695.361211,1612.607812,1612.607812,1612.607812,1612.607812,1612.607812,1532.891193,1532.891193,1502.37758,1502.37758
77,4909.815129,4909.815129,4909.815129,4909.815129,4909.815129,4568.399514,4343.999639,4138.282901,3949.129136,3780.366817,3636.786326,3517.357394,3420.590816,3342.293031,3278.696869,3225.096734,3176.069933,3131.770156,3085.426145,3042.668785,2999.490291,2955.121505,2917.05218,2880.913614,2848.601524,2817.034551,2790.248161,2762.965437,2736.284863,2654.593701,2654.593701,2654.593701,2654.593701,2523.672822,2523.672822,2523.672822,2523.672822,2523.672822,2398.840042,2398.840042,2398.840042,2398.840042,2281.135007,2281.135007,2281.135007,2281.135007,2281.135007,2281.135007,2169.997305,2169.997305,2169.997305,2169.997305,2169.997305,2129.406493,2129.406493,2129.406493,2064.965265,2064.965265,2064.965265,2064.965265,2064.965265,1963.805695,1963.805695,1963.805695,1963.805695,1963.805695,1868.012327,1868.012327,1868.012327,1868.012327,1868.012327,1776.39533,1776.39533,1776.39533,1776.39533,1776.39533,1689.082537,1689.082537,1655.761784,1655.761784
78,5477.907752,5477.907752,5477.907752,5477.907752,5477.907752,5113.276651,4876.238499,4647.034191,4435.865941,4240.414623,4068.88547,3920.52994,3799.131773,3699.871287,3618.795286,3553.139194,3498.774268,3447.503316,3400.444733,3352.400322,3308.350336,3263.692716,3218.380285,3179.897962,3142.73739,3109.442717,3076.311992,3047.626684,3018.051454,2929.33046,2929.33046,2929.33046,2929.33046,2786.202709,2786.202709,2786.202709,2786.202709,2786.202709,2647.183206,2647.183206,2647.183206,2647.183206,2517.303041,2517.303041,2517.303041,2517.303041,2517.303041,2517.303041,2394.899751,2394.899751,2394.899751,2394.899751,2394.899751,2349.647774,2349.647774,2349.647774,2280.619963,2280.619963,2280.619963,2280.619963,2280.619963,2168.119596,2168.119596,2168.119596,2168.119596,2168.119596,2061.877545,2061.877545,2061.877545,2061.877545,2061.877545,1961.690389,1961.690389,1961.690389,1961.690389,1961.690389,1864.880221,1864.880221,1827.990222,1827.990222
79,6132.67904,6132.67904,6132.67904,6132.67904,6132.67904,5744.137034,5496.340134,5251.79411,5012.884448,4793.439977,4592.394464,4413.931154,4262.66527,4136.72599,4033.352014,3950.430899,3882.812244,3825.033138,3771.738626,3722.507242,3671.91539,3626.40888,3579.913476,3533.363384,3494.032817,3455.774174,3419.968094,3385.127172,3353.913036,3257.651328,3257.651328,3257.651328,3257.651328,3096.803168,3096.803168,3096.803168,3096.803168,3096.803168,2942.722999,2942.722999,2942.722999,2942.722999,2800.268497,2800.268497,2800.268497,2800.268497,2800.268497,2800.268497,2664.672543,2664.672543,2664.672543,2664.672543,2664.672543,2611.454333,2611.454333,2611.454333,2536.786458,2536.786458,2536.786458,2536.786458,2536.786458,2412.334044,2412.334044,2412.334044,2412.334044,2412.334044,2293.103863,2293.103863,2293.103863,2293.103863,2293.103863,2181.646466,2181.646466,2181.646466,2181.646466,2181.646466,2075.3164,2075.3164,2033.40296,2033.40296
80,6857.992889,6857.992889,6857.992889,6857.992889,6857.992889,6453.288412,6195.050748,5935.886629,5680.869384,5432.105184,5204.429957,4995.3724,4811.162178,4653.585395,4523.664545,4417.009303,4330.944824,4260.685723,4200.496616,4143.570579,4091.906246,4038.815535,3990.561393,3943.11872,3894.592538,3854.03738,3813.616053,3776.083088,3737.917798,3632.138926,3632.138926,3632.138926,3632.138926,3455.417684,3455.417684,3455.417684,3455.417684,3455.417684,3285.292074,3285.292074,3285.292074,3285.292074,3124.074179,3124.074179,3124.074179,3124.074179,3124.074179,3124.074179,2971.76931,2971.76931,2971.76931,2971.76931,2971.76931,2913.858405,2913.858405,2913.858405,2830.474065,2830.474065,2830.474065,2830.474065,2830.474065,2691.645382,2691.645382,2691.645382,2691.645382,2691.645382,2558.784389,2558.784389,2558.784389,2558.784389,2558.784389,2435.938916,2435.938916,2435.938916,2435.938916,2435.938916,2316.993414,2316.993414,2270.485543,2270.485543
81,7607.555497,7607.555497,7607.555497,7607.555497,7607.555497,7181.705713,6925.209832,6656.449701,6386.668625,6120.813529,5863.614832,5627.717336,5411.565845,5222.186582,5059.885954,4926.028476,4817.086378,4727.43633,4654.98681,4591.607562,4532.653276,4478.373215,4422.935845,4372.253204,4323.015929,4272.784594,4230.71428,4188.165336,4147.878961,4029.144216,4029.144216,4029.144216,4029.144216,3834.49577,3834.49577,3834.49577,3834.49577,3834.49577,3646.458634,3646.458634,3646.458634,3646.458634,3468.899522,3468.899522,3468.899522,3468.899522,3468.899522,3468.899522,3299.115526,3299.115526,3299.115526,3299.115526,3299.115526,3236.134487,3236.134487,3236.134487,3142.832934,3142.832934,3142.832934,3142.832934,3142.832934,2987.975184,2987.975184,2987.975184,2987.975184,2987.975184,2842.6355,2842.6355,2842.6355,2842.6355,2842.6355,2705.256836,2705.256836,2705.256836,2705.256836,2705.256836,2574.155685,2574.155685,2523.119078,2523.119078
82,8340.23656,8340.23656,8340.23656,8340.23656,8340.23656,7894.891738,7635.827201,7371.954852,7094.735864,6815.703381,6542.021691,6277.801275,6035.075653,5814.03219,5620.704915,5454.728206,5319.11005,5207.154448,5116.404172,5040.630234,4976.084341,4915.239978,4857.753063,4799.607831,4747.561052,4696.623607,4644.883632,4601.175851,4556.960877,4426.664448,4426.664448,4426.664448,4426.664448,4213.820547,4213.820547,4213.820547,4213.820547,4213.820547,4008.657328,4008.657328,4008.657328,4008.657328,3813.945115,3813.945115,3813.945115,3813.945115,3813.945115,3813.945115,3628.181849,3628.181849,3628.181849,3628.181849,3628.181849,3556.590784,3556.590784,3556.590784,3453.466821,3453.466821,3453.466821,3453.466821,3453.466821,3286.942257,3286.942257,3286.942257,3286.942257,3286.942257,3127.424702,3127.424702,3127.424702,3127.424702,3127.424702,2975.996167,2975.996167,2975.996167,2975.996167,2975.996167,2831.465288,2831.465288,2775.37359,2775.37359
83,9107.94963,9107.94963,9107.94963,9107.94963,9107.94963,8637.245031,8378.092002,8113.604997,7840.204527,7554.454785,7268.017675,6984.364539,6713.112521,6465.293669,6239.575545,6042.064746,5873.437915,5735.325356,5621.03068,5529.193055,5451.432455,5384.205921,5320.949684,5261.513367,5200.805407,5146.909725,5094.564244,5041.046746,4994.18051,4851.196018,4851.196018,4851.196018,4851.196018,4621.725314,4621.725314,4621.725314,4621.725314,4621.725314,4398.268,4398.268,4398.268,4398.268,4183.335158,4183.335158,4183.335158,4183.335158,4183.335158,4183.335158,3980.353576,3980.353576,3980.353576,3980.353576,3980.353576,3901.826068,3901.826068,3901.826068,3788.439885,3788.439885,3788.439885,3788.439885,3788.439885,3608.185364,3608.185364,3608.185364,3608.185364,3608.185364,3432.061751,3432.061751,3432.061751,3432.061751,3432.061751,3265.522369,3265.522369,3265.522369,3265.522369,3265.522369,3107.487418,3107.487418,3046.972408,3046.972408
84,9934.704538,9934.704538,9934.704538,9934.704538,9934.704538,9413.133129,9149.153234,8882.575758,8610.468907,8327.829877,8032.903697,7737.405531,7447.925487,7169.616113,6915.587593,6685.62973,6485.097636,6313.552141,6173.227271,6057.765697,5963.728047,5884.83282,5815.600085,5748.704497,5686.944176,5624.063616,5567.460975,5513.457129,5457.495074,5305.358196,5305.358196,5305.358196,5305.358196,5054.793456,5054.793456,5054.793456,5054.793456,5054.793456,4810.218317,4810.218317,4810.218317,4810.218317,4575.156086,4575.156086,4575.156086,4575.156086,4575.156086,4575.156086,4355.855375,4355.855375,4355.855375,4355.855375,4355.855375,4268.869745,4268.869745,4268.869745,4146.046889,4146.046889,4146.046889,4146.046889,4146.046889,3948.17434,3948.17434,3948.17434,3948.17434,3948.17434,3756.850989,3756.850989,3756.850989,3756.850989,3756.850989,3573.29513,3573.29513,3573.29513,3573.29513,3573.29513,3401.347191,3401.347191,3334.66579,3334.66579
85,10882.08698,10882.08698,10882.08698,10882.08698,10882.08698,10303.16212,10005.83635,9733.420172,9457.389782,9176.31542,8885.82426,8581.712616,8275.849141,7976.981208,7690.233511,7430.378527,7195.149005,6989.88884,6816.006271,6672.634122,6555.390843,6459.072209,6377.728985,6305.223916,6236.401842,6170.988295,6104.078108,6046.303685,5988.969129,5818.470075,5818.470075,5818.470075,5818.470075,5545.343944,5545.343944,5545.343944,5545.343944,5545.343944,5279.835819,5279.835819,5279.835819,5279.835819,5022.643385,5022.643385,5022.643385,5022.643385,5022.643385,5022.643385,4780.014584,4780.014584,4780.014584,4780.014584,4780.014584,4685.890834,4685.890834,4685.890834,4548.541304,4548.541304,4548.541304,4548.541304,4548.541304,4334.331935,4334.331935,4334.331935,4334.331935,4334.331935,4123.999128,4123.999128,4123.999128,4123.999128,4123.999128,3923.214576,3923.214576,3923.214576,3923.214576,3923.214576,3734.880293,3734.880293,3662.163567,3662.163567
86,11980.4401,11980.4401,11980.4401,11980.4401,11980.4401,11299.63899,10968.7664,10664.21334,10383.78365,10100.07122,9806.626549,9507.256845,9190.11631,8873.800286,8565.723199,8270.413326,8002.269611,7762.068233,7552.676417,7373.245813,7228.192679,7108.88191,7011.09528,6927.394447,6852.585557,6778.776265,6710.146666,6639.677116,6577.038165,6392.358959,6392.358959,6392.358959,6392.358959,6093.189964,6093.189964,6093.189964,6093.189964,6093.189964,5802.484199,5802.484199,5802.484199,5802.484199,5521.565073,5521.565073,5521.565073,5521.565073,5521.565073,5521.565073,5255.737937,5255.737937,5255.737937,5255.737937,5255.737937,5153.344441,5153.344441,5153.344441,5001.638141,5001.638141,5001.638141,5001.638141,5001.638141,4765.490965,4765.490965,4765.490965,4765.490965,4765.490965,4533.473516,4533.473516,4533.473516,4533.473516,4533.473516,4314.693901,4314.693901,4314.693901,4314.693901,4314.693901,4108.249782,4108.249782,4027.732853,4027.732853
87,13228.24678,13228.24678,13228.24678,13228.24678,13228.24678,12453.44507,12042.51589,11707.98065,11394.75516,11105.71789,10810.4842,10506.32911,10195.55511,9869.912173,9540.723145,9220.405281,8915.312487,8640.769713,8393.204861,8177.007299,7995.950534,7847.650409,7724.311106,7623.65828,7538.175172,7459.705952,7382.283936,7308.522662,7233.221499,7027.173766,7027.173766,7027.173766,7027.173766,6704.066133,6704.066133,6704.066133,6704.066133,6704.066133,6384.742076,6384.742076,6384.742076,6384.742076,6078.334883,6078.334883,6078.334883,6078.334883,6078.334883,6078.334883,5785.636053,5785.636053,5785.636053,5785.636053,5785.636053,5672.676652,5672.676652,5672.676652,5507.591266,5507.591266,5507.591266,5507.591266,5507.591266,5244.910481,5244.910481,5244.910481,5244.910481,5244.910481,4994.263676,4994.263676,4994.263676,4994.263676,4994.263676,4754.565825,4754.565825,4754.565825,4754.565825,4754.565825,4525.362176,4525.362176,4436.645233,4436.645233
88,14867.02325,14867.02325,14867.02325,14867.02325,14867.02325,13993.60134,13510.44384,13089.34108,12741.23333,12415.60144,12111.32108,11801.67282,11480.14866,11151.11414,10804.50428,10457.93767,10120.86583,9799.19117,9511.423392,9252.564626,9027.543005,8838.856036,8682.683888,8555.716714,8451.114544,8359.234717,8274.818505,8191.549641,8112.234462,7880.047605,7880.047605,7880.047605,7880.047605,7513.578359,7513.578359,7513.578359,7513.578359,7513.578359,7162.671011,7162.671011,7162.671011,7162.671011,6820.370333,6820.370333,6820.370333,6820.370333,6820.370333,6820.370333,6490.631022,6490.631022,6490.631022,6490.631022,6490.631022,6366.03292,6366.03292,6366.03292,6180.358535,6180.358535,6180.358535,6180.358535,6180.358535,5886.633391,5886.633391,5886.633391,5886.633391,5886.633391,5608.270462,5608.270462,5608.270462,5608.270462,5608.270462,5338.017079,5338.017079,5338.017079,5338.017079,5338.017079,5081.810209,5081.810209,4982.338443,4982.338443
89,16498.22173,16498.22173,16498.22173,16498.22173,16498.22173,15614.34938,15073.48476,14579.8233,14149.33585,13791.20447,13451.73861,13135.14091,12811.34529,12471.64398,12128.61595,11762.02316,11397.96569,11043.96777,10707.77348,10405.50975,10138.09441,9905.603623,9708.980651,9547.703533,9415.957468,9305.826273,9209.531014,9120.669189,9030.142199,8770.883505,8770.883505,8770.883505,8770.883505,8366.178913,8366.178913,8366.178913,8366.178913,8366.178913,7978.080372,7978.080372,7978.080372,7978.080372,7597.13299,7597.13299,7597.13299,7597.13299,7597.13299,7597.13299,7232.110173,7232.110173,7232.110173,7232.110173,7232.110173,7093.540431,7093.540431,7093.540431,6889.805045,6889.805045,6889.805045,6889.805045,6889.805045,6562.830703,6562.830703,6562.830703,6562.830703,6562.830703,6252.874665,6252.874665,6252.874665,6252.874665,6252.874665,5954.176394,5954.176394,5954.176394,5954.176394,5954.176394,5666.799394,5666.799394,5557.731335,5557.731335
90-94,20629.24121,20629.24121,20629.24121,20629.24121,20629.24121,19567.6431,18908.86834,18346.38529,17964.43807,17677.46212,17330.00107,16915.89322,16492.05875,16120.56072,15794.03118,15438.28545,15052.57115,14652.8238,14269.32882,13921.01137,13581.81867,13231.03943,12903.36972,12623.47754,12401.68946,12235.50738,12101.1365,12010.18718,11883.31966,11428.57143,11428.57143,11428.57143,11428.57143,11060.60878,11060.60878,11060.60878,11060.60878,11060.60878,10541.55496,10541.55496,10541.55496,10541.55496,10016.80543,10016.80543,10016.80543,10016.80543,10016.80543,10016.80543,9568.559814,9568.559814,9568.559814,9568.559814,9568.559814,9414.853569,9414.853569,9414.853569,9196.81379,9196.81379,9196.81379,9196.81379,9196.81379,8816.383849,8816.383849,8816.383849,8816.383849,8816.383849,8293.253468,8293.253468,8293.253468,8293.253468,8293.253468,7903.974285,7903.974285,7903.974285,7903.974285,7903.974285,7582.567302,7582.567302,7448.666339,7448.666339
95-99,30215.585,30215.585,30215.585,30215.585,30215.585,29364.70588,29149.22613,28915.44033,28599.33407,28180.96936,27476.86752,26754.70853,26187.08192,25815.0774,25502.14805,25118.75,24673.7887,24215.34359,23793.21292,23397.30629,22940.13807,22449.35543,21941.99243,21463.10306,21028.53082,20609.65969,20180.33156,19792.76516,19467.79643,18812.67549,18812.67549,18812.67549,18812.67549,17865.84178,17865.84178,17865.84178,17865.84178,17865.84178,17281.75485,17281.75485,17281.75485,17281.75485,16489.37538,16489.37538,16489.37538,16489.37538,16489.37538,16489.37538,15715.64672,15715.64672,15715.64672,15715.64672,15715.64672,15436.72054,15436.72054,15436.72054,15035.69593,15035.69593,15035.69593,15035.69593,15035.69593,14457.93367,14457.93367,14457.93367,14457.93367,14457.93367,13867.02901,13867.02901,13867.02901,13867.02901,13867.02901,13097.43728,13097.43728,13097.43728,13097.43728,13097.43728,12507.96098,12507.96098,12312.32818,12312.32818
100+,40706.05187,40706.05187,40706.05187,40706.05187,40706.05187,39451.88018,39378.53107,39300.20284,39344.2623,39014.37372,38793.74535,38668.02582,38359.62145,37936.13247,37462.48295,36779.23271,35957.56561,35466.01046,35075.93065,34803.56712,34469.32814,34132.1432,33634.38993,33226.88683,32822.49561,32288.79418,31711.23291,31102.78373,30551.96762,29064.9908,29064.9908,29064.9908,29064.9908,27559.61676,27559.61676,27559.61676,27559.61676,27559.61676,26546.42027,26546.42027,26546.42027,26546.42027,25786.00052,25786.00052,25786.00052,25786.00052,25786.00052,25786.00052,25119.57026,25119.57026,25119.57026,25119.57026,25119.57026,24646.41628,24646.41628,24646.41628,23975.33835,23975.33835,23975.33835,23975.33835,23975.33835,23055.00767,23055.00767,23055.00767,23055.00767,23055.00767,22482.28904,22482.28904,22482.28904,22482.28904,22482.28904,21948.13185,21948.13185,21948.13185,21948.13185,21948.13185,20962.74551,20962.74551,20518.02433,20518.02433
