OA, NHH, Npers, detached, semi, terraced, flat, zero_to_nine, Age_10_to_19, Age_20_to_29, Age_30_to_39, Age_40_to_49, Age_50_to_59, Age_60_to_69, Age_70_to_79, Age_80plus, car_none, car_one, car_two_plus, Economically_Active, Economically_Inactive, White, Asian, Black, Other, Good, Fair, Not_good, house_size_1, house_size_2, house_size_3, house_size_4, house_size_5, house_size_6, house_size_7, house_size_8_plus, house_represent_1, house_represent_0, with_LLTI, without_LLTI, SWD, Married, Prof_manag, Intermediate, Non_manual, unemployed, student, no_qualifications, Level_1_2, Level_3_plus, room_1_4, room_5_6, room_7_plus, Males, Females, Owned, Council, Private_rented
00MC,62560, 157300, 0.5,0.5,0.5,0.5,21500.0,17100.0,29500.0,27500.0,21300.0,15700.0,11600.0,7600.0,5500.0,0.5,0.5,0.5,0.5,0.5,0.5,0.5,0.5,0.5,0.5,0.5,0.5,0.5,0.5,0.5,0.5,0.5,0.5,0.5,0.5,0.5,0.5,0.5,0.5,0.5,0.5,0.5,0.5,0.5,0.5,0.5,0.5,0.5,0.5,0.5,0.5,0.5,78800.0,78500.0,0.5,0.5,0.5,
29UL,46239, 108500, 0.5,0.5,0.5,0.5,11600.0,12600.0,11900.0,11700.0,15500.0,14100.0,14800.0,9500.0,6800.0,0.5,0.5,0.5,0.5,0.5,0.5,0.5,0.5,0.5,0.5,0.5,0.5,0.5,0.5,0.5,0.5,0.5,0.5,0.5,0.5,0.5,0.5,0.5,0.5,0.5,0.5,0.5,0.5,0.5,0.5,0.5,0.5,0.5,0.5,0.5,0.5,0.5,53600.0,54900.0,0.5,0.5,0.5,
00MA,49240, 115100, 0.5,0.5,0.5,0.5,15400.0,14200.0,14200.0,17000.0,18700.0,14900.0,10500.0,6200.0,4000.0,0.5,0.5,0.5,0.5,0.5,0.5,0.5,0.5,0.5,0.5,0.5,0.5,0.5,0.5,0.5,0.5,0.5,0.5,0.5,0.5,0.5,0.5,0.5,0.5,0.5,0.5,0.5,0.5,0.5,0.5,0.5,0.5,0.5,0.5,0.5,0.5,0.5,57200.0,57900.0,0.5,0.5,0.5,
00MG,102239, 252600, 0.5,0.5,0.5,0.5,37800.0,30500.0,32600.0,41000.0,37400.0,30600.0,23300.0,11900.0,7500.0,0.5,0.5,0.5,0.5,0.5,0.5,0.5,0.5,0.5,0.5,0.5,0.5,0.5,0.5,0.5,0.5,0.5,0.5,0.5,0.5,0.5,0.5,0.5,0.5,0.5,0.5,0.5,0.5,0.5,0.5,0.5,0.5,0.5,0.5,0.5,0.5,0.5,125000.0,127600.0,0.5,0.5,0.5,
00MF,66679, 156900, 0.5,0.5,0.5,0.5,20200.0,19600.0,15300.0,21100.0,25300.0,21000.0,17100.0,10800.0,6500.0,0.5,0.5,0.5,0.5,0.5,0.5,0.5,0.5,0.5,0.5,0.5,0.5,0.5,0.5,0.5,0.5,0.5,0.5,0.5,0.5,0.5,0.5,0.5,0.5,0.5,0.5,0.5,0.5,0.5,0.5,0.5,0.5,0.5,0.5,0.5,0.5,0.5,77600.0,79300.0,0.5,0.5,0.5,
00ME,60199, 146200, 0.5,0.5,0.5,0.5,18400.0,17600.0,15400.0,20200.0,23000.0,18100.0,16000.0,10200.0,7300.0,0.5,0.5,0.5,0.5,0.5,0.5,0.5,0.5,0.5,0.5,0.5,0.5,0.5,0.5,0.5,0.5,0.5,0.5,0.5,0.5,0.5,0.5,0.5,0.5,0.5,0.5,0.5,0.5,0.5,0.5,0.5,0.5,0.5,0.5,0.5,0.5,0.5,72300.0,73900.0,0.5,0.5,0.5,
00MD,49720, 141700, 0.5,0.5,0.5,0.5,23900.0,17700.0,21500.0,26300.0,19500.0,14400.0,9100.0,5600.0,3700.0,0.5,0.5,0.5,0.5,0.5,0.5,0.5,0.5,0.5,0.5,0.5,0.5,0.5,0.5,0.5,0.5,0.5,0.5,0.5,0.5,0.5,0.5,0.5,0.5,0.5,0.5,0.5,0.5,0.5,0.5,0.5,0.5,0.5,0.5,0.5,0.5,0.5,70900.0,70800.0,0.5,0.5,0.5,
29UD,39880, 99100, 0.5,0.5,0.5,0.5,13300.0,11800.0,13400.0,14300.0,15200.0,11800.0,9100.0,6000.0,4200.0,0.5,0.5,0.5,0.5,0.5,0.5,0.5,0.5,0.5,0.5,0.5,0.5,0.5,0.5,0.5,0.5,0.5,0.5,0.5,0.5,0.5,0.5,0.5,0.5,0.5,0.5,0.5,0.5,0.5,0.5,0.5,0.5,0.5,0.5,0.5,0.5,0.5,49000.0,50100.0,0.5,0.5,0.5,
29UE,47919, 111900, 0.5,0.5,0.5,0.5,12200.0,13300.0,11800.0,11600.0,15900.0,15500.0,15400.0,9600.0,6600.0,0.5,0.5,0.5,0.5,0.5,0.5,0.5,0.5,0.5,0.5,0.5,0.5,0.5,0.5,0.5,0.5,0.5,0.5,0.5,0.5,0.5,0.5,0.5,0.5,0.5,0.5,0.5,0.5,0.5,0.5,0.5,0.5,0.5,0.5,0.5,0.5,0.5,54900.0,57000.0,0.5,0.5,0.5,
29UG,41760, 102700, 0.5,0.5,0.5,0.5,13300.0,13100.0,13300.0,12800.0,15300.0,12500.0,10600.0,7200.0,4600.0,0.5,0.5,0.5,0.5,0.5,0.5,0.5,0.5,0.5,0.5,0.5,0.5,0.5,0.5,0.5,0.5,0.5,0.5,0.5,0.5,0.5,0.5,0.5,0.5,0.5,0.5,0.5,0.5,0.5,0.5,0.5,0.5,0.5,0.5,0.5,0.5,0.5,50700.0,52000.0,0.5,0.5,0.5,
29UN,61399, 135500, 0.5,0.5,0.5,0.5,15800.0,16800.0,14900.0,14200.0,18000.0,17100.0,18000.0,11800.0,8900.0,0.5,0.5,0.5,0.5,0.5,0.5,0.5,0.5,0.5,0.5,0.5,0.5,0.5,0.5,0.5,0.5,0.5,0.5,0.5,0.5,0.5,0.5,0.5,0.5,0.5,0.5,0.5,0.5,0.5,0.5,0.5,0.5,0.5,0.5,0.5,0.5,0.5,65300.0,70200.0,0.5,0.5,0.5,
29UB,47880, 120200, 0.5,0.5,0.5,0.5,15500.0,15400.0,13200.0,14000.0,18800.0,14800.0,14300.0,8400.0,5800.0,0.5,0.5,0.5,0.5,0.5,0.5,0.5,0.5,0.5,0.5,0.5,0.5,0.5,0.5,0.5,0.5,0.5,0.5,0.5,0.5,0.5,0.5,0.5,0.5,0.5,0.5,0.5,0.5,0.5,0.5,0.5,0.5,0.5,0.5,0.5,0.5,0.5,58200.0,62000.0,0.5,0.5,0.5,
00ML,119679, 275600, 0.5,0.5,0.5,0.5,28900.0,29700.0,53100.0,43200.0,42900.0,29200.0,22700.0,14400.0,11500.0,0.5,0.5,0.5,0.5,0.5,0.5,0.5,0.5,0.5,0.5,0.5,0.5,0.5,0.5,0.5,0.5,0.5,0.5,0.5,0.5,0.5,0.5,0.5,0.5,0.5,0.5,0.5,0.5,0.5,0.5,0.5,0.5,0.5,0.5,0.5,0.5,0.5,137900.0,137700.0,0.5,0.5,0.5,
00MS,103159, 239500, 0.5,0.5,0.5,0.5,28300.0,28900.0,51700.0,34800.0,29300.0,24200.0,20000.0,12700.0,9600.0,0.5,0.5,0.5,0.5,0.5,0.5,0.5,0.5,0.5,0.5,0.5,0.5,0.5,0.5,0.5,0.5,0.5,0.5,0.5,0.5,0.5,0.5,0.5,0.5,0.5,0.5,0.5,0.5,0.5,0.5,0.5,0.5,0.5,0.5,0.5,0.5,0.5,121200.0,118300.0,0.5,0.5,0.5,
42UH,54879, 115600, 0.5,0.5,0.5,0.5,12200.0,12900.0,11800.0,11700.0,15500.0,14700.0,16800.0,11700.0,8300.0,0.5,0.5,0.5,0.5,0.5,0.5,0.5,0.5,0.5,0.5,0.5,0.5,0.5,0.5,0.5,0.5,0.5,0.5,0.5,0.5,0.5,0.5,0.5,0.5,0.5,0.5,0.5,0.5,0.5,0.5,0.5,0.5,0.5,0.5,0.5,0.5,0.5,56000.0,59600.0,0.5,0.5,0.5,
47UF,51759, 117900, 0.5,0.5,0.5,0.5,12000.0,13100.0,10900.0,11900.0,18200.0,16800.0,17000.0,10800.0,7200.0,0.5,0.5,0.5,0.5,0.5,0.5,0.5,0.5,0.5,0.5,0.5,0.5,0.5,0.5,0.5,0.5,0.5,0.5,0.5,0.5,0.5,0.5,0.5,0.5,0.5,0.5,0.5,0.5,0.5,0.5,0.5,0.5,0.5,0.5,0.5,0.5,0.5,57800.0,60100.0,0.5,0.5,0.5,
00MW,65519, 138700, 0.5,0.5,0.5,0.5,13200.0,15700.0,13600.0,13300.0,19400.0,18800.0,21100.0,13600.0,10000.0,0.5,0.5,0.5,0.5,0.5,0.5,0.5,0.5,0.5,0.5,0.5,0.5,0.5,0.5,0.5,0.5,0.5,0.5,0.5,0.5,0.5,0.5,0.5,0.5,0.5,0.5,0.5,0.5,0.5,0.5,0.5,0.5,0.5,0.5,0.5,0.5,0.5,67900.0,70800.0,0.5,0.5,0.5,
11UB,72039, 177700, 0.5,0.5,0.5,0.5,22800.0,22300.0,19000.0,23000.0,28700.0,24000.0,19300.0,11500.0,7100.0,0.5,0.5,0.5,0.5,0.5,0.5,0.5,0.5,0.5,0.5,0.5,0.5,0.5,0.5,0.5,0.5,0.5,0.5,0.5,0.5,0.5,0.5,0.5,0.5,0.5,0.5,0.5,0.5,0.5,0.5,0.5,0.5,0.5,0.5,0.5,0.5,0.5,87900.0,89800.0,0.5,0.5,0.5,
SCOT,-1000, 5313600, 0.5,0.5,0.5,0.5,571412.0,601380.0,717689.0,654970.0,795765.0,723995.0,608370.0,402144.0,237875.0,0.5,0.5,0.5,0.5,0.5,0.5,0.5,0.5,0.5,0.5,0.5,0.5,0.5,0.5,0.5,0.5,0.5,0.5,0.5,0.5,0.5,0.5,0.5,0.5,0.5,0.5,0.5,0.5,0.5,0.5,0.5,0.5,0.5,0.5,0.5,0.5,0.5,2577140.0,2736460.0,0.5,0.5,0.5,
29UH,63039, 157700, 0.5,0.5,0.5,0.5,19100.0,18700.0,18400.0,19700.0,24000.0,20100.0,18600.0,11500.0,7600.0,0.5,0.5,0.5,0.5,0.5,0.5,0.5,0.5,0.5,0.5,0.5,0.5,0.5,0.5,0.5,0.5,0.5,0.5,0.5,0.5,0.5,0.5,0.5,0.5,0.5,0.5,0.5,0.5,0.5,0.5,0.5,0.5,0.5,0.5,0.5,0.5,0.5,77700.0,80000.0,0.5,0.5,0.5,
42UC,26440, 60500, 0.5,0.5,0.5,0.5,7900.0,6200.0,10400.0,8400.0,7500.0,6700.0,6500.0,4200.0,2700.0,0.5,0.5,0.5,0.5,0.5,0.5,0.5,0.5,0.5,0.5,0.5,0.5,0.5,0.5,0.5,0.5,0.5,0.5,0.5,0.5,0.5,0.5,0.5,0.5,0.5,0.5,0.5,0.5,0.5,0.5,0.5,0.5,0.5,0.5,0.5,0.5,0.5,30600.0,29900.0,0.5,0.5,0.5,
42UB,39600, 88100, 0.5,0.5,0.5,0.5,9400.0,10500.0,7600.0,9000.0,13100.0,11900.0,13100.0,8000.0,5500.0,0.5,0.5,0.5,0.5,0.5,0.5,0.5,0.5,0.5,0.5,0.5,0.5,0.5,0.5,0.5,0.5,0.5,0.5,0.5,0.5,0.5,0.5,0.5,0.5,0.5,0.5,0.5,0.5,0.5,0.5,0.5,0.5,0.5,0.5,0.5,0.5,0.5,43000.0,45100.0,0.5,0.5,0.5,
42UE,41040, 97600, 0.5,0.5,0.5,0.5,10700.0,11400.0,9200.0,10300.0,14700.0,13500.0,13900.0,8500.0,5400.0,0.5,0.5,0.5,0.5,0.5,0.5,0.5,0.5,0.5,0.5,0.5,0.5,0.5,0.5,0.5,0.5,0.5,0.5,0.5,0.5,0.5,0.5,0.5,0.5,0.5,0.5,0.5,0.5,0.5,0.5,0.5,0.5,0.5,0.5,0.5,0.5,0.5,48400.0,49200.0,0.5,0.5,0.5,
42UD,59000, 134400, 0.5,0.5,0.5,0.5,17600.0,15800.0,20300.0,19200.0,18500.0,15600.0,12800.0,8300.0,6300.0,0.5,0.5,0.5,0.5,0.5,0.5,0.5,0.5,0.5,0.5,0.5,0.5,0.5,0.5,0.5,0.5,0.5,0.5,0.5,0.5,0.5,0.5,0.5,0.5,0.5,0.5,0.5,0.5,0.5,0.5,0.5,0.5,0.5,0.5,0.5,0.5,0.5,66900.0,67500.0,0.5,0.5,0.5,
42UG,59679, 124500, 0.5,0.5,0.5,0.5,12700.0,14600.0,10200.0,11800.0,17900.0,17500.0,18500.0,12400.0,8900.0,0.5,0.5,0.5,0.5,0.5,0.5,0.5,0.5,0.5,0.5,0.5,0.5,0.5,0.5,0.5,0.5,0.5,0.5,0.5,0.5,0.5,0.5,0.5,0.5,0.5,0.5,0.5,0.5,0.5,0.5,0.5,0.5,0.5,0.5,0.5,0.5,0.5,60800.0,63700.0,0.5,0.5,0.5,
42UF,46239, 111400, 0.5,0.5,0.5,0.5,12900.0,12500.0,13500.0,13300.0,16400.0,13600.0,14000.0,9100.0,6100.0,0.5,0.5,0.5,0.5,0.5,0.5,0.5,0.5,0.5,0.5,0.5,0.5,0.5,0.5,0.5,0.5,0.5,0.5,0.5,0.5,0.5,0.5,0.5,0.5,0.5,0.5,0.5,0.5,0.5,0.5,0.5,0.5,0.5,0.5,0.5,0.5,0.5,56000.0,55400.0,0.5,0.5,0.5,
00FP,14640, 37000, 0.5,0.5,0.5,0.5,3700.0,5200.0,3400.0,3700.0,5400.0,4900.0,5100.0,3400.0,2200.0,0.5,0.5,0.5,0.5,0.5,0.5,0.5,0.5,0.5,0.5,0.5,0.5,0.5,0.5,0.5,0.5,0.5,0.5,0.5,0.5,0.5,0.5,0.5,0.5,0.5,0.5,0.5,0.5,0.5,0.5,0.5,0.5,0.5,0.5,0.5,0.5,0.5,18600.0,18400.0,0.5,0.5,0.5,
23UB,52240, 116000, 0.5,0.5,0.5,0.5,12600.0,13200.0,18100.0,16000.0,16200.0,13700.0,11800.0,8000.0,6400.0,0.5,0.5,0.5,0.5,0.5,0.5,0.5,0.5,0.5,0.5,0.5,0.5,0.5,0.5,0.5,0.5,0.5,0.5,0.5,0.5,0.5,0.5,0.5,0.5,0.5,0.5,0.5,0.5,0.5,0.5,0.5,0.5,0.5,0.5,0.5,0.5,0.5,56600.0,59400.0,0.5,0.5,0.5,
23UC,38600, 83400, 0.5,0.5,0.5,0.5,8200.0,9300.0,7300.0,8000.0,12700.0,12200.0,11900.0,8000.0,5800.0,0.5,0.5,0.5,0.5,0.5,0.5,0.5,0.5,0.5,0.5,0.5,0.5,0.5,0.5,0.5,0.5,0.5,0.5,0.5,0.5,0.5,0.5,0.5,0.5,0.5,0.5,0.5,0.5,0.5,0.5,0.5,0.5,0.5,0.5,0.5,0.5,0.5,40500.0,42900.0,0.5,0.5,0.5,
29UK,48080, 116500, 0.5,0.5,0.5,0.5,14300.0,13800.0,10700.0,13600.0,17800.0,15600.0,15000.0,9200.0,6500.0,0.5,0.5,0.5,0.5,0.5,0.5,0.5,0.5,0.5,0.5,0.5,0.5,0.5,0.5,0.5,0.5,0.5,0.5,0.5,0.5,0.5,0.5,0.5,0.5,0.5,0.5,0.5,0.5,0.5,0.5,0.5,0.5,0.5,0.5,0.5,0.5,0.5,56500.0,60000.0,0.5,0.5,0.5,
23UF,48919, 113500, 0.5,0.5,0.5,0.5,12400.0,13600.0,10200.0,12200.0,17800.0,16200.0,15300.0,9500.0,6300.0,0.5,0.5,0.5,0.5,0.5,0.5,0.5,0.5,0.5,0.5,0.5,0.5,0.5,0.5,0.5,0.5,0.5,0.5,0.5,0.5,0.5,0.5,0.5,0.5,0.5,0.5,0.5,0.5,0.5,0.5,0.5,0.5,0.5,0.5,0.5,0.5,0.5,55800.0,57700.0,0.5,0.5,0.5,
23UG,36440, 83100, 0.5,0.5,0.5,0.5,9200.0,9100.0,8200.0,9600.0,12800.0,11300.0,10900.0,7300.0,4700.0,0.5,0.5,0.5,0.5,0.5,0.5,0.5,0.5,0.5,0.5,0.5,0.5,0.5,0.5,0.5,0.5,0.5,0.5,0.5,0.5,0.5,0.5,0.5,0.5,0.5,0.5,0.5,0.5,0.5,0.5,0.5,0.5,0.5,0.5,0.5,0.5,0.5,40800.0,42300.0,0.5,0.5,0.5,
23UD,36440, 82800, 0.5,0.5,0.5,0.5,8400.0,10100.0,8000.0,7900.0,12500.0,11800.0,12100.0,7400.0,4600.0,0.5,0.5,0.5,0.5,0.5,0.5,0.5,0.5,0.5,0.5,0.5,0.5,0.5,0.5,0.5,0.5,0.5,0.5,0.5,0.5,0.5,0.5,0.5,0.5,0.5,0.5,0.5,0.5,0.5,0.5,0.5,0.5,0.5,0.5,0.5,0.5,0.5,40700.0,42100.0,0.5,0.5,0.5,
00FY,137359, 308600, 0.5,0.5,0.5,0.5,37500.0,41400.0,71600.0,41600.0,38000.0,30200.0,22400.0,14900.0,11000.0,0.5,0.5,0.5,0.5,0.5,0.5,0.5,0.5,0.5,0.5,0.5,0.5,0.5,0.5,0.5,0.5,0.5,0.5,0.5,0.5,0.5,0.5,0.5,0.5,0.5,0.5,0.5,0.5,0.5,0.5,0.5,0.5,0.5,0.5,0.5,0.5,0.5,155600.0,153000.0,0.5,0.5,0.5,
00FF,89119, 200000, 0.5,0.5,0.5,0.5,20500.0,22900.0,35100.0,24900.0,27400.0,23400.0,21300.0,14500.0,10000.0,0.5,0.5,0.5,0.5,0.5,0.5,0.5,0.5,0.5,0.5,0.5,0.5,0.5,0.5,0.5,0.5,0.5,0.5,0.5,0.5,0.5,0.5,0.5,0.5,0.5,0.5,0.5,0.5,0.5,0.5,0.5,0.5,0.5,0.5,0.5,0.5,0.5,97500.0,102500.0,0.5,0.5,0.5,
00FD,71199, 168600, 0.5,0.5,0.5,0.5,20000.0,19400.0,19600.0,18900.0,25000.0,23100.0,21000.0,13300.0,8300.0,0.5,0.5,0.5,0.5,0.5,0.5,0.5,0.5,0.5,0.5,0.5,0.5,0.5,0.5,0.5,0.5,0.5,0.5,0.5,0.5,0.5,0.5,0.5,0.5,0.5,0.5,0.5,0.5,0.5,0.5,0.5,0.5,0.5,0.5,0.5,0.5,0.5,83200.0,85400.0,0.5,0.5,0.5,
00FB,151638, 335700, 0.5,0.5,0.5,0.5,33500.0,38500.0,31000.0,34600.0,50000.0,47500.0,49100.0,32100.0,19400.0,0.5,0.5,0.5,0.5,0.5,0.5,0.5,0.5,0.5,0.5,0.5,0.5,0.5,0.5,0.5,0.5,0.5,0.5,0.5,0.5,0.5,0.5,0.5,0.5,0.5,0.5,0.5,0.5,0.5,0.5,0.5,0.5,0.5,0.5,0.5,0.5,0.5,164300.0,171400.0,0.5,0.5,0.5,
00FC,68439, 159700, 0.5,0.5,0.5,0.5,19300.0,19000.0,20600.0,17900.0,23100.0,20700.0,18400.0,12600.0,8100.0,0.5,0.5,0.5,0.5,0.5,0.5,0.5,0.5,0.5,0.5,0.5,0.5,0.5,0.5,0.5,0.5,0.5,0.5,0.5,0.5,0.5,0.5,0.5,0.5,0.5,0.5,0.5,0.5,0.5,0.5,0.5,0.5,0.5,0.5,0.5,0.5,0.5,78300.0,81400.0,0.5,0.5,0.5,
43UJ,35120, 86600, 0.5,0.5,0.5,0.5,10400.0,10600.0,8700.0,10900.0,14200.0,11600.0,9600.0,6400.0,4200.0,0.5,0.5,0.5,0.5,0.5,0.5,0.5,0.5,0.5,0.5,0.5,0.5,0.5,0.5,0.5,0.5,0.5,0.5,0.5,0.5,0.5,0.5,0.5,0.5,0.5,0.5,0.5,0.5,0.5,0.5,0.5,0.5,0.5,0.5,0.5,0.5,0.5,43000.0,43600.0,0.5,0.5,0.5,
00FA,120559, 257400, 0.5,0.5,0.5,0.5,32400.0,30000.0,45100.0,34200.0,35000.0,30600.0,24200.0,15700.0,10200.0,0.5,0.5,0.5,0.5,0.5,0.5,0.5,0.5,0.5,0.5,0.5,0.5,0.5,0.5,0.5,0.5,0.5,0.5,0.5,0.5,0.5,0.5,0.5,0.5,0.5,0.5,0.5,0.5,0.5,0.5,0.5,0.5,0.5,0.5,0.5,0.5,0.5,129200.0,128200.0,0.5,0.5,0.5,
00FN,128719, 331400, 0.5,0.5,0.5,0.5,46400.0,43200.0,65200.0,47300.0,40800.0,36100.0,25200.0,16000.0,11200.0,0.5,0.5,0.5,0.5,0.5,0.5,0.5,0.5,0.5,0.5,0.5,0.5,0.5,0.5,0.5,0.5,0.5,0.5,0.5,0.5,0.5,0.5,0.5,0.5,0.5,0.5,0.5,0.5,0.5,0.5,0.5,0.5,0.5,0.5,0.5,0.5,0.5,163900.0,167500.0,0.5,0.5,0.5,
18UL,24120, 53600, 0.5,0.5,0.5,0.5,5300.0,5800.0,4700.0,4900.0,7700.0,8000.0,8400.0,5200.0,3600.0,0.5,0.5,0.5,0.5,0.5,0.5,0.5,0.5,0.5,0.5,0.5,0.5,0.5,0.5,0.5,0.5,0.5,0.5,0.5,0.5,0.5,0.5,0.5,0.5,0.5,0.5,0.5,0.5,0.5,0.5,0.5,0.5,0.5,0.5,0.5,0.5,0.5,26100.0,27500.0,0.5,0.5,0.5,
32UB,27120, 64800, 0.5,0.5,0.5,0.5,7500.0,6900.0,8100.0,7700.0,8900.0,8300.0,8300.0,5600.0,3500.0,0.5,0.5,0.5,0.5,0.5,0.5,0.5,0.5,0.5,0.5,0.5,0.5,0.5,0.5,0.5,0.5,0.5,0.5,0.5,0.5,0.5,0.5,0.5,0.5,0.5,0.5,0.5,0.5,0.5,0.5,0.5,0.5,0.5,0.5,0.5,0.5,0.5,31600.0,33200.0,0.5,0.5,0.5,
32UC,64039, 136300, 0.5,0.5,0.5,0.5,12600.0,14300.0,12500.0,11600.0,17900.0,19200.0,23500.0,15700.0,9000.0,0.5,0.5,0.5,0.5,0.5,0.5,0.5,0.5,0.5,0.5,0.5,0.5,0.5,0.5,0.5,0.5,0.5,0.5,0.5,0.5,0.5,0.5,0.5,0.5,0.5,0.5,0.5,0.5,0.5,0.5,0.5,0.5,0.5,0.5,0.5,0.5,0.5,66300.0,70000.0,0.5,0.5,0.5,
32UD,37960, 94600, 0.5,0.5,0.5,0.5,10200.0,11900.0,19600.0,12000.0,11900.0,10300.0,9000.0,5500.0,4200.0,0.5,0.5,0.5,0.5,0.5,0.5,0.5,0.5,0.5,0.5,0.5,0.5,0.5,0.5,0.5,0.5,0.5,0.5,0.5,0.5,0.5,0.5,0.5,0.5,0.5,0.5,0.5,0.5,0.5,0.5,0.5,0.5,0.5,0.5,0.5,0.5,0.5,46500.0,48100.0,0.5,0.5,0.5,
00FK,107479, 250700, 0.5,0.5,0.5,0.5,33600.0,31000.0,38700.0,32900.0,35500.0,28000.0,23300.0,16200.0,11500.0,0.5,0.5,0.5,0.5,0.5,0.5,0.5,0.5,0.5,0.5,0.5,0.5,0.5,0.5,0.5,0.5,0.5,0.5,0.5,0.5,0.5,0.5,0.5,0.5,0.5,0.5,0.5,0.5,0.5,0.5,0.5,0.5,0.5,0.5,0.5,0.5,0.5,124000.0,126700.0,0.5,0.5,0.5,
32UF,38760, 88400, 0.5,0.5,0.5,0.5,8900.0,9700.0,9100.0,9700.0,12800.0,11500.0,12200.0,8700.0,5800.0,0.5,0.5,0.5,0.5,0.5,0.5,0.5,0.5,0.5,0.5,0.5,0.5,0.5,0.5,0.5,0.5,0.5,0.5,0.5,0.5,0.5,0.5,0.5,0.5,0.5,0.5,0.5,0.5,0.5,0.5,0.5,0.5,0.5,0.5,0.5,0.5,0.5,43000.0,45400.0,0.5,0.5,0.5,
32UG,58079, 135200, 0.5,0.5,0.5,0.5,15000.0,16200.0,12900.0,15000.0,20900.0,18800.0,18000.0,11000.0,7400.0,0.5,0.5,0.5,0.5,0.5,0.5,0.5,0.5,0.5,0.5,0.5,0.5,0.5,0.5,0.5,0.5,0.5,0.5,0.5,0.5,0.5,0.5,0.5,0.5,0.5,0.5,0.5,0.5,0.5,0.5,0.5,0.5,0.5,0.5,0.5,0.5,0.5,65300.0,69900.0,0.5,0.5,0.5,
31UC,67199, 168900, 0.5,0.5,0.5,0.5,18000.0,21300.0,27200.0,19500.0,23600.0,20600.0,18900.0,11700.0,8100.0,0.5,0.5,0.5,0.5,0.5,0.5,0.5,0.5,0.5,0.5,0.5,0.5,0.5,0.5,0.5,0.5,0.5,0.5,0.5,0.5,0.5,0.5,0.5,0.5,0.5,0.5,0.5,0.5,0.5,0.5,0.5,0.5,0.5,0.5,0.5,0.5,0.5,84500.0,84400.0,0.5,0.5,0.5,
31UB,40120, 94700, 0.5,0.5,0.5,0.5,11000.0,11300.0,10100.0,11300.0,14700.0,12500.0,11600.0,7500.0,4700.0,0.5,0.5,0.5,0.5,0.5,0.5,0.5,0.5,0.5,0.5,0.5,0.5,0.5,0.5,0.5,0.5,0.5,0.5,0.5,0.5,0.5,0.5,0.5,0.5,0.5,0.5,0.5,0.5,0.5,0.5,0.5,0.5,0.5,0.5,0.5,0.5,0.5,46600.0,48100.0,0.5,0.5,0.5,
45UF,57559, 132000, 0.5,0.5,0.5,0.5,14700.0,16400.0,11300.0,14500.0,21100.0,18600.0,16700.0,10900.0,7800.0,0.5,0.5,0.5,0.5,0.5,0.5,0.5,0.5,0.5,0.5,0.5,0.5,0.5,0.5,0.5,0.5,0.5,0.5,0.5,0.5,0.5,0.5,0.5,0.5,0.5,0.5,0.5,0.5,0.5,0.5,0.5,0.5,0.5,0.5,0.5,0.5,0.5,64000.0,68000.0,0.5,0.5,0.5,
00LC,107519, 268400, 0.5,0.5,0.5,0.5,34300.0,34800.0,38400.0,34600.0,39600.0,33000.0,27700.0,16400.0,9600.0,0.5,0.5,0.5,0.5,0.5,0.5,0.5,0.5,0.5,0.5,0.5,0.5,0.5,0.5,0.5,0.5,0.5,0.5,0.5,0.5,0.5,0.5,0.5,0.5,0.5,0.5,0.5,0.5,0.5,0.5,0.5,0.5,0.5,0.5,0.5,0.5,0.5,132900.0,135500.0,0.5,0.5,0.5,
31UG,20640, 50900, 0.5,0.5,0.5,0.5,5600.0,6000.0,5100.0,5600.0,8200.0,7200.0,6700.0,4000.0,2500.0,0.5,0.5,0.5,0.5,0.5,0.5,0.5,0.5,0.5,0.5,0.5,0.5,0.5,0.5,0.5,0.5,0.5,0.5,0.5,0.5,0.5,0.5,0.5,0.5,0.5,0.5,0.5,0.5,0.5,0.5,0.5,0.5,0.5,0.5,0.5,0.5,0.5,24700.0,26200.0,0.5,0.5,0.5,
31UE,45760, 106200, 0.5,0.5,0.5,0.5,11700.0,11800.0,11200.0,12500.0,16500.0,14600.0,14300.0,8300.0,5300.0,0.5,0.5,0.5,0.5,0.5,0.5,0.5,0.5,0.5,0.5,0.5,0.5,0.5,0.5,0.5,0.5,0.5,0.5,0.5,0.5,0.5,0.5,0.5,0.5,0.5,0.5,0.5,0.5,0.5,0.5,0.5,0.5,0.5,0.5,0.5,0.5,0.5,52100.0,54100.0,0.5,0.5,0.5,
31UD,35920, 86500, 0.5,0.5,0.5,0.5,9800.0,10700.0,7600.0,9400.0,14500.0,12100.0,11200.0,6700.0,4500.0,0.5,0.5,0.5,0.5,0.5,0.5,0.5,0.5,0.5,0.5,0.5,0.5,0.5,0.5,0.5,0.5,0.5,0.5,0.5,0.5,0.5,0.5,0.5,0.5,0.5,0.5,0.5,0.5,0.5,0.5,0.5,0.5,0.5,0.5,0.5,0.5,0.5,42800.0,43700.0,0.5,0.5,0.5,
31UJ,23960, 56000, 0.5,0.5,0.5,0.5,5900.0,8200.0,6200.0,6000.0,8000.0,7100.0,6300.0,4700.0,3600.0,0.5,0.5,0.5,0.5,0.5,0.5,0.5,0.5,0.5,0.5,0.5,0.5,0.5,0.5,0.5,0.5,0.5,0.5,0.5,0.5,0.5,0.5,0.5,0.5,0.5,0.5,0.5,0.5,0.5,0.5,0.5,0.5,0.5,0.5,0.5,0.5,0.5,27000.0,29000.0,0.5,0.5,0.5,
21UF,44919, 98600, 0.5,0.5,0.5,0.5,10700.0,11100.0,9200.0,9800.0,14300.0,13400.0,13700.0,9200.0,7200.0,0.5,0.5,0.5,0.5,0.5,0.5,0.5,0.5,0.5,0.5,0.5,0.5,0.5,0.5,0.5,0.5,0.5,0.5,0.5,0.5,0.5,0.5,0.5,0.5,0.5,0.5,0.5,0.5,0.5,0.5,0.5,0.5,0.5,0.5,0.5,0.5,0.5,47800.0,50800.0,0.5,0.5,0.5,
00CF,110199, 258100, 0.5,0.5,0.5,0.5,31100.0,31200.0,30800.0,29800.0,38700.0,34200.0,30600.0,20000.0,11700.0,0.5,0.5,0.5,0.5,0.5,0.5,0.5,0.5,0.5,0.5,0.5,0.5,0.5,0.5,0.5,0.5,0.5,0.5,0.5,0.5,0.5,0.5,0.5,0.5,0.5,0.5,0.5,0.5,0.5,0.5,0.5,0.5,0.5,0.5,0.5,0.5,0.5,126700.0,131400.0,0.5,0.5,0.5,
37UJ,49240, 111700, 0.5,0.5,0.5,0.5,12700.0,12900.0,11500.0,13200.0,17500.0,15100.0,13800.0,8800.0,6200.0,0.5,0.5,0.5,0.5,0.5,0.5,0.5,0.5,0.5,0.5,0.5,0.5,0.5,0.5,0.5,0.5,0.5,0.5,0.5,0.5,0.5,0.5,0.5,0.5,0.5,0.5,0.5,0.5,0.5,0.5,0.5,0.5,0.5,0.5,0.5,0.5,0.5,55100.0,56600.0,0.5,0.5,0.5,
37UC,48919, 113500, 0.5,0.5,0.5,0.5,12300.0,13500.0,12100.0,12500.0,17500.0,15800.0,14800.0,9300.0,5700.0,0.5,0.5,0.5,0.5,0.5,0.5,0.5,0.5,0.5,0.5,0.5,0.5,0.5,0.5,0.5,0.5,0.5,0.5,0.5,0.5,0.5,0.5,0.5,0.5,0.5,0.5,0.5,0.5,0.5,0.5,0.5,0.5,0.5,0.5,0.5,0.5,0.5,56300.0,57200.0,0.5,0.5,0.5,
37UB,52600, 120000, 0.5,0.5,0.5,0.5,14400.0,14200.0,14300.0,14400.0,18800.0,15500.0,14400.0,9000.0,5000.0,0.5,0.5,0.5,0.5,0.5,0.5,0.5,0.5,0.5,0.5,0.5,0.5,0.5,0.5,0.5,0.5,0.5,0.5,0.5,0.5,0.5,0.5,0.5,0.5,0.5,0.5,0.5,0.5,0.5,0.5,0.5,0.5,0.5,0.5,0.5,0.5,0.5,59000.0,61000.0,0.5,0.5,0.5,
37UE,50760, 114200, 0.5,0.5,0.5,0.5,12700.0,13200.0,12300.0,13700.0,17300.0,15600.0,14100.0,9400.0,5900.0,0.5,0.5,0.5,0.5,0.5,0.5,0.5,0.5,0.5,0.5,0.5,0.5,0.5,0.5,0.5,0.5,0.5,0.5,0.5,0.5,0.5,0.5,0.5,0.5,0.5,0.5,0.5,0.5,0.5,0.5,0.5,0.5,0.5,0.5,0.5,0.5,0.5,55700.0,58500.0,0.5,0.5,0.5,
37UD,50240, 110600, 0.5,0.5,0.5,0.5,12000.0,12000.0,13600.0,13600.0,16700.0,14500.0,13700.0,8700.0,5800.0,0.5,0.5,0.5,0.5,0.5,0.5,0.5,0.5,0.5,0.5,0.5,0.5,0.5,0.5,0.5,0.5,0.5,0.5,0.5,0.5,0.5,0.5,0.5,0.5,0.5,0.5,0.5,0.5,0.5,0.5,0.5,0.5,0.5,0.5,0.5,0.5,0.5,54900.0,55700.0,0.5,0.5,0.5,
37UG,49240, 115600, 0.5,0.5,0.5,0.5,12800.0,13700.0,12300.0,12600.0,17700.0,15800.0,15200.0,9500.0,6000.0,0.5,0.5,0.5,0.5,0.5,0.5,0.5,0.5,0.5,0.5,0.5,0.5,0.5,0.5,0.5,0.5,0.5,0.5,0.5,0.5,0.5,0.5,0.5,0.5,0.5,0.5,0.5,0.5,0.5,0.5,0.5,0.5,0.5,0.5,0.5,0.5,0.5,56700.0,58900.0,0.5,0.5,0.5,
37UF,44440, 104700, 0.5,0.5,0.5,0.5,12300.0,11800.0,13300.0,12800.0,15500.0,14200.0,12200.0,7700.0,4900.0,0.5,0.5,0.5,0.5,0.5,0.5,0.5,0.5,0.5,0.5,0.5,0.5,0.5,0.5,0.5,0.5,0.5,0.5,0.5,0.5,0.5,0.5,0.5,0.5,0.5,0.5,0.5,0.5,0.5,0.5,0.5,0.5,0.5,0.5,0.5,0.5,0.5,51500.0,53200.0,0.5,0.5,0.5,
45UG,57079, 141400, 0.5,0.5,0.5,0.5,17100.0,17000.0,13700.0,17400.0,22300.0,18600.0,17000.0,10300.0,8000.0,0.5,0.5,0.5,0.5,0.5,0.5,0.5,0.5,0.5,0.5,0.5,0.5,0.5,0.5,0.5,0.5,0.5,0.5,0.5,0.5,0.5,0.5,0.5,0.5,0.5,0.5,0.5,0.5,0.5,0.5,0.5,0.5,0.5,0.5,0.5,0.5,0.5,69300.0,72100.0,0.5,0.5,0.5,
00EJ,222518, 514300, 0.5,0.5,0.5,0.5,55600.0,58600.0,66600.0,57500.0,76000.0,69900.0,64500.0,41400.0,24200.0,0.5,0.5,0.5,0.5,0.5,0.5,0.5,0.5,0.5,0.5,0.5,0.5,0.5,0.5,0.5,0.5,0.5,0.5,0.5,0.5,0.5,0.5,0.5,0.5,0.5,0.5,0.5,0.5,0.5,0.5,0.5,0.5,0.5,0.5,0.5,0.5,0.5,252100.0,262200.0,0.5,0.5,0.5,
12UD,41880, 95700, 0.5,0.5,0.5,0.5,10300.0,11000.0,10800.0,10700.0,13900.0,12500.0,12500.0,8300.0,5700.0,0.5,0.5,0.5,0.5,0.5,0.5,0.5,0.5,0.5,0.5,0.5,0.5,0.5,0.5,0.5,0.5,0.5,0.5,0.5,0.5,0.5,0.5,0.5,0.5,0.5,0.5,0.5,0.5,0.5,0.5,0.5,0.5,0.5,0.5,0.5,0.5,0.5,47200.0,48500.0,0.5,0.5,0.5,
00EH,46600, 105200, 0.5,0.5,0.5,0.5,12900.0,12200.0,12500.0,12900.0,15500.0,13800.0,12100.0,8100.0,5200.0,0.5,0.5,0.5,0.5,0.5,0.5,0.5,0.5,0.5,0.5,0.5,0.5,0.5,0.5,0.5,0.5,0.5,0.5,0.5,0.5,0.5,0.5,0.5,0.5,0.5,0.5,0.5,0.5,0.5,0.5,0.5,0.5,0.5,0.5,0.5,0.5,0.5,51200.0,54000.0,0.5,0.5,0.5,
12UB,47600, 125100, 0.5,0.5,0.5,0.5,12400.0,14400.0,31700.0,20000.0,15000.0,11700.0,9200.0,5800.0,4900.0,0.5,0.5,0.5,0.5,0.5,0.5,0.5,0.5,0.5,0.5,0.5,0.5,0.5,0.5,0.5,0.5,0.5,0.5,0.5,0.5,0.5,0.5,0.5,0.5,0.5,0.5,0.5,0.5,0.5,0.5,0.5,0.5,0.5,0.5,0.5,0.5,0.5,64100.0,61000.0,0.5,0.5,0.5,
12UC,37080, 84900, 0.5,0.5,0.5,0.5,10900.0,9300.0,8800.0,11800.0,13100.0,10700.0,10000.0,6200.0,4100.0,0.5,0.5,0.5,0.5,0.5,0.5,0.5,0.5,0.5,0.5,0.5,0.5,0.5,0.5,0.5,0.5,0.5,0.5,0.5,0.5,0.5,0.5,0.5,0.5,0.5,0.5,0.5,0.5,0.5,0.5,0.5,0.5,0.5,0.5,0.5,0.5,0.5,41800.0,43100.0,0.5,0.5,0.5,
00EM,140999, 316100, 0.5,0.5,0.5,0.5,32500.0,35200.0,32300.0,33200.0,45800.0,47000.0,44900.0,28000.0,17200.0,0.5,0.5,0.5,0.5,0.5,0.5,0.5,0.5,0.5,0.5,0.5,0.5,0.5,0.5,0.5,0.5,0.5,0.5,0.5,0.5,0.5,0.5,0.5,0.5,0.5,0.5,0.5,0.5,0.5,0.5,0.5,0.5,0.5,0.5,0.5,0.5,0.5,154300.0,161800.0,0.5,0.5,0.5,
00MR,85999, 206900, 0.5,0.5,0.5,0.5,25100.0,25400.0,41400.0,27300.0,28100.0,22100.0,17600.0,11400.0,8500.0,0.5,0.5,0.5,0.5,0.5,0.5,0.5,0.5,0.5,0.5,0.5,0.5,0.5,0.5,0.5,0.5,0.5,0.5,0.5,0.5,0.5,0.5,0.5,0.5,0.5,0.5,0.5,0.5,0.5,0.5,0.5,0.5,0.5,0.5,0.5,0.5,0.5,104600.0,102300.0,0.5,0.5,0.5,
00EC,60960, 138600, 0.5,0.5,0.5,0.5,18200.0,17800.0,22100.0,16100.0,18400.0,17600.0,13400.0,9400.0,5600.0,0.5,0.5,0.5,0.5,0.5,0.5,0.5,0.5,0.5,0.5,0.5,0.5,0.5,0.5,0.5,0.5,0.5,0.5,0.5,0.5,0.5,0.5,0.5,0.5,0.5,0.5,0.5,0.5,0.5,0.5,0.5,0.5,0.5,0.5,0.5,0.5,0.5,67900.0,70700.0,0.5,0.5,0.5,
00EB,39120, 92400, 0.5,0.5,0.5,0.5,11200.0,11500.0,11700.0,10300.0,13300.0,12400.0,10400.0,7200.0,4400.0,0.5,0.5,0.5,0.5,0.5,0.5,0.5,0.5,0.5,0.5,0.5,0.5,0.5,0.5,0.5,0.5,0.5,0.5,0.5,0.5,0.5,0.5,0.5,0.5,0.5,0.5,0.5,0.5,0.5,0.5,0.5,0.5,0.5,0.5,0.5,0.5,0.5,45100.0,47300.0,0.5,0.5,0.5,
16UF,22800, 52700, 0.5,0.5,0.5,0.5,4900.0,5700.0,4900.0,5000.0,8000.0,7700.0,8000.0,5100.0,3400.0,0.5,0.5,0.5,0.5,0.5,0.5,0.5,0.5,0.5,0.5,0.5,0.5,0.5,0.5,0.5,0.5,0.5,0.5,0.5,0.5,0.5,0.5,0.5,0.5,0.5,0.5,0.5,0.5,0.5,0.5,0.5,0.5,0.5,0.5,0.5,0.5,0.5,26100.0,26600.0,0.5,0.5,0.5,
16UG,48279, 103300, 0.5,0.5,0.5,0.5,9200.0,11000.0,8700.0,9900.0,15100.0,14900.0,16300.0,10600.0,7600.0,0.5,0.5,0.5,0.5,0.5,0.5,0.5,0.5,0.5,0.5,0.5,0.5,0.5,0.5,0.5,0.5,0.5,0.5,0.5,0.5,0.5,0.5,0.5,0.5,0.5,0.5,0.5,0.5,0.5,0.5,0.5,0.5,0.5,0.5,0.5,0.5,0.5,50400.0,52900.0,0.5,0.5,0.5,
16UD,49600, 107800, 0.5,0.5,0.5,0.5,11900.0,11800.0,13500.0,12300.0,15800.0,14900.0,13100.0,8800.0,5700.0,0.5,0.5,0.5,0.5,0.5,0.5,0.5,0.5,0.5,0.5,0.5,0.5,0.5,0.5,0.5,0.5,0.5,0.5,0.5,0.5,0.5,0.5,0.5,0.5,0.5,0.5,0.5,0.5,0.5,0.5,0.5,0.5,0.5,0.5,0.5,0.5,0.5,52600.0,55200.0,0.5,0.5,0.5,
16UE,32800, 70300, 0.5,0.5,0.5,0.5,7300.0,7800.0,7700.0,7700.0,10600.0,10300.0,9200.0,6200.0,3500.0,0.5,0.5,0.5,0.5,0.5,0.5,0.5,0.5,0.5,0.5,0.5,0.5,0.5,0.5,0.5,0.5,0.5,0.5,0.5,0.5,0.5,0.5,0.5,0.5,0.5,0.5,0.5,0.5,0.5,0.5,0.5,0.5,0.5,0.5,0.5,0.5,0.5,35300.0,35000.0,0.5,0.5,0.5,
NIRE,-1000, 1823634, 0.5,0.5,0.5,0.5,241635.0,239792.0,249002.0,240269.0,263182.0,223507.0,179480.0,116834.0,69933.0,0.5,0.5,0.5,0.5,0.5,0.5,0.5,0.5,0.5,0.5,0.5,0.5,0.5,0.5,0.5,0.5,0.5,0.5,0.5,0.5,0.5,0.5,0.5,0.5,0.5,0.5,0.5,0.5,0.5,0.5,0.5,0.5,0.5,0.5,0.5,0.5,0.5,894548.0,929086.0,0.5,0.5,0.5,
16UB,42960, 96100, 0.5,0.5,0.5,0.5,9700.0,11000.0,9400.0,9800.0,14400.0,13700.0,13600.0,9000.0,5500.0,0.5,0.5,0.5,0.5,0.5,0.5,0.5,0.5,0.5,0.5,0.5,0.5,0.5,0.5,0.5,0.5,0.5,0.5,0.5,0.5,0.5,0.5,0.5,0.5,0.5,0.5,0.5,0.5,0.5,0.5,0.5,0.5,0.5,0.5,0.5,0.5,0.5,47300.0,48800.0,0.5,0.5,0.5,
00EY,64280, 142100, 0.5,0.5,0.5,0.5,16100.0,16200.0,17300.0,15800.0,21200.0,18800.0,17200.0,11800.0,7700.0,0.5,0.5,0.5,0.5,0.5,0.5,0.5,0.5,0.5,0.5,0.5,0.5,0.5,0.5,0.5,0.5,0.5,0.5,0.5,0.5,0.5,0.5,0.5,0.5,0.5,0.5,0.5,0.5,0.5,0.5,0.5,0.5,0.5,0.5,0.5,0.5,0.5,69900.0,72200.0,0.5,0.5,0.5,
00EX,54280, 147600, 0.5,0.5,0.5,0.5,22000.0,20400.0,19900.0,19800.0,20800.0,17300.0,14000.0,8400.0,5000.0,0.5,0.5,0.5,0.5,0.5,0.5,0.5,0.5,0.5,0.5,0.5,0.5,0.5,0.5,0.5,0.5,0.5,0.5,0.5,0.5,0.5,0.5,0.5,0.5,0.5,0.5,0.5,0.5,0.5,0.5,0.5,0.5,0.5,0.5,0.5,0.5,0.5,73700.0,73900.0,0.5,0.5,0.5,
16UC,31480, 68500, 0.5,0.5,0.5,0.5,7400.0,8200.0,7900.0,7400.0,10500.0,9100.0,8900.0,5700.0,3400.0,0.5,0.5,0.5,0.5,0.5,0.5,0.5,0.5,0.5,0.5,0.5,0.5,0.5,0.5,0.5,0.5,0.5,0.5,0.5,0.5,0.5,0.5,0.5,0.5,0.5,0.5,0.5,0.5,0.5,0.5,0.5,0.5,0.5,0.5,0.5,0.5,0.5,33700.0,34800.0,0.5,0.5,0.5,
29UC,64199, 153400, 0.5,0.5,0.5,0.5,15300.0,20700.0,27200.0,14900.0,19100.0,17400.0,18000.0,11800.0,9000.0,0.5,0.5,0.5,0.5,0.5,0.5,0.5,0.5,0.5,0.5,0.5,0.5,0.5,0.5,0.5,0.5,0.5,0.5,0.5,0.5,0.5,0.5,0.5,0.5,0.5,0.5,0.5,0.5,0.5,0.5,0.5,0.5,0.5,0.5,0.5,0.5,0.5,74200.0,79200.0,0.5,0.5,0.5,
00EQ,159598, 372100, 0.5,0.5,0.5,0.5,40800.0,42600.0,37500.0,42200.0,57900.0,50900.0,48400.0,31200.0,20600.0,0.5,0.5,0.5,0.5,0.5,0.5,0.5,0.5,0.5,0.5,0.5,0.5,0.5,0.5,0.5,0.5,0.5,0.5,0.5,0.5,0.5,0.5,0.5,0.5,0.5,0.5,0.5,0.5,0.5,0.5,0.5,0.5,0.5,0.5,0.5,0.5,0.5,182400.0,189700.0,0.5,0.5,0.5,
18UG,38120, 83500, 0.5,0.5,0.5,0.5,7900.0,9000.0,7000.0,7200.0,11900.0,12700.0,13900.0,8300.0,5600.0,0.5,0.5,0.5,0.5,0.5,0.5,0.5,0.5,0.5,0.5,0.5,0.5,0.5,0.5,0.5,0.5,0.5,0.5,0.5,0.5,0.5,0.5,0.5,0.5,0.5,0.5,0.5,0.5,0.5,0.5,0.5,0.5,0.5,0.5,0.5,0.5,0.5,40400.0,43100.0,0.5,0.5,0.5,
00EW,140719, 330200, 0.5,0.5,0.5,0.5,36300.0,37800.0,38200.0,38200.0,49900.0,44300.0,41400.0,27000.0,17100.0,0.5,0.5,0.5,0.5,0.5,0.5,0.5,0.5,0.5,0.5,0.5,0.5,0.5,0.5,0.5,0.5,0.5,0.5,0.5,0.5,0.5,0.5,0.5,0.5,0.5,0.5,0.5,0.5,0.5,0.5,0.5,0.5,0.5,0.5,0.5,0.5,0.5,160800.0,169400.0,0.5,0.5,0.5,
00EU,85199, 203500, 0.5,0.5,0.5,0.5,24300.0,24400.0,24500.0,25800.0,32600.0,26300.0,22700.0,14700.0,8200.0,0.5,0.5,0.5,0.5,0.5,0.5,0.5,0.5,0.5,0.5,0.5,0.5,0.5,0.5,0.5,0.5,0.5,0.5,0.5,0.5,0.5,0.5,0.5,0.5,0.5,0.5,0.5,0.5,0.5,0.5,0.5,0.5,0.5,0.5,0.5,0.5,0.5,100900.0,102600.0,0.5,0.5,0.5,
00ET,49600, 125700, 0.5,0.5,0.5,0.5,15900.0,15200.0,15800.0,15600.0,18100.0,17200.0,14900.0,8300.0,4700.0,0.5,0.5,0.5,0.5,0.5,0.5,0.5,0.5,0.5,0.5,0.5,0.5,0.5,0.5,0.5,0.5,0.5,0.5,0.5,0.5,0.5,0.5,0.5,0.5,0.5,0.5,0.5,0.5,0.5,0.5,0.5,0.5,0.5,0.5,0.5,0.5,0.5,61400.0,64300.0,0.5,0.5,0.5,
00AS,105639, 282000, 0.5,0.5,0.5,0.5,38800.0,35200.0,44500.0,43100.0,39700.0,31600.0,23000.0,15700.0,10400.0,0.5,0.5,0.5,0.5,0.5,0.5,0.5,0.5,0.5,0.5,0.5,0.5,0.5,0.5,0.5,0.5,0.5,0.5,0.5,0.5,0.5,0.5,0.5,0.5,0.5,0.5,0.5,0.5,0.5,0.5,0.5,0.5,0.5,0.5,0.5,0.5,0.5,140200.0,141800.0,0.5,0.5,0.5,
19UE,27120, 69500, 0.5,0.5,0.5,0.5,7400.0,8600.0,6500.0,7300.0,9600.0,9300.0,9800.0,6500.0,4500.0,0.5,0.5,0.5,0.5,0.5,0.5,0.5,0.5,0.5,0.5,0.5,0.5,0.5,0.5,0.5,0.5,0.5,0.5,0.5,0.5,0.5,0.5,0.5,0.5,0.5,0.5,0.5,0.5,0.5,0.5,0.5,0.5,0.5,0.5,0.5,0.5,0.5,34500.0,35000.0,0.5,0.5,0.5,
21UH,64559, 150800, 0.5,0.5,0.5,0.5,15900.0,17500.0,12700.0,14100.0,22600.0,21100.0,22100.0,14500.0,10300.0,0.5,0.5,0.5,0.5,0.5,0.5,0.5,0.5,0.5,0.5,0.5,0.5,0.5,0.5,0.5,0.5,0.5,0.5,0.5,0.5,0.5,0.5,0.5,0.5,0.5,0.5,0.5,0.5,0.5,0.5,0.5,0.5,0.5,0.5,0.5,0.5,0.5,72700.0,78100.0,0.5,0.5,0.5,
09UD,66199, 159300, 0.5,0.5,0.5,0.5,20000.0,20100.0,19500.0,21100.0,23700.0,19800.0,16900.0,10700.0,7500.0,0.5,0.5,0.5,0.5,0.5,0.5,0.5,0.5,0.5,0.5,0.5,0.5,0.5,0.5,0.5,0.5,0.5,0.5,0.5,0.5,0.5,0.5,0.5,0.5,0.5,0.5,0.5,0.5,0.5,0.5,0.5,0.5,0.5,0.5,0.5,0.5,0.5,78200.0,81100.0,0.5,0.5,0.5,
33UG,66319, 134200, 0.5,0.5,0.5,0.5,15400.0,14200.0,28300.0,20000.0,16700.0,13400.0,11900.0,7800.0,6500.0,0.5,0.5,0.5,0.5,0.5,0.5,0.5,0.5,0.5,0.5,0.5,0.5,0.5,0.5,0.5,0.5,0.5,0.5,0.5,0.5,0.5,0.5,0.5,0.5,0.5,0.5,0.5,0.5,0.5,0.5,0.5,0.5,0.5,0.5,0.5,0.5,0.5,66200.0,68000.0,0.5,0.5,0.5,
24UP,46920, 117700, 0.5,0.5,0.5,0.5,13500.0,15000.0,12900.0,13400.0,17300.0,15400.0,14200.0,9100.0,6900.0,0.5,0.5,0.5,0.5,0.5,0.5,0.5,0.5,0.5,0.5,0.5,0.5,0.5,0.5,0.5,0.5,0.5,0.5,0.5,0.5,0.5,0.5,0.5,0.5,0.5,0.5,0.5,0.5,0.5,0.5,0.5,0.5,0.5,0.5,0.5,0.5,0.5,57100.0,60600.0,0.5,0.5,0.5,
00EF,81199, 192200, 0.5,0.5,0.5,0.5,23900.0,23300.0,25500.0,23000.0,28200.0,25600.0,20800.0,13600.0,8300.0,0.5,0.5,0.5,0.5,0.5,0.5,0.5,0.5,0.5,0.5,0.5,0.5,0.5,0.5,0.5,0.5,0.5,0.5,0.5,0.5,0.5,0.5,0.5,0.5,0.5,0.5,0.5,0.5,0.5,0.5,0.5,0.5,0.5,0.5,0.5,0.5,0.5,94400.0,97800.0,0.5,0.5,0.5,
00DB,145439, 327600, 0.5,0.5,0.5,0.5,38300.0,37700.0,40500.0,39200.0,50400.0,43700.0,38800.0,24500.0,14500.0,0.5,0.5,0.5,0.5,0.5,0.5,0.5,0.5,0.5,0.5,0.5,0.5,0.5,0.5,0.5,0.5,0.5,0.5,0.5,0.5,0.5,0.5,0.5,0.5,0.5,0.5,0.5,0.5,0.5,0.5,0.5,0.5,0.5,0.5,0.5,0.5,0.5,160800.0,166800.0,0.5,0.5,0.5,
24UL,36600, 95000, 0.5,0.5,0.5,0.5,12600.0,11200.0,13900.0,15000.0,14900.0,10800.0,8300.0,5000.0,3300.0,0.5,0.5,0.5,0.5,0.5,0.5,0.5,0.5,0.5,0.5,0.5,0.5,0.5,0.5,0.5,0.5,0.5,0.5,0.5,0.5,0.5,0.5,0.5,0.5,0.5,0.5,0.5,0.5,0.5,0.5,0.5,0.5,0.5,0.5,0.5,0.5,0.5,47700.0,47300.0,0.5,0.5,0.5,
24UN,48079, 117300, 0.5,0.5,0.5,0.5,13500.0,13900.0,11100.0,13300.0,18600.0,16300.0,15300.0,9300.0,6000.0,0.5,0.5,0.5,0.5,0.5,0.5,0.5,0.5,0.5,0.5,0.5,0.5,0.5,0.5,0.5,0.5,0.5,0.5,0.5,0.5,0.5,0.5,0.5,0.5,0.5,0.5,0.5,0.5,0.5,0.5,0.5,0.5,0.5,0.5,0.5,0.5,0.5,57300.0,60000.0,0.5,0.5,0.5,
24UH,51439, 121300, 0.5,0.5,0.5,0.5,13400.0,14500.0,13300.0,12500.0,17100.0,16400.0,15400.0,10900.0,7800.0,0.5,0.5,0.5,0.5,0.5,0.5,0.5,0.5,0.5,0.5,0.5,0.5,0.5,0.5,0.5,0.5,0.5,0.5,0.5,0.5,0.5,0.5,0.5,0.5,0.5,0.5,0.5,0.5,0.5,0.5,0.5,0.5,0.5,0.5,0.5,0.5,0.5,59000.0,62300.0,0.5,0.5,0.5,
00CJ,122999, 282600, 0.5,0.5,0.5,0.5,31400.0,35300.0,61000.0,34900.0,34600.0,31800.0,25100.0,16800.0,11700.0,0.5,0.5,0.5,0.5,0.5,0.5,0.5,0.5,0.5,0.5,0.5,0.5,0.5,0.5,0.5,0.5,0.5,0.5,0.5,0.5,0.5,0.5,0.5,0.5,0.5,0.5,0.5,0.5,0.5,0.5,0.5,0.5,0.5,0.5,0.5,0.5,0.5,141600.0,141000.0,0.5,0.5,0.5,
24UJ,80359, 177500, 0.5,0.5,0.5,0.5,17500.0,18900.0,15900.0,17100.0,24700.0,24200.0,26100.0,18600.0,14500.0,0.5,0.5,0.5,0.5,0.5,0.5,0.5,0.5,0.5,0.5,0.5,0.5,0.5,0.5,0.5,0.5,0.5,0.5,0.5,0.5,0.5,0.5,0.5,0.5,0.5,0.5,0.5,0.5,0.5,0.5,0.5,0.5,0.5,0.5,0.5,0.5,0.5,85400.0,92100.0,0.5,0.5,0.5,
24UE,47759, 112600, 0.5,0.5,0.5,0.5,11500.0,13300.0,11400.0,12200.0,17400.0,15500.0,14800.0,9900.0,6600.0,0.5,0.5,0.5,0.5,0.5,0.5,0.5,0.5,0.5,0.5,0.5,0.5,0.5,0.5,0.5,0.5,0.5,0.5,0.5,0.5,0.5,0.5,0.5,0.5,0.5,0.5,0.5,0.5,0.5,0.5,0.5,0.5,0.5,0.5,0.5,0.5,0.5,55200.0,57400.0,0.5,0.5,0.5,
24UD,52240, 126900, 0.5,0.5,0.5,0.5,15400.0,14700.0,14700.0,16500.0,19100.0,17000.0,14500.0,9000.0,6000.0,0.5,0.5,0.5,0.5,0.5,0.5,0.5,0.5,0.5,0.5,0.5,0.5,0.5,0.5,0.5,0.5,0.5,0.5,0.5,0.5,0.5,0.5,0.5,0.5,0.5,0.5,0.5,0.5,0.5,0.5,0.5,0.5,0.5,0.5,0.5,0.5,0.5,62300.0,64600.0,0.5,0.5,0.5,
24UG,36920, 92100, 0.5,0.5,0.5,0.5,11600.0,11000.0,8900.0,11900.0,15100.0,12100.0,10700.0,6800.0,4000.0,0.5,0.5,0.5,0.5,0.5,0.5,0.5,0.5,0.5,0.5,0.5,0.5,0.5,0.5,0.5,0.5,0.5,0.5,0.5,0.5,0.5,0.5,0.5,0.5,0.5,0.5,0.5,0.5,0.5,0.5,0.5,0.5,0.5,0.5,0.5,0.5,0.5,45700.0,46400.0,0.5,0.5,0.5,
24UF,33920, 83300, 0.5,0.5,0.5,0.5,10300.0,9900.0,10300.0,10300.0,12000.0,10700.0,9500.0,6100.0,4200.0,0.5,0.5,0.5,0.5,0.5,0.5,0.5,0.5,0.5,0.5,0.5,0.5,0.5,0.5,0.5,0.5,0.5,0.5,0.5,0.5,0.5,0.5,0.5,0.5,0.5,0.5,0.5,0.5,0.5,0.5,0.5,0.5,0.5,0.5,0.5,0.5,0.5,41200.0,42100.0,0.5,0.5,0.5,
45UE,44400, 108300, 0.5,0.5,0.5,0.5,15200.0,12300.0,15500.0,17900.0,15900.0,12700.0,8800.0,5400.0,4600.0,0.5,0.5,0.5,0.5,0.5,0.5,0.5,0.5,0.5,0.5,0.5,0.5,0.5,0.5,0.5,0.5,0.5,0.5,0.5,0.5,0.5,0.5,0.5,0.5,0.5,0.5,0.5,0.5,0.5,0.5,0.5,0.5,0.5,0.5,0.5,0.5,0.5,53600.0,54700.0,0.5,0.5,0.5,
24UC,47599, 116300, 0.5,0.5,0.5,0.5,12800.0,14700.0,10400.0,11900.0,18200.0,16800.0,15300.0,9600.0,6600.0,0.5,0.5,0.5,0.5,0.5,0.5,0.5,0.5,0.5,0.5,0.5,0.5,0.5,0.5,0.5,0.5,0.5,0.5,0.5,0.5,0.5,0.5,0.5,0.5,0.5,0.5,0.5,0.5,0.5,0.5,0.5,0.5,0.5,0.5,0.5,0.5,0.5,56600.0,59700.0,0.5,0.5,0.5,
24UB,70679, 170600, 0.5,0.5,0.5,0.5,22300.0,19900.0,19600.0,23800.0,27500.0,21900.0,18400.0,10700.0,6500.0,0.5,0.5,0.5,0.5,0.5,0.5,0.5,0.5,0.5,0.5,0.5,0.5,0.5,0.5,0.5,0.5,0.5,0.5,0.5,0.5,0.5,0.5,0.5,0.5,0.5,0.5,0.5,0.5,0.5,0.5,0.5,0.5,0.5,0.5,0.5,0.5,0.5,84400.0,86200.0,0.5,0.5,0.5,
00HX,88759, 211900, 0.5,0.5,0.5,0.5,27500.0,24600.0,27600.0,31200.0,33600.0,26500.0,20100.0,12500.0,8300.0,0.5,0.5,0.5,0.5,0.5,0.5,0.5,0.5,0.5,0.5,0.5,0.5,0.5,0.5,0.5,0.5,0.5,0.5,0.5,0.5,0.5,0.5,0.5,0.5,0.5,0.5,0.5,0.5,0.5,0.5,0.5,0.5,0.5,0.5,0.5,0.5,0.5,105900.0,106000.0,0.5,0.5,0.5,
00HY,195318, 476800, 0.5,0.5,0.5,0.5,56800.0,57300.0,51600.0,54500.0,73100.0,63500.0,57800.0,37100.0,25100.0,0.5,0.5,0.5,0.5,0.5,0.5,0.5,0.5,0.5,0.5,0.5,0.5,0.5,0.5,0.5,0.5,0.5,0.5,0.5,0.5,0.5,0.5,0.5,0.5,0.5,0.5,0.5,0.5,0.5,0.5,0.5,0.5,0.5,0.5,0.5,0.5,0.5,235700.0,241100.0,0.5,0.5,0.5,
40UB,48919, 109800, 0.5,0.5,0.5,0.5,12000.0,14200.0,10500.0,11000.0,16700.0,15400.0,14600.0,9000.0,6400.0,0.5,0.5,0.5,0.5,0.5,0.5,0.5,0.5,0.5,0.5,0.5,0.5,0.5,0.5,0.5,0.5,0.5,0.5,0.5,0.5,0.5,0.5,0.5,0.5,0.5,0.5,0.5,0.5,0.5,0.5,0.5,0.5,0.5,0.5,0.5,0.5,0.5,53500.0,56300.0,0.5,0.5,0.5,
29UP,49400, 121600, 0.5,0.5,0.5,0.5,15200.0,16100.0,11800.0,14600.0,19500.0,15800.0,13900.0,9100.0,5600.0,0.5,0.5,0.5,0.5,0.5,0.5,0.5,0.5,0.5,0.5,0.5,0.5,0.5,0.5,0.5,0.5,0.5,0.5,0.5,0.5,0.5,0.5,0.5,0.5,0.5,0.5,0.5,0.5,0.5,0.5,0.5,0.5,0.5,0.5,0.5,0.5,0.5,59900.0,61700.0,0.5,0.5,0.5,
00HP,62599, 148700, 0.5,0.5,0.5,0.5,16600.0,16300.0,16600.0,18100.0,21600.0,18800.0,18200.0,12500.0,10000.0,0.5,0.5,0.5,0.5,0.5,0.5,0.5,0.5,0.5,0.5,0.5,0.5,0.5,0.5,0.5,0.5,0.5,0.5,0.5,0.5,0.5,0.5,0.5,0.5,0.5,0.5,0.5,0.5,0.5,0.5,0.5,0.5,0.5,0.5,0.5,0.5,0.5,72800.0,75900.0,0.5,0.5,0.5,
00AU,91560, 211100, 0.5,0.5,0.5,0.5,22800.0,19300.0,51100.0,44100.0,29100.0,19000.0,12900.0,8000.0,4800.0,0.5,0.5,0.5,0.5,0.5,0.5,0.5,0.5,0.5,0.5,0.5,0.5,0.5,0.5,0.5,0.5,0.5,0.5,0.5,0.5,0.5,0.5,0.5,0.5,0.5,0.5,0.5,0.5,0.5,0.5,0.5,0.5,0.5,0.5,0.5,0.5,0.5,104400.0,106700.0,0.5,0.5,0.5,
29UQ,46920, 116100, 0.5,0.5,0.5,0.5,14600.0,14800.0,11800.0,14900.0,18500.0,14600.0,12700.0,7900.0,6300.0,0.5,0.5,0.5,0.5,0.5,0.5,0.5,0.5,0.5,0.5,0.5,0.5,0.5,0.5,0.5,0.5,0.5,0.5,0.5,0.5,0.5,0.5,0.5,0.5,0.5,0.5,0.5,0.5,0.5,0.5,0.5,0.5,0.5,0.5,0.5,0.5,0.5,57000.0,59100.0,0.5,0.5,0.5,
18UH,58239, 125200, 0.5,0.5,0.5,0.5,12300.0,13800.0,11200.0,12000.0,18200.0,17900.0,18700.0,12000.0,9100.0,0.5,0.5,0.5,0.5,0.5,0.5,0.5,0.5,0.5,0.5,0.5,0.5,0.5,0.5,0.5,0.5,0.5,0.5,0.5,0.5,0.5,0.5,0.5,0.5,0.5,0.5,0.5,0.5,0.5,0.5,0.5,0.5,0.5,0.5,0.5,0.5,0.5,60600.0,64600.0,0.5,0.5,0.5,
00HN,74919, 186900, 0.5,0.5,0.5,0.5,19300.0,19000.0,32400.0,27500.0,25100.0,20300.0,19000.0,12800.0,11500.0,0.5,0.5,0.5,0.5,0.5,0.5,0.5,0.5,0.5,0.5,0.5,0.5,0.5,0.5,0.5,0.5,0.5,0.5,0.5,0.5,0.5,0.5,0.5,0.5,0.5,0.5,0.5,0.5,0.5,0.5,0.5,0.5,0.5,0.5,0.5,0.5,0.5,93700.0,93200.0,0.5,0.5,0.5,
18UK,30080, 64700, 0.5,0.5,0.5,0.5,6400.0,7000.0,5800.0,6100.0,9000.0,9300.0,10400.0,6500.0,4200.0,0.5,0.5,0.5,0.5,0.5,0.5,0.5,0.5,0.5,0.5,0.5,0.5,0.5,0.5,0.5,0.5,0.5,0.5,0.5,0.5,0.5,0.5,0.5,0.5,0.5,0.5,0.5,0.5,0.5,0.5,0.5,0.5,0.5,0.5,0.5,0.5,0.5,31700.0,33000.0,0.5,0.5,0.5,
00HH,61719, 131400, 0.5,0.5,0.5,0.5,13400.0,14300.0,13500.0,12900.0,18100.0,17600.0,19000.0,12900.0,9700.0,0.5,0.5,0.5,0.5,0.5,0.5,0.5,0.5,0.5,0.5,0.5,0.5,0.5,0.5,0.5,0.5,0.5,0.5,0.5,0.5,0.5,0.5,0.5,0.5,0.5,0.5,0.5,0.5,0.5,0.5,0.5,0.5,0.5,0.5,0.5,0.5,0.5,63400.0,68000.0,0.5,0.5,0.5,
41UE,54280, 124300, 0.5,0.5,0.5,0.5,12900.0,14500.0,17200.0,14100.0,17900.0,16100.0,15300.0,10100.0,6200.0,0.5,0.5,0.5,0.5,0.5,0.5,0.5,0.5,0.5,0.5,0.5,0.5,0.5,0.5,0.5,0.5,0.5,0.5,0.5,0.5,0.5,0.5,0.5,0.5,0.5,0.5,0.5,0.5,0.5,0.5,0.5,0.5,0.5,0.5,0.5,0.5,0.5,61600.0,62700.0,0.5,0.5,0.5,
00HD,112399, 266400, 0.5,0.5,0.5,0.5,31400.0,32900.0,31500.0,33200.0,42000.0,33800.0,29600.0,19700.0,12300.0,0.5,0.5,0.5,0.5,0.5,0.5,0.5,0.5,0.5,0.5,0.5,0.5,0.5,0.5,0.5,0.5,0.5,0.5,0.5,0.5,0.5,0.5,0.5,0.5,0.5,0.5,0.5,0.5,0.5,0.5,0.5,0.5,0.5,0.5,0.5,0.5,0.5,131700.0,134700.0,0.5,0.5,0.5,
00HE,244357, 537900, 0.5,0.5,0.5,0.5,55400.0,60800.0,55900.0,55900.0,75300.0,73300.0,79500.0,48900.0,32900.0,0.5,0.5,0.5,0.5,0.5,0.5,0.5,0.5,0.5,0.5,0.5,0.5,0.5,0.5,0.5,0.5,0.5,0.5,0.5,0.5,0.5,0.5,0.5,0.5,0.5,0.5,0.5,0.5,0.5,0.5,0.5,0.5,0.5,0.5,0.5,0.5,0.5,260900.0,277000.0,0.5,0.5,0.5,
18UB,61199, 134200, 0.5,0.5,0.5,0.5,12300.0,14400.0,11300.0,11700.0,17900.0,17900.0,21000.0,15400.0,12300.0,0.5,0.5,0.5,0.5,0.5,0.5,0.5,0.5,0.5,0.5,0.5,0.5,0.5,0.5,0.5,0.5,0.5,0.5,0.5,0.5,0.5,0.5,0.5,0.5,0.5,0.5,0.5,0.5,0.5,0.5,0.5,0.5,0.5,0.5,0.5,0.5,0.5,64500.0,69700.0,0.5,0.5,0.5,
00HG,115159, 258000, 0.5,0.5,0.5,0.5,29100.0,30800.0,43500.0,31000.0,34900.0,30900.0,27900.0,18000.0,11900.0,0.5,0.5,0.5,0.5,0.5,0.5,0.5,0.5,0.5,0.5,0.5,0.5,0.5,0.5,0.5,0.5,0.5,0.5,0.5,0.5,0.5,0.5,0.5,0.5,0.5,0.5,0.5,0.5,0.5,0.5,0.5,0.5,0.5,0.5,0.5,0.5,0.5,127800.0,130200.0,0.5,0.5,0.5,
18UD,33760, 78300, 0.5,0.5,0.5,0.5,8900.0,9400.0,7400.0,8000.0,11500.0,10900.0,10900.0,6700.0,4600.0,0.5,0.5,0.5,0.5,0.5,0.5,0.5,0.5,0.5,0.5,0.5,0.5,0.5,0.5,0.5,0.5,0.5,0.5,0.5,0.5,0.5,0.5,0.5,0.5,0.5,0.5,0.5,0.5,0.5,0.5,0.5,0.5,0.5,0.5,0.5,0.5,0.5,38100.0,40200.0,0.5,0.5,0.5,
18UE,40600, 93800, 0.5,0.5,0.5,0.5,9900.0,10400.0,9500.0,9700.0,13100.0,12700.0,13500.0,8800.0,6200.0,0.5,0.5,0.5,0.5,0.5,0.5,0.5,0.5,0.5,0.5,0.5,0.5,0.5,0.5,0.5,0.5,0.5,0.5,0.5,0.5,0.5,0.5,0.5,0.5,0.5,0.5,0.5,0.5,0.5,0.5,0.5,0.5,0.5,0.5,0.5,0.5,0.5,45800.0,48000.0,0.5,0.5,0.5,
00HB,196599, 432600, 0.5,0.5,0.5,0.5,54800.0,47300.0,86300.0,67800.0,55500.0,44500.0,35900.0,22900.0,17600.0,0.5,0.5,0.5,0.5,0.5,0.5,0.5,0.5,0.5,0.5,0.5,0.5,0.5,0.5,0.5,0.5,0.5,0.5,0.5,0.5,0.5,0.5,0.5,0.5,0.5,0.5,0.5,0.5,0.5,0.5,0.5,0.5,0.5,0.5,0.5,0.5,0.5,215900.0,216700.0,0.5,0.5,0.5,
00HC,96039, 204200, 0.5,0.5,0.5,0.5,23200.0,22700.0,19600.0,23000.0,30500.0,26700.0,27800.0,17900.0,12800.0,0.5,0.5,0.5,0.5,0.5,0.5,0.5,0.5,0.5,0.5,0.5,0.5,0.5,0.5,0.5,0.5,0.5,0.5,0.5,0.5,0.5,0.5,0.5,0.5,0.5,0.5,0.5,0.5,0.5,0.5,0.5,0.5,0.5,0.5,0.5,0.5,0.5,99400.0,104800.0,0.5,0.5,0.5,
36UH,35080, 84100, 0.5,0.5,0.5,0.5,9600.0,9700.0,8800.0,9700.0,13600.0,12100.0,10700.0,6000.0,3900.0,0.5,0.5,0.5,0.5,0.5,0.5,0.5,0.5,0.5,0.5,0.5,0.5,0.5,0.5,0.5,0.5,0.5,0.5,0.5,0.5,0.5,0.5,0.5,0.5,0.5,0.5,0.5,0.5,0.5,0.5,0.5,0.5,0.5,0.5,0.5,0.5,0.5,41100.0,43000.0,0.5,0.5,0.5,
36UD,71039, 158500, 0.5,0.5,0.5,0.5,17600.0,18800.0,15500.0,17500.0,24800.0,21900.0,19600.0,13400.0,9400.0,0.5,0.5,0.5,0.5,0.5,0.5,0.5,0.5,0.5,0.5,0.5,0.5,0.5,0.5,0.5,0.5,0.5,0.5,0.5,0.5,0.5,0.5,0.5,0.5,0.5,0.5,0.5,0.5,0.5,0.5,0.5,0.5,0.5,0.5,0.5,0.5,0.5,77700.0,80800.0,0.5,0.5,0.5,
36UE,21800, 53900, 0.5,0.5,0.5,0.5,5800.0,6400.0,8900.0,6000.0,7200.0,6700.0,6500.0,4100.0,2300.0,0.5,0.5,0.5,0.5,0.5,0.5,0.5,0.5,0.5,0.5,0.5,0.5,0.5,0.5,0.5,0.5,0.5,0.5,0.5,0.5,0.5,0.5,0.5,0.5,0.5,0.5,0.5,0.5,0.5,0.5,0.5,0.5,0.5,0.5,0.5,0.5,0.5,29000.0,24900.0,0.5,0.5,0.5,
36UF,22960, 52400, 0.5,0.5,0.5,0.5,5000.0,6000.0,4500.0,4700.0,7700.0,7800.0,8100.0,5200.0,3400.0,0.5,0.5,0.5,0.5,0.5,0.5,0.5,0.5,0.5,0.5,0.5,0.5,0.5,0.5,0.5,0.5,0.5,0.5,0.5,0.5,0.5,0.5,0.5,0.5,0.5,0.5,0.5,0.5,0.5,0.5,0.5,0.5,0.5,0.5,0.5,0.5,0.5,25900.0,26500.0,0.5,0.5,0.5,
36UG,50919, 108600, 0.5,0.5,0.5,0.5,10500.0,11700.0,11800.0,10100.0,14500.0,15400.0,16300.0,10900.0,7400.0,0.5,0.5,0.5,0.5,0.5,0.5,0.5,0.5,0.5,0.5,0.5,0.5,0.5,0.5,0.5,0.5,0.5,0.5,0.5,0.5,0.5,0.5,0.5,0.5,0.5,0.5,0.5,0.5,0.5,0.5,0.5,0.5,0.5,0.5,0.5,0.5,0.5,52600.0,56000.0,0.5,0.5,0.5,
36UB,25280, 55300, 0.5,0.5,0.5,0.5,5200.0,6400.0,4700.0,5100.0,8200.0,8300.0,8200.0,5400.0,3800.0,0.5,0.5,0.5,0.5,0.5,0.5,0.5,0.5,0.5,0.5,0.5,0.5,0.5,0.5,0.5,0.5,0.5,0.5,0.5,0.5,0.5,0.5,0.5,0.5,0.5,0.5,0.5,0.5,0.5,0.5,0.5,0.5,0.5,0.5,0.5,0.5,0.5,26700.0,28600.0,0.5,0.5,0.5,
36UC,38280, 89600, 0.5,0.5,0.5,0.5,9100.0,10100.0,8900.0,8500.0,13600.0,12800.0,12900.0,8500.0,5200.0,0.5,0.5,0.5,0.5,0.5,0.5,0.5,0.5,0.5,0.5,0.5,0.5,0.5,0.5,0.5,0.5,0.5,0.5,0.5,0.5,0.5,0.5,0.5,0.5,0.5,0.5,0.5,0.5,0.5,0.5,0.5,0.5,0.5,0.5,0.5,0.5,0.5,44200.0,45400.0,0.5,0.5,0.5,
29UM,55880, 137700, 0.5,0.5,0.5,0.5,17200.0,17400.0,16000.0,16300.0,20500.0,17700.0,16800.0,10000.0,5800.0,0.5,0.5,0.5,0.5,0.5,0.5,0.5,0.5,0.5,0.5,0.5,0.5,0.5,0.5,0.5,0.5,0.5,0.5,0.5,0.5,0.5,0.5,0.5,0.5,0.5,0.5,0.5,0.5,0.5,0.5,0.5,0.5,0.5,0.5,0.5,0.5,0.5,68300.0,69400.0,0.5,0.5,0.5,
12UG,59999, 151400, 0.5,0.5,0.5,0.5,18800.0,17800.0,15300.0,20100.0,23900.0,19700.0,17800.0,10600.0,7400.0,0.5,0.5,0.5,0.5,0.5,0.5,0.5,0.5,0.5,0.5,0.5,0.5,0.5,0.5,0.5,0.5,0.5,0.5,0.5,0.5,0.5,0.5,0.5,0.5,0.5,0.5,0.5,0.5,0.5,0.5,0.5,0.5,0.5,0.5,0.5,0.5,0.5,75200.0,76200.0,0.5,0.5,0.5,
47UG,44119, 98100, 0.5,0.5,0.5,0.5,10400.0,10700.0,10300.0,10800.0,14500.0,12600.0,14700.0,8800.0,5300.0,0.5,0.5,0.5,0.5,0.5,0.5,0.5,0.5,0.5,0.5,0.5,0.5,0.5,0.5,0.5,0.5,0.5,0.5,0.5,0.5,0.5,0.5,0.5,0.5,0.5,0.5,0.5,0.5,0.5,0.5,0.5,0.5,0.5,0.5,0.5,0.5,0.5,48400.0,49700.0,0.5,0.5,0.5,
45UH,48559, 105900, 0.5,0.5,0.5,0.5,12200.0,11300.0,11300.0,13200.0,16000.0,13200.0,12400.0,8600.0,7700.0,0.5,0.5,0.5,0.5,0.5,0.5,0.5,0.5,0.5,0.5,0.5,0.5,0.5,0.5,0.5,0.5,0.5,0.5,0.5,0.5,0.5,0.5,0.5,0.5,0.5,0.5,0.5,0.5,0.5,0.5,0.5,0.5,0.5,0.5,0.5,0.5,0.5,50900.0,55000.0,0.5,0.5,0.5,
19UG,19800, 44900, 0.5,0.5,0.5,0.5,4500.0,4800.0,4200.0,4200.0,6200.0,6200.0,7000.0,4600.0,3200.0,0.5,0.5,0.5,0.5,0.5,0.5,0.5,0.5,0.5,0.5,0.5,0.5,0.5,0.5,0.5,0.5,0.5,0.5,0.5,0.5,0.5,0.5,0.5,0.5,0.5,0.5,0.5,0.5,0.5,0.5,0.5,0.5,0.5,0.5,0.5,0.5,0.5,22100.0,22800.0,0.5,0.5,0.5,
17UK,39240, 95500, 0.5,0.5,0.5,0.5,11500.0,11800.0,10300.0,12300.0,15600.0,12600.0,11200.0,6300.0,3900.0,0.5,0.5,0.5,0.5,0.5,0.5,0.5,0.5,0.5,0.5,0.5,0.5,0.5,0.5,0.5,0.5,0.5,0.5,0.5,0.5,0.5,0.5,0.5,0.5,0.5,0.5,0.5,0.5,0.5,0.5,0.5,0.5,0.5,0.5,0.5,0.5,0.5,47500.0,48000.0,0.5,0.5,0.5,
17UH,40600, 91000, 0.5,0.5,0.5,0.5,10000.0,10800.0,9900.0,9900.0,14700.0,13000.0,11700.0,6700.0,4300.0,0.5,0.5,0.5,0.5,0.5,0.5,0.5,0.5,0.5,0.5,0.5,0.5,0.5,0.5,0.5,0.5,0.5,0.5,0.5,0.5,0.5,0.5,0.5,0.5,0.5,0.5,0.5,0.5,0.5,0.5,0.5,0.5,0.5,0.5,0.5,0.5,0.5,44900.0,46100.0,0.5,0.5,0.5,
17UG,49440, 112800, 0.5,0.5,0.5,0.5,12800.0,12900.0,13100.0,13400.0,18000.0,14600.0,13500.0,8800.0,5700.0,0.5,0.5,0.5,0.5,0.5,0.5,0.5,0.5,0.5,0.5,0.5,0.5,0.5,0.5,0.5,0.5,0.5,0.5,0.5,0.5,0.5,0.5,0.5,0.5,0.5,0.5,0.5,0.5,0.5,0.5,0.5,0.5,0.5,0.5,0.5,0.5,0.5,55300.0,57500.0,0.5,0.5,0.5,
17UF,30120, 71200, 0.5,0.5,0.5,0.5,6800.0,8100.0,5900.0,6300.0,11100.0,10700.0,11100.0,6800.0,4400.0,0.5,0.5,0.5,0.5,0.5,0.5,0.5,0.5,0.5,0.5,0.5,0.5,0.5,0.5,0.5,0.5,0.5,0.5,0.5,0.5,0.5,0.5,0.5,0.5,0.5,0.5,0.5,0.5,0.5,0.5,0.5,0.5,0.5,0.5,0.5,0.5,0.5,35100.0,36100.0,0.5,0.5,0.5,
17UD,47120, 104300, 0.5,0.5,0.5,0.5,11100.0,12100.0,11900.0,12400.0,16000.0,14000.0,12900.0,8200.0,5700.0,0.5,0.5,0.5,0.5,0.5,0.5,0.5,0.5,0.5,0.5,0.5,0.5,0.5,0.5,0.5,0.5,0.5,0.5,0.5,0.5,0.5,0.5,0.5,0.5,0.5,0.5,0.5,0.5,0.5,0.5,0.5,0.5,0.5,0.5,0.5,0.5,0.5,51200.0,53100.0,0.5,0.5,0.5,
17UC,32280, 76700, 0.5,0.5,0.5,0.5,8500.0,8900.0,9000.0,8900.0,12100.0,10000.0,9600.0,5900.0,3800.0,0.5,0.5,0.5,0.5,0.5,0.5,0.5,0.5,0.5,0.5,0.5,0.5,0.5,0.5,0.5,0.5,0.5,0.5,0.5,0.5,0.5,0.5,0.5,0.5,0.5,0.5,0.5,0.5,0.5,0.5,0.5,0.5,0.5,0.5,0.5,0.5,0.5,37800.0,38900.0,0.5,0.5,0.5,
17UB,52399, 122700, 0.5,0.5,0.5,0.5,12900.0,14200.0,12700.0,14100.0,19400.0,16800.0,16700.0,9600.0,6300.0,0.5,0.5,0.5,0.5,0.5,0.5,0.5,0.5,0.5,0.5,0.5,0.5,0.5,0.5,0.5,0.5,0.5,0.5,0.5,0.5,0.5,0.5,0.5,0.5,0.5,0.5,0.5,0.5,0.5,0.5,0.5,0.5,0.5,0.5,0.5,0.5,0.5,60200.0,62500.0,0.5,0.5,0.5,
00GA,80879, 185300, 0.5,0.5,0.5,0.5,19200.0,20700.0,19500.0,19600.0,26600.0,25800.0,25600.0,16900.0,11400.0,0.5,0.5,0.5,0.5,0.5,0.5,0.5,0.5,0.5,0.5,0.5,0.5,0.5,0.5,0.5,0.5,0.5,0.5,0.5,0.5,0.5,0.5,0.5,0.5,0.5,0.5,0.5,0.5,0.5,0.5,0.5,0.5,0.5,0.5,0.5,0.5,0.5,91300.0,94000.0,0.5,0.5,0.5,
41UC,45920, 114300, 0.5,0.5,0.5,0.5,13900.0,13800.0,13600.0,14100.0,17400.0,14900.0,13000.0,8400.0,5200.0,0.5,0.5,0.5,0.5,0.5,0.5,0.5,0.5,0.5,0.5,0.5,0.5,0.5,0.5,0.5,0.5,0.5,0.5,0.5,0.5,0.5,0.5,0.5,0.5,0.5,0.5,0.5,0.5,0.5,0.5,0.5,0.5,0.5,0.5,0.5,0.5,0.5,56800.0,57500.0,0.5,0.5,0.5,
41UF,44800, 108500, 0.5,0.5,0.5,0.5,10300.0,12600.0,11200.0,10600.0,16600.0,15800.0,15300.0,10300.0,5800.0,0.5,0.5,0.5,0.5,0.5,0.5,0.5,0.5,0.5,0.5,0.5,0.5,0.5,0.5,0.5,0.5,0.5,0.5,0.5,0.5,0.5,0.5,0.5,0.5,0.5,0.5,0.5,0.5,0.5,0.5,0.5,0.5,0.5,0.5,0.5,0.5,0.5,53600.0,54900.0,0.5,0.5,0.5,
41UG,53759, 131500, 0.5,0.5,0.5,0.5,13800.0,14600.0,15700.0,14900.0,19900.0,17500.0,17200.0,11100.0,6800.0,0.5,0.5,0.5,0.5,0.5,0.5,0.5,0.5,0.5,0.5,0.5,0.5,0.5,0.5,0.5,0.5,0.5,0.5,0.5,0.5,0.5,0.5,0.5,0.5,0.5,0.5,0.5,0.5,0.5,0.5,0.5,0.5,0.5,0.5,0.5,0.5,0.5,66100.0,65400.0,0.5,0.5,0.5,
00GG,128479, 308400, 0.5,0.5,0.5,0.5,31700.0,36000.0,32800.0,32300.0,45300.0,42400.0,42200.0,27700.0,18000.0,0.5,0.5,0.5,0.5,0.5,0.5,0.5,0.5,0.5,0.5,0.5,0.5,0.5,0.5,0.5,0.5,0.5,0.5,0.5,0.5,0.5,0.5,0.5,0.5,0.5,0.5,0.5,0.5,0.5,0.5,0.5,0.5,0.5,0.5,0.5,0.5,0.5,153000.0,155400.0,0.5,0.5,0.5,
00GF,69600, 167600, 0.5,0.5,0.5,0.5,22000.0,21600.0,21800.0,20900.0,25600.0,20600.0,18500.0,10800.0,5800.0,0.5,0.5,0.5,0.5,0.5,0.5,0.5,0.5,0.5,0.5,0.5,0.5,0.5,0.5,0.5,0.5,0.5,0.5,0.5,0.5,0.5,0.5,0.5,0.5,0.5,0.5,0.5,0.5,0.5,0.5,0.5,0.5,0.5,0.5,0.5,0.5,0.5,83000.0,84600.0,0.5,0.5,0.5,
41UK,31960, 77100, 0.5,0.5,0.5,0.5,9600.0,9400.0,9800.0,10000.0,11700.0,9900.0,8900.0,5000.0,2800.0,0.5,0.5,0.5,0.5,0.5,0.5,0.5,0.5,0.5,0.5,0.5,0.5,0.5,0.5,0.5,0.5,0.5,0.5,0.5,0.5,0.5,0.5,0.5,0.5,0.5,0.5,0.5,0.5,0.5,0.5,0.5,0.5,0.5,0.5,0.5,0.5,0.5,37800.0,39300.0,0.5,0.5,0.5,
41UH,41800, 96900, 0.5,0.5,0.5,0.5,9500.0,10700.0,9200.0,9800.0,15200.0,13700.0,14300.0,9100.0,5400.0,0.5,0.5,0.5,0.5,0.5,0.5,0.5,0.5,0.5,0.5,0.5,0.5,0.5,0.5,0.5,0.5,0.5,0.5,0.5,0.5,0.5,0.5,0.5,0.5,0.5,0.5,0.5,0.5,0.5,0.5,0.5,0.5,0.5,0.5,0.5,0.5,0.5,47500.0,49400.0,0.5,0.5,0.5,
47UD,34640, 84200, 0.5,0.5,0.5,0.5,10800.0,9800.0,10900.0,11700.0,12100.0,11000.0,10000.0,4900.0,3000.0,0.5,0.5,0.5,0.5,0.5,0.5,0.5,0.5,0.5,0.5,0.5,0.5,0.5,0.5,0.5,0.5,0.5,0.5,0.5,0.5,0.5,0.5,0.5,0.5,0.5,0.5,0.5,0.5,0.5,0.5,0.5,0.5,0.5,0.5,0.5,0.5,0.5,41800.0,42400.0,0.5,0.5,0.5,
00GL,105399, 250100, 0.5,0.5,0.5,0.5,32300.0,29400.0,37500.0,31700.0,34800.0,30300.0,26600.0,16900.0,10600.0,0.5,0.5,0.5,0.5,0.5,0.5,0.5,0.5,0.5,0.5,0.5,0.5,0.5,0.5,0.5,0.5,0.5,0.5,0.5,0.5,0.5,0.5,0.5,0.5,0.5,0.5,0.5,0.5,0.5,0.5,0.5,0.5,0.5,0.5,0.5,0.5,0.5,124400.0,125700.0,0.5,0.5,0.5,
44UC,53440, 125800, 0.5,0.5,0.5,0.5,15200.0,15000.0,15400.0,15900.0,18700.0,16100.0,15000.0,9100.0,5400.0,0.5,0.5,0.5,0.5,0.5,0.5,0.5,0.5,0.5,0.5,0.5,0.5,0.5,0.5,0.5,0.5,0.5,0.5,0.5,0.5,0.5,0.5,0.5,0.5,0.5,0.5,0.5,0.5,0.5,0.5,0.5,0.5,0.5,0.5,0.5,0.5,0.5,61600.0,64200.0,0.5,0.5,0.5,
44UB,27960, 62000, 0.5,0.5,0.5,0.5,6600.0,7100.0,6500.0,7000.0,9800.0,8900.0,8400.0,4900.0,2800.0,0.5,0.5,0.5,0.5,0.5,0.5,0.5,0.5,0.5,0.5,0.5,0.5,0.5,0.5,0.5,0.5,0.5,0.5,0.5,0.5,0.5,0.5,0.5,0.5,0.5,0.5,0.5,0.5,0.5,0.5,0.5,0.5,0.5,0.5,0.5,0.5,0.5,30600.0,31400.0,0.5,0.5,0.5,
44UF,63359, 138700, 0.5,0.5,0.5,0.5,15300.0,14500.0,21700.0,18500.0,20300.0,16700.0,15000.0,9600.0,7100.0,0.5,0.5,0.5,0.5,0.5,0.5,0.5,0.5,0.5,0.5,0.5,0.5,0.5,0.5,0.5,0.5,0.5,0.5,0.5,0.5,0.5,0.5,0.5,0.5,0.5,0.5,0.5,0.5,0.5,0.5,0.5,0.5,0.5,0.5,0.5,0.5,0.5,69500.0,69200.0,0.5,0.5,0.5,
44UE,54559, 120500, 0.5,0.5,0.5,0.5,12200.0,13300.0,10300.0,12200.0,18400.0,17200.0,17900.0,11300.0,7700.0,0.5,0.5,0.5,0.5,0.5,0.5,0.5,0.5,0.5,0.5,0.5,0.5,0.5,0.5,0.5,0.5,0.5,0.5,0.5,0.5,0.5,0.5,0.5,0.5,0.5,0.5,0.5,0.5,0.5,0.5,0.5,0.5,0.5,0.5,0.5,0.5,0.5,58600.0,61900.0,0.5,0.5,0.5,
44UD,40240, 100700, 0.5,0.5,0.5,0.5,12400.0,12100.0,11200.0,13000.0,15400.0,12600.0,11600.0,7300.0,5100.0,0.5,0.5,0.5,0.5,0.5,0.5,0.5,0.5,0.5,0.5,0.5,0.5,0.5,0.5,0.5,0.5,0.5,0.5,0.5,0.5,0.5,0.5,0.5,0.5,0.5,0.5,0.5,0.5,0.5,0.5,0.5,0.5,0.5,0.5,0.5,0.5,0.5,50100.0,50600.0,0.5,0.5,0.5,
11UC,35440, 93100, 0.5,0.5,0.5,0.5,11600.0,11800.0,7300.0,9800.0,14700.0,13100.0,11500.0,7800.0,5500.0,0.5,0.5,0.5,0.5,0.5,0.5,0.5,0.5,0.5,0.5,0.5,0.5,0.5,0.5,0.5,0.5,0.5,0.5,0.5,0.5,0.5,0.5,0.5,0.5,0.5,0.5,0.5,0.5,0.5,0.5,0.5,0.5,0.5,0.5,0.5,0.5,0.5,45300.0,47800.0,0.5,0.5,0.5,
12UE,71359, 171000, 0.5,0.5,0.5,0.5,20300.0,20300.0,19400.0,21400.0,26900.0,22600.0,20800.0,12000.0,7300.0,0.5,0.5,0.5,0.5,0.5,0.5,0.5,0.5,0.5,0.5,0.5,0.5,0.5,0.5,0.5,0.5,0.5,0.5,0.5,0.5,0.5,0.5,0.5,0.5,0.5,0.5,0.5,0.5,0.5,0.5,0.5,0.5,0.5,0.5,0.5,0.5,0.5,85200.0,85800.0,0.5,0.5,0.5,
43UH,40600, 96500, 0.5,0.5,0.5,0.5,11600.0,10300.0,11000.0,13400.0,15100.0,12500.0,10400.0,7200.0,5000.0,0.5,0.5,0.5,0.5,0.5,0.5,0.5,0.5,0.5,0.5,0.5,0.5,0.5,0.5,0.5,0.5,0.5,0.5,0.5,0.5,0.5,0.5,0.5,0.5,0.5,0.5,0.5,0.5,0.5,0.5,0.5,0.5,0.5,0.5,0.5,0.5,0.5,47700.0,48800.0,0.5,0.5,0.5,
23UE,52240, 123600, 0.5,0.5,0.5,0.5,15800.0,15100.0,17000.0,16600.0,18600.0,15100.0,12200.0,7800.0,5400.0,0.5,0.5,0.5,0.5,0.5,0.5,0.5,0.5,0.5,0.5,0.5,0.5,0.5,0.5,0.5,0.5,0.5,0.5,0.5,0.5,0.5,0.5,0.5,0.5,0.5,0.5,0.5,0.5,0.5,0.5,0.5,0.5,0.5,0.5,0.5,0.5,0.5,60800.0,62800.0,0.5,0.5,0.5,
00BB,93440, 314300, 0.5,0.5,0.5,0.5,48300.0,39700.0,71100.0,58200.0,39800.0,27000.0,15300.0,9600.0,5300.0,0.5,0.5,0.5,0.5,0.5,0.5,0.5,0.5,0.5,0.5,0.5,0.5,0.5,0.5,0.5,0.5,0.5,0.5,0.5,0.5,0.5,0.5,0.5,0.5,0.5,0.5,0.5,0.5,0.5,0.5,0.5,0.5,0.5,0.5,0.5,0.5,0.5,163700.0,150600.0,0.5,0.5,0.5,
00BC,104279, 284600, 0.5,0.5,0.5,0.5,42100.0,36600.0,43000.0,46400.0,38700.0,31200.0,22500.0,14000.0,10100.0,0.5,0.5,0.5,0.5,0.5,0.5,0.5,0.5,0.5,0.5,0.5,0.5,0.5,0.5,0.5,0.5,0.5,0.5,0.5,0.5,0.5,0.5,0.5,0.5,0.5,0.5,0.5,0.5,0.5,0.5,0.5,0.5,0.5,0.5,0.5,0.5,0.5,140900.0,143700.0,0.5,0.5,0.5,
00BA,92119, 202100, 0.5,0.5,0.5,0.5,27600.0,20800.0,30800.0,39300.0,29900.0,21400.0,15500.0,10000.0,6800.0,0.5,0.5,0.5,0.5,0.5,0.5,0.5,0.5,0.5,0.5,0.5,0.5,0.5,0.5,0.5,0.5,0.5,0.5,0.5,0.5,0.5,0.5,0.5,0.5,0.5,0.5,0.5,0.5,0.5,0.5,0.5,0.5,0.5,0.5,0.5,0.5,0.5,99500.0,102600.0,0.5,0.5,0.5,
00BF,86639, 193400, 0.5,0.5,0.5,0.5,25200.0,22900.0,23500.0,29700.0,30900.0,23100.0,18300.0,11600.0,8200.0,0.5,0.5,0.5,0.5,0.5,0.5,0.5,0.5,0.5,0.5,0.5,0.5,0.5,0.5,0.5,0.5,0.5,0.5,0.5,0.5,0.5,0.5,0.5,0.5,0.5,0.5,0.5,0.5,0.5,0.5,0.5,0.5,0.5,0.5,0.5,0.5,0.5,94100.0,99300.0,0.5,0.5,0.5,
00BG,99080, 263000, 0.5,0.5,0.5,0.5,36300.0,27600.0,71200.0,58200.0,28900.0,18500.0,10700.0,7200.0,4400.0,0.5,0.5,0.5,0.5,0.5,0.5,0.5,0.5,0.5,0.5,0.5,0.5,0.5,0.5,0.5,0.5,0.5,0.5,0.5,0.5,0.5,0.5,0.5,0.5,0.5,0.5,0.5,0.5,0.5,0.5,0.5,0.5,0.5,0.5,0.5,0.5,0.5,135600.0,127400.0,0.5,0.5,0.5,
00BD,88119, 189200, 0.5,0.5,0.5,0.5,26300.0,18800.0,20500.0,33500.0,31200.0,22500.0,18200.0,10200.0,8000.0,0.5,0.5,0.5,0.5,0.5,0.5,0.5,0.5,0.5,0.5,0.5,0.5,0.5,0.5,0.5,0.5,0.5,0.5,0.5,0.5,0.5,0.5,0.5,0.5,0.5,0.5,0.5,0.5,0.5,0.5,0.5,0.5,0.5,0.5,0.5,0.5,0.5,92000.0,97200.0,0.5,0.5,0.5,
32UH,39080, 89900, 0.5,0.5,0.5,0.5,9200.0,10800.0,8200.0,8700.0,13600.0,13000.0,13300.0,8300.0,4800.0,0.5,0.5,0.5,0.5,0.5,0.5,0.5,0.5,0.5,0.5,0.5,0.5,0.5,0.5,0.5,0.5,0.5,0.5,0.5,0.5,0.5,0.5,0.5,0.5,0.5,0.5,0.5,0.5,0.5,0.5,0.5,0.5,0.5,0.5,0.5,0.5,0.5,43700.0,46200.0,0.5,0.5,0.5,
00BJ,129999, 308300, 0.5,0.5,0.5,0.5,37700.0,24400.0,67600.0,73200.0,41400.0,26000.0,18700.0,11900.0,7400.0,0.5,0.5,0.5,0.5,0.5,0.5,0.5,0.5,0.5,0.5,0.5,0.5,0.5,0.5,0.5,0.5,0.5,0.5,0.5,0.5,0.5,0.5,0.5,0.5,0.5,0.5,0.5,0.5,0.5,0.5,0.5,0.5,0.5,0.5,0.5,0.5,0.5,148500.0,159800.0,0.5,0.5,0.5,
00BK,-1000, 224000, 0.5,0.5,0.5,0.5,23700.0,19400.0,43300.0,48700.0,31800.0,22300.0,17200.0,10800.0,6800.0,0.5,0.5,0.5,0.5,0.5,0.5,0.5,0.5,0.5,0.5,0.5,0.5,0.5,0.5,0.5,0.5,0.5,0.5,0.5,0.5,0.5,0.5,0.5,0.5,0.5,0.5,0.5,0.5,0.5,0.5,0.5,0.5,0.5,0.5,0.5,0.5,0.5,114000.0,110000.0,0.5,0.5,0.5,
00BH,92720, 262500, 0.5,0.5,0.5,0.5,38900.0,29900.0,45800.0,46500.0,38600.0,26700.0,17400.0,11300.0,7400.0,0.5,0.5,0.5,0.5,0.5,0.5,0.5,0.5,0.5,0.5,0.5,0.5,0.5,0.5,0.5,0.5,0.5,0.5,0.5,0.5,0.5,0.5,0.5,0.5,0.5,0.5,0.5,0.5,0.5,0.5,0.5,0.5,0.5,0.5,0.5,0.5,0.5,131200.0,131300.0,0.5,0.5,0.5,
00BN,213999, 511000, 0.5,0.5,0.5,0.5,67900.0,61800.0,126600.0,81900.0,61400.0,45000.0,32100.0,20700.0,13600.0,0.5,0.5,0.5,0.5,0.5,0.5,0.5,0.5,0.5,0.5,0.5,0.5,0.5,0.5,0.5,0.5,0.5,0.5,0.5,0.5,0.5,0.5,0.5,0.5,0.5,0.5,0.5,0.5,0.5,0.5,0.5,0.5,0.5,0.5,0.5,0.5,0.5,257900.0,253100.0,0.5,0.5,0.5,
00BL,114559, 279000, 0.5,0.5,0.5,0.5,36700.0,35600.0,36500.0,35000.0,40900.0,33900.0,30300.0,18800.0,11300.0,0.5,0.5,0.5,0.5,0.5,0.5,0.5,0.5,0.5,0.5,0.5,0.5,0.5,0.5,0.5,0.5,0.5,0.5,0.5,0.5,0.5,0.5,0.5,0.5,0.5,0.5,0.5,0.5,0.5,0.5,0.5,0.5,0.5,0.5,0.5,0.5,0.5,137900.0,141100.0,0.5,0.5,0.5,
00BM,77079, 186100, 0.5,0.5,0.5,0.5,24000.0,22400.0,22300.0,23500.0,28300.0,23600.0,21000.0,13200.0,7800.0,0.5,0.5,0.5,0.5,0.5,0.5,0.5,0.5,0.5,0.5,0.5,0.5,0.5,0.5,0.5,0.5,0.5,0.5,0.5,0.5,0.5,0.5,0.5,0.5,0.5,0.5,0.5,0.5,0.5,0.5,0.5,0.5,0.5,0.5,0.5,0.5,0.5,91100.0,95000.0,0.5,0.5,0.5,
00BR,102159, 237000, 0.5,0.5,0.5,0.5,30600.0,27200.0,41200.0,33400.0,32300.0,26400.0,22000.0,14600.0,9300.0,0.5,0.5,0.5,0.5,0.5,0.5,0.5,0.5,0.5,0.5,0.5,0.5,0.5,0.5,0.5,0.5,0.5,0.5,0.5,0.5,0.5,0.5,0.5,0.5,0.5,0.5,0.5,0.5,0.5,0.5,0.5,0.5,0.5,0.5,0.5,0.5,0.5,118500.0,118500.0,0.5,0.5,0.5,
34UC,33600, 78100, 0.5,0.5,0.5,0.5,9000.0,9500.0,7400.0,8500.0,12800.0,11300.0,10500.0,5700.0,3400.0,0.5,0.5,0.5,0.5,0.5,0.5,0.5,0.5,0.5,0.5,0.5,0.5,0.5,0.5,0.5,0.5,0.5,0.5,0.5,0.5,0.5,0.5,0.5,0.5,0.5,0.5,0.5,0.5,0.5,0.5,0.5,0.5,0.5,0.5,0.5,0.5,0.5,39000.0,39100.0,0.5,0.5,0.5,
00BP,91079, 225800, 0.5,0.5,0.5,0.5,32300.0,30200.0,29700.0,28100.0,32100.0,26900.0,23200.0,14600.0,8700.0,0.5,0.5,0.5,0.5,0.5,0.5,0.5,0.5,0.5,0.5,0.5,0.5,0.5,0.5,0.5,0.5,0.5,0.5,0.5,0.5,0.5,0.5,0.5,0.5,0.5,0.5,0.5,0.5,0.5,0.5,0.5,0.5,0.5,0.5,0.5,0.5,0.5,110800.0,115000.0,0.5,0.5,0.5,
00BQ,85919, 212100, 0.5,0.5,0.5,0.5,28600.0,27600.0,27900.0,26800.0,30500.0,26600.0,22100.0,13500.0,8500.0,0.5,0.5,0.5,0.5,0.5,0.5,0.5,0.5,0.5,0.5,0.5,0.5,0.5,0.5,0.5,0.5,0.5,0.5,0.5,0.5,0.5,0.5,0.5,0.5,0.5,0.5,0.5,0.5,0.5,0.5,0.5,0.5,0.5,0.5,0.5,0.5,0.5,103800.0,108300.0,0.5,0.5,0.5,
34UF,96759, 214400, 0.5,0.5,0.5,0.5,29500.0,25200.0,32000.0,32000.0,30600.0,24400.0,20600.0,11800.0,8300.0,0.5,0.5,0.5,0.5,0.5,0.5,0.5,0.5,0.5,0.5,0.5,0.5,0.5,0.5,0.5,0.5,0.5,0.5,0.5,0.5,0.5,0.5,0.5,0.5,0.5,0.5,0.5,0.5,0.5,0.5,0.5,0.5,0.5,0.5,0.5,0.5,0.5,105600.0,108800.0,0.5,0.5,0.5,
00BW,134359, 318500, 0.5,0.5,0.5,0.5,38100.0,37000.0,39600.0,39300.0,50300.0,40200.0,38500.0,23400.0,12100.0,0.5,0.5,0.5,0.5,0.5,0.5,0.5,0.5,0.5,0.5,0.5,0.5,0.5,0.5,0.5,0.5,0.5,0.5,0.5,0.5,0.5,0.5,0.5,0.5,0.5,0.5,0.5,0.5,0.5,0.5,0.5,0.5,0.5,0.5,0.5,0.5,0.5,158200.0,160300.0,0.5,0.5,0.5,
00BT,95199, 220500, 0.5,0.5,0.5,0.5,27600.0,26200.0,28200.0,27600.0,33600.0,28200.0,24800.0,15300.0,9000.0,0.5,0.5,0.5,0.5,0.5,0.5,0.5,0.5,0.5,0.5,0.5,0.5,0.5,0.5,0.5,0.5,0.5,0.5,0.5,0.5,0.5,0.5,0.5,0.5,0.5,0.5,0.5,0.5,0.5,0.5,0.5,0.5,0.5,0.5,0.5,0.5,0.5,108200.0,112300.0,0.5,0.5,0.5,
00BU,97159, 228800, 0.5,0.5,0.5,0.5,29700.0,27500.0,25400.0,30900.0,36200.0,29000.0,23300.0,15700.0,11100.0,0.5,0.5,0.5,0.5,0.5,0.5,0.5,0.5,0.5,0.5,0.5,0.5,0.5,0.5,0.5,0.5,0.5,0.5,0.5,0.5,0.5,0.5,0.5,0.5,0.5,0.5,0.5,0.5,0.5,0.5,0.5,0.5,0.5,0.5,0.5,0.5,0.5,111800.0,117000.0,0.5,0.5,0.5,
00BZ,74919, 176200, 0.5,0.5,0.5,0.5,20000.0,20400.0,21100.0,20800.0,26200.0,23100.0,22100.0,14500.0,8000.0,0.5,0.5,0.5,0.5,0.5,0.5,0.5,0.5,0.5,0.5,0.5,0.5,0.5,0.5,0.5,0.5,0.5,0.5,0.5,0.5,0.5,0.5,0.5,0.5,0.5,0.5,0.5,0.5,0.5,0.5,0.5,0.5,0.5,0.5,0.5,0.5,0.5,86400.0,89800.0,0.5,0.5,0.5,
15UH,-1000, 2300, 0.5,0.5,0.5,0.5,100.0,100.0,300.0,400.0,400.0,400.0,400.0,200.0,0.0,0.5,0.5,0.5,0.5,0.5,0.5,0.5,0.5,0.5,0.5,0.5,0.5,0.5,0.5,0.5,0.5,0.5,0.5,0.5,0.5,0.5,0.5,0.5,0.5,0.5,0.5,0.5,0.5,0.5,0.5,0.5,0.5,0.5,0.5,0.5,0.5,0.5,1100.0,1200.0,0.5,0.5,0.5,
00BX,63280, 145700, 0.5,0.5,0.5,0.5,17900.0,18500.0,19200.0,16300.0,21400.0,20600.0,14700.0,10700.0,6400.0,0.5,0.5,0.5,0.5,0.5,0.5,0.5,0.5,0.5,0.5,0.5,0.5,0.5,0.5,0.5,0.5,0.5,0.5,0.5,0.5,0.5,0.5,0.5,0.5,0.5,0.5,0.5,0.5,0.5,0.5,0.5,0.5,0.5,0.5,0.5,0.5,0.5,69200.0,76500.0,0.5,0.5,0.5,
00BY,197959, 469700, 0.5,0.5,0.5,0.5,50300.0,55500.0,92900.0,62100.0,61600.0,56100.0,43500.0,29700.0,18000.0,0.5,0.5,0.5,0.5,0.5,0.5,0.5,0.5,0.5,0.5,0.5,0.5,0.5,0.5,0.5,0.5,0.5,0.5,0.5,0.5,0.5,0.5,0.5,0.5,0.5,0.5,0.5,0.5,0.5,0.5,0.5,0.5,0.5,0.5,0.5,0.5,0.5,232200.0,237500.0,0.5,0.5,0.5,
45UD,51719, 114500, 0.5,0.5,0.5,0.5,11600.0,12300.0,11500.0,11100.0,15700.0,15400.0,16100.0,11900.0,8900.0,0.5,0.5,0.5,0.5,0.5,0.5,0.5,0.5,0.5,0.5,0.5,0.5,0.5,0.5,0.5,0.5,0.5,0.5,0.5,0.5,0.5,0.5,0.5,0.5,0.5,0.5,0.5,0.5,0.5,0.5,0.5,0.5,0.5,0.5,0.5,0.5,0.5,54900.0,59600.0,0.5,0.5,0.5,
33UE,64879, 149100, 0.5,0.5,0.5,0.5,15700.0,16000.0,16500.0,15500.0,20200.0,19100.0,21300.0,15000.0,9800.0,0.5,0.5,0.5,0.5,0.5,0.5,0.5,0.5,0.5,0.5,0.5,0.5,0.5,0.5,0.5,0.5,0.5,0.5,0.5,0.5,0.5,0.5,0.5,0.5,0.5,0.5,0.5,0.5,0.5,0.5,0.5,0.5,0.5,0.5,0.5,0.5,0.5,72900.0,76200.0,0.5,0.5,0.5,
33UD,45080, 97700, 0.5,0.5,0.5,0.5,10700.0,11500.0,11600.0,9900.0,13300.0,12500.0,13600.0,8700.0,5900.0,0.5,0.5,0.5,0.5,0.5,0.5,0.5,0.5,0.5,0.5,0.5,0.5,0.5,0.5,0.5,0.5,0.5,0.5,0.5,0.5,0.5,0.5,0.5,0.5,0.5,0.5,0.5,0.5,0.5,0.5,0.5,0.5,0.5,0.5,0.5,0.5,0.5,48000.0,49700.0,0.5,0.5,0.5,
34UB,23800, 63100, 0.5,0.5,0.5,0.5,8800.0,7500.0,8700.0,8600.0,9600.0,8100.0,5900.0,3800.0,2100.0,0.5,0.5,0.5,0.5,0.5,0.5,0.5,0.5,0.5,0.5,0.5,0.5,0.5,0.5,0.5,0.5,0.5,0.5,0.5,0.5,0.5,0.5,0.5,0.5,0.5,0.5,0.5,0.5,0.5,0.5,0.5,0.5,0.5,0.5,0.5,0.5,0.5,30800.0,32300.0,0.5,0.5,0.5,
33UF,49399, 101700, 0.5,0.5,0.5,0.5,8600.0,10100.0,8700.0,8400.0,12700.0,14300.0,17700.0,12500.0,8700.0,0.5,0.5,0.5,0.5,0.5,0.5,0.5,0.5,0.5,0.5,0.5,0.5,0.5,0.5,0.5,0.5,0.5,0.5,0.5,0.5,0.5,0.5,0.5,0.5,0.5,0.5,0.5,0.5,0.5,0.5,0.5,0.5,0.5,0.5,0.5,0.5,0.5,49200.0,52500.0,0.5,0.5,0.5,
34UD,36920, 87400, 0.5,0.5,0.5,0.5,10400.0,11100.0,8300.0,10300.0,14000.0,11500.0,11400.0,6300.0,4100.0,0.5,0.5,0.5,0.5,0.5,0.5,0.5,0.5,0.5,0.5,0.5,0.5,0.5,0.5,0.5,0.5,0.5,0.5,0.5,0.5,0.5,0.5,0.5,0.5,0.5,0.5,0.5,0.5,0.5,0.5,0.5,0.5,0.5,0.5,0.5,0.5,0.5,43300.0,44100.0,0.5,0.5,0.5,
33UC,53879, 125100, 0.5,0.5,0.5,0.5,12400.0,14000.0,10900.0,13300.0,19200.0,17200.0,17900.0,12100.0,8100.0,0.5,0.5,0.5,0.5,0.5,0.5,0.5,0.5,0.5,0.5,0.5,0.5,0.5,0.5,0.5,0.5,0.5,0.5,0.5,0.5,0.5,0.5,0.5,0.5,0.5,0.5,0.5,0.5,0.5,0.5,0.5,0.5,0.5,0.5,0.5,0.5,0.5,61000.0,64100.0,0.5,0.5,0.5,
33UB,57199, 131600, 0.5,0.5,0.5,0.5,14400.0,14800.0,14600.0,14100.0,18400.0,16700.0,18200.0,12400.0,8000.0,0.5,0.5,0.5,0.5,0.5,0.5,0.5,0.5,0.5,0.5,0.5,0.5,0.5,0.5,0.5,0.5,0.5,0.5,0.5,0.5,0.5,0.5,0.5,0.5,0.5,0.5,0.5,0.5,0.5,0.5,0.5,0.5,0.5,0.5,0.5,0.5,0.5,65400.0,66200.0,0.5,0.5,0.5,
34UE,39400, 94800, 0.5,0.5,0.5,0.5,12400.0,11100.0,10800.0,12500.0,14800.0,11500.0,11200.0,6200.0,4300.0,0.5,0.5,0.5,0.5,0.5,0.5,0.5,0.5,0.5,0.5,0.5,0.5,0.5,0.5,0.5,0.5,0.5,0.5,0.5,0.5,0.5,0.5,0.5,0.5,0.5,0.5,0.5,0.5,0.5,0.5,0.5,0.5,0.5,0.5,0.5,0.5,0.5,46700.0,48100.0,0.5,0.5,0.5,
33UH,53719, 125700, 0.5,0.5,0.5,0.5,13600.0,14700.0,11100.0,13600.0,18600.0,17100.0,17800.0,11600.0,7600.0,0.5,0.5,0.5,0.5,0.5,0.5,0.5,0.5,0.5,0.5,0.5,0.5,0.5,0.5,0.5,0.5,0.5,0.5,0.5,0.5,0.5,0.5,0.5,0.5,0.5,0.5,0.5,0.5,0.5,0.5,0.5,0.5,0.5,0.5,0.5,0.5,0.5,61400.0,64300.0,0.5,0.5,0.5,
38UE,49440, 122600, 0.5,0.5,0.5,0.5,14500.0,14600.0,13200.0,15300.0,18300.0,16300.0,14500.0,9400.0,6500.0,0.5,0.5,0.5,0.5,0.5,0.5,0.5,0.5,0.5,0.5,0.5,0.5,0.5,0.5,0.5,0.5,0.5,0.5,0.5,0.5,0.5,0.5,0.5,0.5,0.5,0.5,0.5,0.5,0.5,0.5,0.5,0.5,0.5,0.5,0.5,0.5,0.5,61200.0,61400.0,0.5,0.5,0.5,
00MB,62359, 154500, 0.5,0.5,0.5,0.5,19600.0,19300.0,15300.0,19800.0,25000.0,20900.0,17900.0,10100.0,6600.0,0.5,0.5,0.5,0.5,0.5,0.5,0.5,0.5,0.5,0.5,0.5,0.5,0.5,0.5,0.5,0.5,0.5,0.5,0.5,0.5,0.5,0.5,0.5,0.5,0.5,0.5,0.5,0.5,0.5,0.5,0.5,0.5,0.5,0.5,0.5,0.5,0.5,76600.0,77900.0,0.5,0.5,0.5,
00BS,126679, 283800, 0.5,0.5,0.5,0.5,34000.0,32700.0,31100.0,34700.0,43300.0,37700.0,32900.0,22500.0,14900.0,0.5,0.5,0.5,0.5,0.5,0.5,0.5,0.5,0.5,0.5,0.5,0.5,0.5,0.5,0.5,0.5,0.5,0.5,0.5,0.5,0.5,0.5,0.5,0.5,0.5,0.5,0.5,0.5,0.5,0.5,0.5,0.5,0.5,0.5,0.5,0.5,0.5,138600.0,145200.0,0.5,0.5,0.5,
19UC,22640, 48000, 0.5,0.5,0.5,0.5,4500.0,5000.0,3800.0,4400.0,6400.0,5900.0,7300.0,5800.0,4900.0,0.5,0.5,0.5,0.5,0.5,0.5,0.5,0.5,0.5,0.5,0.5,0.5,0.5,0.5,0.5,0.5,0.5,0.5,0.5,0.5,0.5,0.5,0.5,0.5,0.5,0.5,0.5,0.5,0.5,0.5,0.5,0.5,0.5,0.5,0.5,0.5,0.5,22900.0,25100.0,0.5,0.5,0.5,
34UH,33600, 76200, 0.5,0.5,0.5,0.5,10000.0,8900.0,8500.0,9700.0,11500.0,9600.0,9300.0,5300.0,3400.0,0.5,0.5,0.5,0.5,0.5,0.5,0.5,0.5,0.5,0.5,0.5,0.5,0.5,0.5,0.5,0.5,0.5,0.5,0.5,0.5,0.5,0.5,0.5,0.5,0.5,0.5,0.5,0.5,0.5,0.5,0.5,0.5,0.5,0.5,0.5,0.5,0.5,37500.0,38700.0,0.5,0.5,0.5,
38UC,54280, 152400, 0.5,0.5,0.5,0.5,17400.0,19000.0,38900.0,23100.0,17600.0,13600.0,10800.0,6800.0,5200.0,0.5,0.5,0.5,0.5,0.5,0.5,0.5,0.5,0.5,0.5,0.5,0.5,0.5,0.5,0.5,0.5,0.5,0.5,0.5,0.5,0.5,0.5,0.5,0.5,0.5,0.5,0.5,0.5,0.5,0.5,0.5,0.5,0.5,0.5,0.5,0.5,0.5,76000.0,76400.0,0.5,0.5,0.5,
00AG,108600, 224800, 0.5,0.5,0.5,0.5,25200.0,21700.0,48300.0,44300.0,30100.0,21100.0,17000.0,10200.0,6900.0,0.5,0.5,0.5,0.5,0.5,0.5,0.5,0.5,0.5,0.5,0.5,0.5,0.5,0.5,0.5,0.5,0.5,0.5,0.5,0.5,0.5,0.5,0.5,0.5,0.5,0.5,0.5,0.5,0.5,0.5,0.5,0.5,0.5,0.5,0.5,0.5,0.5,110500.0,114300.0,0.5,0.5,0.5,
00AF,139919, 313900, 0.5,0.5,0.5,0.5,39800.0,36300.0,34600.0,43600.0,49600.0,39000.0,33100.0,21500.0,16400.0,0.5,0.5,0.5,0.5,0.5,0.5,0.5,0.5,0.5,0.5,0.5,0.5,0.5,0.5,0.5,0.5,0.5,0.5,0.5,0.5,0.5,0.5,0.5,0.5,0.5,0.5,0.5,0.5,0.5,0.5,0.5,0.5,0.5,0.5,0.5,0.5,0.5,150800.0,163100.0,0.5,0.5,0.5,
00AE,100279, 314600, 0.5,0.5,0.5,0.5,42700.0,36200.0,56500.0,56100.0,42600.0,34300.0,22400.0,15200.0,8600.0,0.5,0.5,0.5,0.5,0.5,0.5,0.5,0.5,0.5,0.5,0.5,0.5,0.5,0.5,0.5,0.5,0.5,0.5,0.5,0.5,0.5,0.5,0.5,0.5,0.5,0.5,0.5,0.5,0.5,0.5,0.5,0.5,0.5,0.5,0.5,0.5,0.5,158500.0,156100.0,0.5,0.5,0.5,
00AD,97679, 234400, 0.5,0.5,0.5,0.5,30200.0,30400.0,29500.0,29600.0,35200.0,28900.0,23100.0,16200.0,11300.0,0.5,0.5,0.5,0.5,0.5,0.5,0.5,0.5,0.5,0.5,0.5,0.5,0.5,0.5,0.5,0.5,0.5,0.5,0.5,0.5,0.5,0.5,0.5,0.5,0.5,0.5,0.5,0.5,0.5,0.5,0.5,0.5,0.5,0.5,0.5,0.5,0.5,112600.0,121800.0,0.5,0.5,0.5,
00AC,144839, 364300, 0.5,0.5,0.5,0.5,51000.0,41900.0,54900.0,59100.0,51800.0,39500.0,31300.0,19700.0,15100.0,0.5,0.5,0.5,0.5,0.5,0.5,0.5,0.5,0.5,0.5,0.5,0.5,0.5,0.5,0.5,0.5,0.5,0.5,0.5,0.5,0.5,0.5,0.5,0.5,0.5,0.5,0.5,0.5,0.5,0.5,0.5,0.5,0.5,0.5,0.5,0.5,0.5,177400.0,186900.0,0.5,0.5,0.5,
00AB,70079, 190400, 0.5,0.5,0.5,0.5,34900.0,25700.0,28200.0,30400.0,26500.0,18400.0,12000.0,8000.0,6300.0,0.5,0.5,0.5,0.5,0.5,0.5,0.5,0.5,0.5,0.5,0.5,0.5,0.5,0.5,0.5,0.5,0.5,0.5,0.5,0.5,0.5,0.5,0.5,0.5,0.5,0.5,0.5,0.5,0.5,0.5,0.5,0.5,0.5,0.5,0.5,0.5,0.5,92900.0,97500.0,0.5,0.5,0.5,
00AA,-1000, 7500, 0.5,0.5,0.5,0.5,500.0,400.0,1400.0,1400.0,1300.0,1000.0,800.0,400.0,300.0,0.5,0.5,0.5,0.5,0.5,0.5,0.5,0.5,0.5,0.5,0.5,0.5,0.5,0.5,0.5,0.5,0.5,0.5,0.5,0.5,0.5,0.5,0.5,0.5,0.5,0.5,0.5,0.5,0.5,0.5,0.5,0.5,0.5,0.5,0.5,0.5,0.5,4000.0,3500.0,0.5,0.5,0.5,
21UC,48239, 99800, 0.5,0.5,0.5,0.5,10500.0,11300.0,11800.0,11600.0,13400.0,11800.0,12300.0,8800.0,8300.0,0.5,0.5,0.5,0.5,0.5,0.5,0.5,0.5,0.5,0.5,0.5,0.5,0.5,0.5,0.5,0.5,0.5,0.5,0.5,0.5,0.5,0.5,0.5,0.5,0.5,0.5,0.5,0.5,0.5,0.5,0.5,0.5,0.5,0.5,0.5,0.5,0.5,47900.0,51900.0,0.5,0.5,0.5,
00AN,77120, 180000, 0.5,0.5,0.5,0.5,21000.0,14700.0,40100.0,38800.0,25500.0,16500.0,11800.0,7300.0,4300.0,0.5,0.5,0.5,0.5,0.5,0.5,0.5,0.5,0.5,0.5,0.5,0.5,0.5,0.5,0.5,0.5,0.5,0.5,0.5,0.5,0.5,0.5,0.5,0.5,0.5,0.5,0.5,0.5,0.5,0.5,0.5,0.5,0.5,0.5,0.5,0.5,0.5,87600.0,92400.0,0.5,0.5,0.5,
00AM,94040, 252200, 0.5,0.5,0.5,0.5,35900.0,27200.0,54400.0,54800.0,33300.0,21500.0,13000.0,7900.0,4200.0,0.5,0.5,0.5,0.5,0.5,0.5,0.5,0.5,0.5,0.5,0.5,0.5,0.5,0.5,0.5,0.5,0.5,0.5,0.5,0.5,0.5,0.5,0.5,0.5,0.5,0.5,0.5,0.5,0.5,0.5,0.5,0.5,0.5,0.5,0.5,0.5,0.5,125100.0,127100.0,0.5,0.5,0.5,
00AL,99839, 260300, 0.5,0.5,0.5,0.5,38800.0,30500.0,43300.0,47400.0,37000.0,26400.0,18200.0,11200.0,7500.0,0.5,0.5,0.5,0.5,0.5,0.5,0.5,0.5,0.5,0.5,0.5,0.5,0.5,0.5,0.5,0.5,0.5,0.5,0.5,0.5,0.5,0.5,0.5,0.5,0.5,0.5,0.5,0.5,0.5,0.5,0.5,0.5,0.5,0.5,0.5,0.5,0.5,129700.0,130600.0,0.5,0.5,0.5,
00AK,121639, 317300, 0.5,0.5,0.5,0.5,47100.0,40700.0,46200.0,47400.0,46900.0,35400.0,25400.0,17000.0,11200.0,0.5,0.5,0.5,0.5,0.5,0.5,0.5,0.5,0.5,0.5,0.5,0.5,0.5,0.5,0.5,0.5,0.5,0.5,0.5,0.5,0.5,0.5,0.5,0.5,0.5,0.5,0.5,0.5,0.5,0.5,0.5,0.5,0.5,0.5,0.5,0.5,0.5,153800.0,163500.0,0.5,0.5,0.5,
00AJ,129159, 340700, 0.5,0.5,0.5,0.5,47500.0,37700.0,55600.0,62500.0,48900.0,36700.0,25600.0,16400.0,9800.0,0.5,0.5,0.5,0.5,0.5,0.5,0.5,0.5,0.5,0.5,0.5,0.5,0.5,0.5,0.5,0.5,0.5,0.5,0.5,0.5,0.5,0.5,0.5,0.5,0.5,0.5,0.5,0.5,0.5,0.5,0.5,0.5,0.5,0.5,0.5,0.5,0.5,170500.0,170200.0,0.5,0.5,0.5,
32UE,47080, 109100, 0.5,0.5,0.5,0.5,11500.0,12600.0,10900.0,11500.0,17300.0,14300.0,14800.0,10200.0,6000.0,0.5,0.5,0.5,0.5,0.5,0.5,0.5,0.5,0.5,0.5,0.5,0.5,0.5,0.5,0.5,0.5,0.5,0.5,0.5,0.5,0.5,0.5,0.5,0.5,0.5,0.5,0.5,0.5,0.5,0.5,0.5,0.5,0.5,0.5,0.5,0.5,0.5,53600.0,55500.0,0.5,0.5,0.5,
00AW,88199, 155900, 0.5,0.5,0.5,0.5,17000.0,12600.0,25400.0,31500.0,23700.0,17600.0,14700.0,8300.0,5100.0,0.5,0.5,0.5,0.5,0.5,0.5,0.5,0.5,0.5,0.5,0.5,0.5,0.5,0.5,0.5,0.5,0.5,0.5,0.5,0.5,0.5,0.5,0.5,0.5,0.5,0.5,0.5,0.5,0.5,0.5,0.5,0.5,0.5,0.5,0.5,0.5,0.5,76800.0,79100.0,0.5,0.5,0.5,
40UF,16640, 34600, 0.5,0.5,0.5,0.5,2900.0,3300.0,3300.0,2700.0,4200.0,4900.0,6000.0,4300.0,3000.0,0.5,0.5,0.5,0.5,0.5,0.5,0.5,0.5,0.5,0.5,0.5,0.5,0.5,0.5,0.5,0.5,0.5,0.5,0.5,0.5,0.5,0.5,0.5,0.5,0.5,0.5,0.5,0.5,0.5,0.5,0.5,0.5,0.5,0.5,0.5,0.5,0.5,16600.0,18000.0,0.5,0.5,0.5,
40UE,49239, 111400, 0.5,0.5,0.5,0.5,12400.0,13200.0,12600.0,12300.0,15800.0,14600.0,14100.0,9200.0,7200.0,0.5,0.5,0.5,0.5,0.5,0.5,0.5,0.5,0.5,0.5,0.5,0.5,0.5,0.5,0.5,0.5,0.5,0.5,0.5,0.5,0.5,0.5,0.5,0.5,0.5,0.5,0.5,0.5,0.5,0.5,0.5,0.5,0.5,0.5,0.5,0.5,0.5,54100.0,57300.0,0.5,0.5,0.5,
40UD,72199, 163200, 0.5,0.5,0.5,0.5,17600.0,18600.0,17200.0,16700.0,22900.0,21700.0,23000.0,14800.0,10700.0,0.5,0.5,0.5,0.5,0.5,0.5,0.5,0.5,0.5,0.5,0.5,0.5,0.5,0.5,0.5,0.5,0.5,0.5,0.5,0.5,0.5,0.5,0.5,0.5,0.5,0.5,0.5,0.5,0.5,0.5,0.5,0.5,0.5,0.5,0.5,0.5,0.5,80300.0,82900.0,0.5,0.5,0.5,
40UC,49719, 116200, 0.5,0.5,0.5,0.5,12800.0,13800.0,12000.0,11700.0,17100.0,16100.0,15800.0,10000.0,6900.0,0.5,0.5,0.5,0.5,0.5,0.5,0.5,0.5,0.5,0.5,0.5,0.5,0.5,0.5,0.5,0.5,0.5,0.5,0.5,0.5,0.5,0.5,0.5,0.5,0.5,0.5,0.5,0.5,0.5,0.5,0.5,0.5,0.5,0.5,0.5,0.5,0.5,56800.0,59400.0,0.5,0.5,0.5,
00AR,98839, 239400, 0.5,0.5,0.5,0.5,28000.0,29100.0,30100.0,29400.0,34400.0,30900.0,26100.0,17900.0,13500.0,0.5,0.5,0.5,0.5,0.5,0.5,0.5,0.5,0.5,0.5,0.5,0.5,0.5,0.5,0.5,0.5,0.5,0.5,0.5,0.5,0.5,0.5,0.5,0.5,0.5,0.5,0.5,0.5,0.5,0.5,0.5,0.5,0.5,0.5,0.5,0.5,0.5,115100.0,124300.0,0.5,0.5,0.5,
00AQ,90639, 242200, 0.5,0.5,0.5,0.5,31600.0,29400.0,34900.0,37800.0,33200.0,29000.0,21900.0,14800.0,9600.0,0.5,0.5,0.5,0.5,0.5,0.5,0.5,0.5,0.5,0.5,0.5,0.5,0.5,0.5,0.5,0.5,0.5,0.5,0.5,0.5,0.5,0.5,0.5,0.5,0.5,0.5,0.5,0.5,0.5,0.5,0.5,0.5,0.5,0.5,0.5,0.5,0.5,119700.0,122500.0,0.5,0.5,0.5,
00AP,100520, 259100, 0.5,0.5,0.5,0.5,34400.0,29100.0,46500.0,52400.0,38700.0,25300.0,16600.0,10500.0,5600.0,0.5,0.5,0.5,0.5,0.5,0.5,0.5,0.5,0.5,0.5,0.5,0.5,0.5,0.5,0.5,0.5,0.5,0.5,0.5,0.5,0.5,0.5,0.5,0.5,0.5,0.5,0.5,0.5,0.5,0.5,0.5,0.5,0.5,0.5,0.5,0.5,0.5,129200.0,129900.0,0.5,0.5,0.5,
00BE,131839, 293700, 0.5,0.5,0.5,0.5,37800.0,28800.0,63200.0,59600.0,43200.0,28900.0,16100.0,9800.0,6300.0,0.5,0.5,0.5,0.5,0.5,0.5,0.5,0.5,0.5,0.5,0.5,0.5,0.5,0.5,0.5,0.5,0.5,0.5,0.5,0.5,0.5,0.5,0.5,0.5,0.5,0.5,0.5,0.5,0.5,0.5,0.5,0.5,0.5,0.5,0.5,0.5,0.5,145600.0,148100.0,0.5,0.5,0.5,
00AZ,120919, 281600, 0.5,0.5,0.5,0.5,40100.0,30800.0,47600.0,54400.0,43200.0,29100.0,17500.0,11500.0,7400.0,0.5,0.5,0.5,0.5,0.5,0.5,0.5,0.5,0.5,0.5,0.5,0.5,0.5,0.5,0.5,0.5,0.5,0.5,0.5,0.5,0.5,0.5,0.5,0.5,0.5,0.5,0.5,0.5,0.5,0.5,0.5,0.5,0.5,0.5,0.5,0.5,0.5,137900.0,143700.0,0.5,0.5,0.5,
00AY,131960, 310100, 0.5,0.5,0.5,0.5,38100.0,28700.0,70800.0,66600.0,44600.0,28500.0,16100.0,10400.0,6300.0,0.5,0.5,0.5,0.5,0.5,0.5,0.5,0.5,0.5,0.5,0.5,0.5,0.5,0.5,0.5,0.5,0.5,0.5,0.5,0.5,0.5,0.5,0.5,0.5,0.5,0.5,0.5,0.5,0.5,0.5,0.5,0.5,0.5,0.5,0.5,0.5,0.5,154600.0,155500.0,0.5,0.5,0.5,
00AX,72640, 163900, 0.5,0.5,0.5,0.5,21100.0,17800.0,26800.0,27200.0,24000.0,18000.0,14100.0,8300.0,6600.0,0.5,0.5,0.5,0.5,0.5,0.5,0.5,0.5,0.5,0.5,0.5,0.5,0.5,0.5,0.5,0.5,0.5,0.5,0.5,0.5,0.5,0.5,0.5,0.5,0.5,0.5,0.5,0.5,0.5,0.5,0.5,0.5,0.5,0.5,0.5,0.5,0.5,80100.0,83800.0,0.5,0.5,0.5,
43UL,48759, 121600, 0.5,0.5,0.5,0.5,14900.0,15600.0,10100.0,13900.0,18900.0,15900.0,15000.0,9900.0,7400.0,0.5,0.5,0.5,0.5,0.5,0.5,0.5,0.5,0.5,0.5,0.5,0.5,0.5,0.5,0.5,0.5,0.5,0.5,0.5,0.5,0.5,0.5,0.5,0.5,0.5,0.5,0.5,0.5,0.5,0.5,0.5,0.5,0.5,0.5,0.5,0.5,0.5,59400.0,62200.0,0.5,0.5,0.5,
WALE,-1000, 3074067, 0.5,0.5,0.5,0.5,347414.0,367566.0,402258.0,350453.0,429711.0,395327.0,376672.0,247346.0,157320.0,0.5,0.5,0.5,0.5,0.5,0.5,0.5,0.5,0.5,0.5,0.5,0.5,0.5,0.5,0.5,0.5,0.5,0.5,0.5,0.5,0.5,0.5,0.5,0.5,0.5,0.5,0.5,0.5,0.5,0.5,0.5,0.5,0.5,0.5,0.5,0.5,0.5,1509936.0,1564131.0,0.5,0.5,0.5,
00KG,67480, 159500, 0.5,0.5,0.5,0.5,23000.0,19800.0,20700.0,23900.0,24400.0,18400.0,15200.0,8600.0,5500.0,0.5,0.5,0.5,0.5,0.5,0.5,0.5,0.5,0.5,0.5,0.5,0.5,0.5,0.5,0.5,0.5,0.5,0.5,0.5,0.5,0.5,0.5,0.5,0.5,0.5,0.5,0.5,0.5,0.5,0.5,0.5,0.5,0.5,0.5,0.5,0.5,0.5,78600.0,80900.0,0.5,0.5,0.5,
00KF,76519, 174700, 0.5,0.5,0.5,0.5,21200.0,20200.0,20600.0,23600.0,26100.0,21200.0,19300.0,12600.0,9900.0,0.5,0.5,0.5,0.5,0.5,0.5,0.5,0.5,0.5,0.5,0.5,0.5,0.5,0.5,0.5,0.5,0.5,0.5,0.5,0.5,0.5,0.5,0.5,0.5,0.5,0.5,0.5,0.5,0.5,0.5,0.5,0.5,0.5,0.5,0.5,0.5,0.5,85700.0,89000.0,0.5,0.5,0.5,
00KA,76880, 205500, 0.5,0.5,0.5,0.5,31600.0,26800.0,35000.0,30700.0,27300.0,21300.0,15200.0,11100.0,6500.0,0.5,0.5,0.5,0.5,0.5,0.5,0.5,0.5,0.5,0.5,0.5,0.5,0.5,0.5,0.5,0.5,0.5,0.5,0.5,0.5,0.5,0.5,0.5,0.5,0.5,0.5,0.5,0.5,0.5,0.5,0.5,0.5,0.5,0.5,0.5,0.5,0.5,103300.0,102200.0,0.5,0.5,0.5,
38UF,45079, 106900, 0.5,0.5,0.5,0.5,12700.0,11800.0,11600.0,13200.0,16700.0,14000.0,12900.0,8200.0,5800.0,0.5,0.5,0.5,0.5,0.5,0.5,0.5,0.5,0.5,0.5,0.5,0.5,0.5,0.5,0.5,0.5,0.5,0.5,0.5,0.5,0.5,0.5,0.5,0.5,0.5,0.5,0.5,0.5,0.5,0.5,0.5,0.5,0.5,0.5,0.5,0.5,0.5,52800.0,54100.0,0.5,0.5,0.5,
00KC,108759, 260400, 0.5,0.5,0.5,0.5,32300.0,30500.0,29100.0,34000.0,41400.0,35000.0,29800.0,17700.0,10600.0,0.5,0.5,0.5,0.5,0.5,0.5,0.5,0.5,0.5,0.5,0.5,0.5,0.5,0.5,0.5,0.5,0.5,0.5,0.5,0.5,0.5,0.5,0.5,0.5,0.5,0.5,0.5,0.5,0.5,0.5,0.5,0.5,0.5,0.5,0.5,0.5,0.5,128800.0,131600.0,0.5,0.5,0.5,
43UK,32760, 83800, 0.5,0.5,0.5,0.5,9800.0,10300.0,7900.0,9700.0,13100.0,11500.0,10400.0,6400.0,4700.0,0.5,0.5,0.5,0.5,0.5,0.5,0.5,0.5,0.5,0.5,0.5,0.5,0.5,0.5,0.5,0.5,0.5,0.5,0.5,0.5,0.5,0.5,0.5,0.5,0.5,0.5,0.5,0.5,0.5,0.5,0.5,0.5,0.5,0.5,0.5,0.5,0.5,40600.0,43200.0,0.5,0.5,0.5,
43UD,54920, 139600, 0.5,0.5,0.5,0.5,16200.0,16500.0,21600.0,18800.0,19900.0,16800.0,14200.0,9000.0,6600.0,0.5,0.5,0.5,0.5,0.5,0.5,0.5,0.5,0.5,0.5,0.5,0.5,0.5,0.5,0.5,0.5,0.5,0.5,0.5,0.5,0.5,0.5,0.5,0.5,0.5,0.5,0.5,0.5,0.5,0.5,0.5,0.5,0.5,0.5,0.5,0.5,0.5,69200.0,70400.0,0.5,0.5,0.5,
43UE,35600, 85700, 0.5,0.5,0.5,0.5,9400.0,10300.0,7300.0,9300.0,13400.0,12100.0,11000.0,7400.0,5500.0,0.5,0.5,0.5,0.5,0.5,0.5,0.5,0.5,0.5,0.5,0.5,0.5,0.5,0.5,0.5,0.5,0.5,0.5,0.5,0.5,0.5,0.5,0.5,0.5,0.5,0.5,0.5,0.5,0.5,0.5,0.5,0.5,0.5,0.5,0.5,0.5,0.5,41800.0,43900.0,0.5,0.5,0.5,
43UF,59199, 139900, 0.5,0.5,0.5,0.5,17900.0,15800.0,15000.0,19900.0,21800.0,17700.0,15100.0,9200.0,7500.0,0.5,0.5,0.5,0.5,0.5,0.5,0.5,0.5,0.5,0.5,0.5,0.5,0.5,0.5,0.5,0.5,0.5,0.5,0.5,0.5,0.5,0.5,0.5,0.5,0.5,0.5,0.5,0.5,0.5,0.5,0.5,0.5,0.5,0.5,0.5,0.5,0.5,68400.0,71500.0,0.5,0.5,0.5,
43UG,35440, 82300, 0.5,0.5,0.5,0.5,9400.0,9500.0,12300.0,10900.0,12000.0,10100.0,8400.0,5700.0,4000.0,0.5,0.5,0.5,0.5,0.5,0.5,0.5,0.5,0.5,0.5,0.5,0.5,0.5,0.5,0.5,0.5,0.5,0.5,0.5,0.5,0.5,0.5,0.5,0.5,0.5,0.5,0.5,0.5,0.5,0.5,0.5,0.5,0.5,0.5,0.5,0.5,0.5,40000.0,42300.0,0.5,0.5,0.5,
45UB,28800, 61800, 0.5,0.5,0.5,0.5,6900.0,6600.0,6100.0,7200.0,9200.0,7800.0,8200.0,5700.0,4100.0,0.5,0.5,0.5,0.5,0.5,0.5,0.5,0.5,0.5,0.5,0.5,0.5,0.5,0.5,0.5,0.5,0.5,0.5,0.5,0.5,0.5,0.5,0.5,0.5,0.5,0.5,0.5,0.5,0.5,0.5,0.5,0.5,0.5,0.5,0.5,0.5,0.5,29900.0,31900.0,0.5,0.5,0.5,
45UC,70839, 151300, 0.5,0.5,0.5,0.5,15000.0,15200.0,14800.0,15100.0,20600.0,19000.0,22200.0,16600.0,12800.0,0.5,0.5,0.5,0.5,0.5,0.5,0.5,0.5,0.5,0.5,0.5,0.5,0.5,0.5,0.5,0.5,0.5,0.5,0.5,0.5,0.5,0.5,0.5,0.5,0.5,0.5,0.5,0.5,0.5,0.5,0.5,0.5,0.5,0.5,0.5,0.5,0.5,72200.0,79100.0,0.5,0.5,0.5,
43UB,56559, 131500, 0.5,0.5,0.5,0.5,18500.0,15600.0,10400.0,18100.0,22000.0,17000.0,13900.0,8800.0,7200.0,0.5,0.5,0.5,0.5,0.5,0.5,0.5,0.5,0.5,0.5,0.5,0.5,0.5,0.5,0.5,0.5,0.5,0.5,0.5,0.5,0.5,0.5,0.5,0.5,0.5,0.5,0.5,0.5,0.5,0.5,0.5,0.5,0.5,0.5,0.5,0.5,0.5,63500.0,68000.0,0.5,0.5,0.5,
43UC,31440, 76100, 0.5,0.5,0.5,0.5,9300.0,9400.0,8100.0,10100.0,12000.0,9600.0,8400.0,5300.0,3900.0,0.5,0.5,0.5,0.5,0.5,0.5,0.5,0.5,0.5,0.5,0.5,0.5,0.5,0.5,0.5,0.5,0.5,0.5,0.5,0.5,0.5,0.5,0.5,0.5,0.5,0.5,0.5,0.5,0.5,0.5,0.5,0.5,0.5,0.5,0.5,0.5,0.5,36900.0,39200.0,0.5,0.5,0.5,
26UK,35600, 91500, 0.5,0.5,0.5,0.5,12800.0,10600.0,13200.0,16100.0,13400.0,10000.0,7400.0,4700.0,3300.0,0.5,0.5,0.5,0.5,0.5,0.5,0.5,0.5,0.5,0.5,0.5,0.5,0.5,0.5,0.5,0.5,0.5,0.5,0.5,0.5,0.5,0.5,0.5,0.5,0.5,0.5,0.5,0.5,0.5,0.5,0.5,0.5,0.5,0.5,0.5,0.5,0.5,45400.0,46100.0,0.5,0.5,0.5,
26UJ,37080, 88800, 0.5,0.5,0.5,0.5,11200.0,10900.0,9100.0,11600.0,14100.0,11600.0,9600.0,6300.0,4400.0,0.5,0.5,0.5,0.5,0.5,0.5,0.5,0.5,0.5,0.5,0.5,0.5,0.5,0.5,0.5,0.5,0.5,0.5,0.5,0.5,0.5,0.5,0.5,0.5,0.5,0.5,0.5,0.5,0.5,0.5,0.5,0.5,0.5,0.5,0.5,0.5,0.5,43000.0,45800.0,0.5,0.5,0.5,
00AH,151559, 368900, 0.5,0.5,0.5,0.5,53300.0,46100.0,50700.0,56100.0,55800.0,44000.0,30700.0,19500.0,12700.0,0.5,0.5,0.5,0.5,0.5,0.5,0.5,0.5,0.5,0.5,0.5,0.5,0.5,0.5,0.5,0.5,0.5,0.5,0.5,0.5,0.5,0.5,0.5,0.5,0.5,0.5,0.5,0.5,0.5,0.5,0.5,0.5,0.5,0.5,0.5,0.5,0.5,178800.0,190100.0,0.5,0.5,0.5,
26UH,34280, 84900, 0.5,0.5,0.5,0.5,11300.0,10400.0,11600.0,11400.0,13100.0,10800.0,7600.0,5000.0,3700.0,0.5,0.5,0.5,0.5,0.5,0.5,0.5,0.5,0.5,0.5,0.5,0.5,0.5,0.5,0.5,0.5,0.5,0.5,0.5,0.5,0.5,0.5,0.5,0.5,0.5,0.5,0.5,0.5,0.5,0.5,0.5,0.5,0.5,0.5,0.5,0.5,0.5,41900.0,43000.0,0.5,0.5,0.5,
26UL,47720, 112300, 0.5,0.5,0.5,0.5,13300.0,14400.0,19100.0,14200.0,15300.0,13000.0,10100.0,7300.0,5600.0,0.5,0.5,0.5,0.5,0.5,0.5,0.5,0.5,0.5,0.5,0.5,0.5,0.5,0.5,0.5,0.5,0.5,0.5,0.5,0.5,0.5,0.5,0.5,0.5,0.5,0.5,0.5,0.5,0.5,0.5,0.5,0.5,0.5,0.5,0.5,0.5,0.5,55200.0,57100.0,0.5,0.5,0.5,
26UC,60239, 146800, 0.5,0.5,0.5,0.5,18700.0,17500.0,16700.0,20000.0,22400.0,19500.0,15200.0,9500.0,7300.0,0.5,0.5,0.5,0.5,0.5,0.5,0.5,0.5,0.5,0.5,0.5,0.5,0.5,0.5,0.5,0.5,0.5,0.5,0.5,0.5,0.5,0.5,0.5,0.5,0.5,0.5,0.5,0.5,0.5,0.5,0.5,0.5,0.5,0.5,0.5,0.5,0.5,72000.0,74800.0,0.5,0.5,0.5,
26UB,38120, 94300, 0.5,0.5,0.5,0.5,12000.0,11500.0,11400.0,12300.0,14500.0,11600.0,9900.0,6800.0,4300.0,0.5,0.5,0.5,0.5,0.5,0.5,0.5,0.5,0.5,0.5,0.5,0.5,0.5,0.5,0.5,0.5,0.5,0.5,0.5,0.5,0.5,0.5,0.5,0.5,0.5,0.5,0.5,0.5,0.5,0.5,0.5,0.5,0.5,0.5,0.5,0.5,0.5,45700.0,48600.0,0.5,0.5,0.5,
26UG,57720, 141700, 0.5,0.5,0.5,0.5,20100.0,16800.0,13700.0,20600.0,22900.0,17600.0,14200.0,9200.0,6600.0,0.5,0.5,0.5,0.5,0.5,0.5,0.5,0.5,0.5,0.5,0.5,0.5,0.5,0.5,0.5,0.5,0.5,0.5,0.5,0.5,0.5,0.5,0.5,0.5,0.5,0.5,0.5,0.5,0.5,0.5,0.5,0.5,0.5,0.5,0.5,0.5,0.5,69300.0,72400.0,0.5,0.5,0.5,
26UF,54719, 128400, 0.5,0.5,0.5,0.5,16000.0,14800.0,13600.0,17600.0,20400.0,16200.0,14000.0,9300.0,6500.0,0.5,0.5,0.5,0.5,0.5,0.5,0.5,0.5,0.5,0.5,0.5,0.5,0.5,0.5,0.5,0.5,0.5,0.5,0.5,0.5,0.5,0.5,0.5,0.5,0.5,0.5,0.5,0.5,0.5,0.5,0.5,0.5,0.5,0.5,0.5,0.5,0.5,62900.0,65500.0,0.5,0.5,0.5,
26UE,41760, 100600, 0.5,0.5,0.5,0.5,13100.0,12300.0,11900.0,13000.0,15200.0,12700.0,10500.0,6600.0,5300.0,0.5,0.5,0.5,0.5,0.5,0.5,0.5,0.5,0.5,0.5,0.5,0.5,0.5,0.5,0.5,0.5,0.5,0.5,0.5,0.5,0.5,0.5,0.5,0.5,0.5,0.5,0.5,0.5,0.5,0.5,0.5,0.5,0.5,0.5,0.5,0.5,0.5,48600.0,52000.0,0.5,0.5,0.5,
26UD,59399, 139500, 0.5,0.5,0.5,0.5,17000.0,17600.0,13800.0,18700.0,23300.0,18700.0,14900.0,9300.0,6200.0,0.5,0.5,0.5,0.5,0.5,0.5,0.5,0.5,0.5,0.5,0.5,0.5,0.5,0.5,0.5,0.5,0.5,0.5,0.5,0.5,0.5,0.5,0.5,0.5,0.5,0.5,0.5,0.5,0.5,0.5,0.5,0.5,0.5,0.5,0.5,0.5,0.5,68800.0,70700.0,0.5,0.5,0.5,
43UM,40600, 99500, 0.5,0.5,0.5,0.5,13700.0,10800.0,11100.0,16000.0,15200.0,12300.0,9700.0,6300.0,4400.0,0.5,0.5,0.5,0.5,0.5,0.5,0.5,0.5,0.5,0.5,0.5,0.5,0.5,0.5,0.5,0.5,0.5,0.5,0.5,0.5,0.5,0.5,0.5,0.5,0.5,0.5,0.5,0.5,0.5,0.5,0.5,0.5,0.5,0.5,0.5,0.5,0.5,49200.0,50300.0,0.5,0.5,0.5,
41UB,39960, 98300, 0.5,0.5,0.5,0.5,11400.0,11800.0,12400.0,12000.0,15800.0,12500.0,11400.0,6800.0,4200.0,0.5,0.5,0.5,0.5,0.5,0.5,0.5,0.5,0.5,0.5,0.5,0.5,0.5,0.5,0.5,0.5,0.5,0.5,0.5,0.5,0.5,0.5,0.5,0.5,0.5,0.5,0.5,0.5,0.5,0.5,0.5,0.5,0.5,0.5,0.5,0.5,0.5,48600.0,49700.0,0.5,0.5,0.5,
22UL,36600, 83900, 0.5,0.5,0.5,0.5,8800.0,10200.0,8000.0,9200.0,13000.0,11400.0,11100.0,7400.0,4800.0,0.5,0.5,0.5,0.5,0.5,0.5,0.5,0.5,0.5,0.5,0.5,0.5,0.5,0.5,0.5,0.5,0.5,0.5,0.5,0.5,0.5,0.5,0.5,0.5,0.5,0.5,0.5,0.5,0.5,0.5,0.5,0.5,0.5,0.5,0.5,0.5,0.5,41100.0,42800.0,0.5,0.5,0.5,
22UK,27600, 62400, 0.5,0.5,0.5,0.5,6400.0,7200.0,5400.0,6200.0,9700.0,9200.0,9500.0,5500.0,3300.0,0.5,0.5,0.5,0.5,0.5,0.5,0.5,0.5,0.5,0.5,0.5,0.5,0.5,0.5,0.5,0.5,0.5,0.5,0.5,0.5,0.5,0.5,0.5,0.5,0.5,0.5,0.5,0.5,0.5,0.5,0.5,0.5,0.5,0.5,0.5,0.5,0.5,30900.0,31500.0,0.5,0.5,0.5,
18UC,52080, 119500, 0.5,0.5,0.5,0.5,12600.0,13700.0,24700.0,15600.0,15200.0,12900.0,11100.0,7500.0,6200.0,0.5,0.5,0.5,0.5,0.5,0.5,0.5,0.5,0.5,0.5,0.5,0.5,0.5,0.5,0.5,0.5,0.5,0.5,0.5,0.5,0.5,0.5,0.5,0.5,0.5,0.5,0.5,0.5,0.5,0.5,0.5,0.5,0.5,0.5,0.5,0.5,0.5,58500.0,61000.0,0.5,0.5,0.5,
21UD,41960, 90400, 0.5,0.5,0.5,0.5,10700.0,10600.0,11300.0,10800.0,13500.0,11700.0,10800.0,6400.0,4600.0,0.5,0.5,0.5,0.5,0.5,0.5,0.5,0.5,0.5,0.5,0.5,0.5,0.5,0.5,0.5,0.5,0.5,0.5,0.5,0.5,0.5,0.5,0.5,0.5,0.5,0.5,0.5,0.5,0.5,0.5,0.5,0.5,0.5,0.5,0.5,0.5,0.5,44100.0,46300.0,0.5,0.5,0.5,
00EE,59639, 135300, 0.5,0.5,0.5,0.5,15000.0,15800.0,15900.0,14300.0,19600.0,18400.0,17300.0,11900.0,7100.0,0.5,0.5,0.5,0.5,0.5,0.5,0.5,0.5,0.5,0.5,0.5,0.5,0.5,0.5,0.5,0.5,0.5,0.5,0.5,0.5,0.5,0.5,0.5,0.5,0.5,0.5,0.5,0.5,0.5,0.5,0.5,0.5,0.5,0.5,0.5,0.5,0.5,65800.0,69500.0,0.5,0.5,0.5,
22UG,77759, 176300, 0.5,0.5,0.5,0.5,21000.0,20600.0,26900.0,23100.0,25100.0,20500.0,19300.0,11800.0,8000.0,0.5,0.5,0.5,0.5,0.5,0.5,0.5,0.5,0.5,0.5,0.5,0.5,0.5,0.5,0.5,0.5,0.5,0.5,0.5,0.5,0.5,0.5,0.5,0.5,0.5,0.5,0.5,0.5,0.5,0.5,0.5,0.5,0.5,0.5,0.5,0.5,0.5,87200.0,89100.0,0.5,0.5,0.5,
22UF,74999, 169400, 0.5,0.5,0.5,0.5,19900.0,19600.0,20400.0,22200.0,25700.0,21700.0,19500.0,12200.0,8200.0,0.5,0.5,0.5,0.5,0.5,0.5,0.5,0.5,0.5,0.5,0.5,0.5,0.5,0.5,0.5,0.5,0.5,0.5,0.5,0.5,0.5,0.5,0.5,0.5,0.5,0.5,0.5,0.5,0.5,0.5,0.5,0.5,0.5,0.5,0.5,0.5,0.5,83200.0,86200.0,0.5,0.5,0.5,
22UE,38440, 88000, 0.5,0.5,0.5,0.5,8700.0,10300.0,9000.0,8900.0,12700.0,11800.0,13100.0,8500.0,5000.0,0.5,0.5,0.5,0.5,0.5,0.5,0.5,0.5,0.5,0.5,0.5,0.5,0.5,0.5,0.5,0.5,0.5,0.5,0.5,0.5,0.5,0.5,0.5,0.5,0.5,0.5,0.5,0.5,0.5,0.5,0.5,0.5,0.5,0.5,0.5,0.5,0.5,42800.0,45200.0,0.5,0.5,0.5,
22UD,31600, 74100, 0.5,0.5,0.5,0.5,8100.0,8900.0,7600.0,9000.0,11400.0,9900.0,8600.0,6000.0,4600.0,0.5,0.5,0.5,0.5,0.5,0.5,0.5,0.5,0.5,0.5,0.5,0.5,0.5,0.5,0.5,0.5,0.5,0.5,0.5,0.5,0.5,0.5,0.5,0.5,0.5,0.5,0.5,0.5,0.5,0.5,0.5,0.5,0.5,0.5,0.5,0.5,0.5,35700.0,38400.0,0.5,0.5,0.5,
22UC,62679, 148600, 0.5,0.5,0.5,0.5,18400.0,17600.0,16300.0,18400.0,23200.0,19400.0,18000.0,10200.0,7100.0,0.5,0.5,0.5,0.5,0.5,0.5,0.5,0.5,0.5,0.5,0.5,0.5,0.5,0.5,0.5,0.5,0.5,0.5,0.5,0.5,0.5,0.5,0.5,0.5,0.5,0.5,0.5,0.5,0.5,0.5,0.5,0.5,0.5,0.5,0.5,0.5,0.5,73000.0,75600.0,0.5,0.5,0.5,
22UB,78319, 176500, 0.5,0.5,0.5,0.5,22800.0,21700.0,21500.0,23200.0,26400.0,21800.0,18900.0,12200.0,8000.0,0.5,0.5,0.5,0.5,0.5,0.5,0.5,0.5,0.5,0.5,0.5,0.5,0.5,0.5,0.5,0.5,0.5,0.5,0.5,0.5,0.5,0.5,0.5,0.5,0.5,0.5,0.5,0.5,0.5,0.5,0.5,0.5,0.5,0.5,0.5,0.5,0.5,85600.0,90900.0,0.5,0.5,0.5,
21UG,42239, 91200, 0.5,0.5,0.5,0.5,8300.0,10100.0,7000.0,7200.0,12000.0,12400.0,14900.0,10600.0,8700.0,0.5,0.5,0.5,0.5,0.5,0.5,0.5,0.5,0.5,0.5,0.5,0.5,0.5,0.5,0.5,0.5,0.5,0.5,0.5,0.5,0.5,0.5,0.5,0.5,0.5,0.5,0.5,0.5,0.5,0.5,0.5,0.5,0.5,0.5,0.5,0.5,0.5,43400.0,47800.0,0.5,0.5,0.5,
22UQ,31600, 81100, 0.5,0.5,0.5,0.5,9800.0,10400.0,7400.0,9200.0,13300.0,11400.0,9800.0,5700.0,4100.0,0.5,0.5,0.5,0.5,0.5,0.5,0.5,0.5,0.5,0.5,0.5,0.5,0.5,0.5,0.5,0.5,0.5,0.5,0.5,0.5,0.5,0.5,0.5,0.5,0.5,0.5,0.5,0.5,0.5,0.5,0.5,0.5,0.5,0.5,0.5,0.5,0.5,40000.0,41100.0,0.5,0.5,0.5,
30UN,47760, 108900, 0.5,0.5,0.5,0.5,12400.0,12500.0,12600.0,12900.0,16700.0,14300.0,13600.0,8700.0,5200.0,0.5,0.5,0.5,0.5,0.5,0.5,0.5,0.5,0.5,0.5,0.5,0.5,0.5,0.5,0.5,0.5,0.5,0.5,0.5,0.5,0.5,0.5,0.5,0.5,0.5,0.5,0.5,0.5,0.5,0.5,0.5,0.5,0.5,0.5,0.5,0.5,0.5,53200.0,55700.0,0.5,0.5,0.5,
19UD,38599, 87800, 0.5,0.5,0.5,0.5,7900.0,9300.0,6800.0,7300.0,12000.0,12100.0,14000.0,10500.0,7900.0,0.5,0.5,0.5,0.5,0.5,0.5,0.5,0.5,0.5,0.5,0.5,0.5,0.5,0.5,0.5,0.5,0.5,0.5,0.5,0.5,0.5,0.5,0.5,0.5,0.5,0.5,0.5,0.5,0.5,0.5,0.5,0.5,0.5,0.5,0.5,0.5,0.5,42200.0,45600.0,0.5,0.5,0.5,
30UL,24800, 57700, 0.5,0.5,0.5,0.5,6000.0,7300.0,5200.0,5600.0,9200.0,8400.0,7800.0,5100.0,3100.0,0.5,0.5,0.5,0.5,0.5,0.5,0.5,0.5,0.5,0.5,0.5,0.5,0.5,0.5,0.5,0.5,0.5,0.5,0.5,0.5,0.5,0.5,0.5,0.5,0.5,0.5,0.5,0.5,0.5,0.5,0.5,0.5,0.5,0.5,0.5,0.5,0.5,28400.0,29300.0,0.5,0.5,0.5,
30UM,28800, 68500, 0.5,0.5,0.5,0.5,8500.0,8200.0,7800.0,8400.0,10600.0,9300.0,8300.0,4500.0,2900.0,0.5,0.5,0.5,0.5,0.5,0.5,0.5,0.5,0.5,0.5,0.5,0.5,0.5,0.5,0.5,0.5,0.5,0.5,0.5,0.5,0.5,0.5,0.5,0.5,0.5,0.5,0.5,0.5,0.5,0.5,0.5,0.5,0.5,0.5,0.5,0.5,0.5,33500.0,35000.0,0.5,0.5,0.5,
30UJ,38280, 89700, 0.5,0.5,0.5,0.5,12000.0,10600.0,11800.0,11300.0,12100.0,11300.0,10400.0,6100.0,4100.0,0.5,0.5,0.5,0.5,0.5,0.5,0.5,0.5,0.5,0.5,0.5,0.5,0.5,0.5,0.5,0.5,0.5,0.5,0.5,0.5,0.5,0.5,0.5,0.5,0.5,0.5,0.5,0.5,0.5,0.5,0.5,0.5,0.5,0.5,0.5,0.5,0.5,44200.0,45500.0,0.5,0.5,0.5,
30UK,58440, 140400, 0.5,0.5,0.5,0.5,17500.0,17600.0,25500.0,17900.0,19300.0,16000.0,12600.0,8500.0,5500.0,0.5,0.5,0.5,0.5,0.5,0.5,0.5,0.5,0.5,0.5,0.5,0.5,0.5,0.5,0.5,0.5,0.5,0.5,0.5,0.5,0.5,0.5,0.5,0.5,0.5,0.5,0.5,0.5,0.5,0.5,0.5,0.5,0.5,0.5,0.5,0.5,0.5,70600.0,69800.0,0.5,0.5,0.5,
30UH,60719, 139400, 0.5,0.5,0.5,0.5,14100.0,18200.0,22600.0,14700.0,18500.0,16900.0,16200.0,11100.0,7100.0,0.5,0.5,0.5,0.5,0.5,0.5,0.5,0.5,0.5,0.5,0.5,0.5,0.5,0.5,0.5,0.5,0.5,0.5,0.5,0.5,0.5,0.5,0.5,0.5,0.5,0.5,0.5,0.5,0.5,0.5,0.5,0.5,0.5,0.5,0.5,0.5,0.5,67800.0,71600.0,0.5,0.5,0.5,
22UN,69639, 138500, 0.5,0.5,0.5,0.5,13700.0,15300.0,12500.0,11900.0,17900.0,18000.0,21900.0,15900.0,11400.0,0.5,0.5,0.5,0.5,0.5,0.5,0.5,0.5,0.5,0.5,0.5,0.5,0.5,0.5,0.5,0.5,0.5,0.5,0.5,0.5,0.5,0.5,0.5,0.5,0.5,0.5,0.5,0.5,0.5,0.5,0.5,0.5,0.5,0.5,0.5,0.5,0.5,66500.0,72000.0,0.5,0.5,0.5,
30UF,36800, 76100, 0.5,0.5,0.5,0.5,7300.0,7800.0,7200.0,7500.0,11100.0,10900.0,10800.0,7800.0,5700.0,0.5,0.5,0.5,0.5,0.5,0.5,0.5,0.5,0.5,0.5,0.5,0.5,0.5,0.5,0.5,0.5,0.5,0.5,0.5,0.5,0.5,0.5,0.5,0.5,0.5,0.5,0.5,0.5,0.5,0.5,0.5,0.5,0.5,0.5,0.5,0.5,0.5,37100.0,39000.0,0.5,0.5,0.5,
30UG,33640, 80400, 0.5,0.5,0.5,0.5,10500.0,10000.0,10000.0,10000.0,11800.0,9800.0,9200.0,5500.0,3600.0,0.5,0.5,0.5,0.5,0.5,0.5,0.5,0.5,0.5,0.5,0.5,0.5,0.5,0.5,0.5,0.5,0.5,0.5,0.5,0.5,0.5,0.5,0.5,0.5,0.5,0.5,0.5,0.5,0.5,0.5,0.5,0.5,0.5,0.5,0.5,0.5,0.5,39900.0,40500.0,0.5,0.5,0.5,
30UD,35320, 87100, 0.5,0.5,0.5,0.5,11300.0,10300.0,11300.0,10800.0,12200.0,11000.0,10200.0,6100.0,3900.0,0.5,0.5,0.5,0.5,0.5,0.5,0.5,0.5,0.5,0.5,0.5,0.5,0.5,0.5,0.5,0.5,0.5,0.5,0.5,0.5,0.5,0.5,0.5,0.5,0.5,0.5,0.5,0.5,0.5,0.5,0.5,0.5,0.5,0.5,0.5,0.5,0.5,42800.0,44300.0,0.5,0.5,0.5,
30UE,44440, 109500, 0.5,0.5,0.5,0.5,12700.0,12200.0,12600.0,13700.0,17300.0,14500.0,13900.0,8000.0,4600.0,0.5,0.5,0.5,0.5,0.5,0.5,0.5,0.5,0.5,0.5,0.5,0.5,0.5,0.5,0.5,0.5,0.5,0.5,0.5,0.5,0.5,0.5,0.5,0.5,0.5,0.5,0.5,0.5,0.5,0.5,0.5,0.5,0.5,0.5,0.5,0.5,0.5,54900.0,54600.0,0.5,0.5,0.5,
19UH,44759, 99700, 0.5,0.5,0.5,0.5,9000.0,11400.0,8000.0,8500.0,13500.0,14000.0,15900.0,11100.0,8300.0,0.5,0.5,0.5,0.5,0.5,0.5,0.5,0.5,0.5,0.5,0.5,0.5,0.5,0.5,0.5,0.5,0.5,0.5,0.5,0.5,0.5,0.5,0.5,0.5,0.5,0.5,0.5,0.5,0.5,0.5,0.5,0.5,0.5,0.5,0.5,0.5,0.5,48000.0,51700.0,0.5,0.5,0.5,
19UJ,28960, 65300, 0.5,0.5,0.5,0.5,6600.0,7200.0,7100.0,6900.0,9300.0,9100.0,9200.0,5800.0,4100.0,0.5,0.5,0.5,0.5,0.5,0.5,0.5,0.5,0.5,0.5,0.5,0.5,0.5,0.5,0.5,0.5,0.5,0.5,0.5,0.5,0.5,0.5,0.5,0.5,0.5,0.5,0.5,0.5,0.5,0.5,0.5,0.5,0.5,0.5,0.5,0.5,0.5,32500.0,32800.0,0.5,0.5,0.5,
00DA,355917, 757400, 0.5,0.5,0.5,0.5,91700.0,91200.0,133200.0,103500.0,102500.0,84000.0,71800.0,48000.0,31500.0,0.5,0.5,0.5,0.5,0.5,0.5,0.5,0.5,0.5,0.5,0.5,0.5,0.5,0.5,0.5,0.5,0.5,0.5,0.5,0.5,0.5,0.5,0.5,0.5,0.5,0.5,0.5,0.5,0.5,0.5,0.5,0.5,0.5,0.5,0.5,0.5,0.5,371500.0,385900.0,0.5,0.5,0.5,
11UE,27440, 67800, 0.5,0.5,0.5,0.5,8100.0,8000.0,6500.0,7500.0,10500.0,9600.0,7800.0,5600.0,4200.0,0.5,0.5,0.5,0.5,0.5,0.5,0.5,0.5,0.5,0.5,0.5,0.5,0.5,0.5,0.5,0.5,0.5,0.5,0.5,0.5,0.5,0.5,0.5,0.5,0.5,0.5,0.5,0.5,0.5,0.5,0.5,0.5,0.5,0.5,0.5,0.5,0.5,33000.0,34800.0,0.5,0.5,0.5,
11UF,68919, 173400, 0.5,0.5,0.5,0.5,22200.0,21800.0,20800.0,22900.0,26300.0,21300.0,18500.0,12000.0,7600.0,0.5,0.5,0.5,0.5,0.5,0.5,0.5,0.5,0.5,0.5,0.5,0.5,0.5,0.5,0.5,0.5,0.5,0.5,0.5,0.5,0.5,0.5,0.5,0.5,0.5,0.5,0.5,0.5,0.5,0.5,0.5,0.5,0.5,0.5,0.5,0.5,0.5,85400.0,88000.0,0.5,0.5,0.5,
41UD,42440, 101200, 0.5,0.5,0.5,0.5,10700.0,11500.0,10200.0,11100.0,15500.0,13700.0,14300.0,9200.0,5000.0,0.5,0.5,0.5,0.5,0.5,0.5,0.5,0.5,0.5,0.5,0.5,0.5,0.5,0.5,0.5,0.5,0.5,0.5,0.5,0.5,0.5,0.5,0.5,0.5,0.5,0.5,0.5,0.5,0.5,0.5,0.5,0.5,0.5,0.5,0.5,0.5,0.5,50000.0,51200.0,0.5,0.5,0.5,
47UB,38440, 94300, 0.5,0.5,0.5,0.5,9900.0,11200.0,9100.0,10100.0,14800.0,13100.0,12200.0,8000.0,5900.0,0.5,0.5,0.5,0.5,0.5,0.5,0.5,0.5,0.5,0.5,0.5,0.5,0.5,0.5,0.5,0.5,0.5,0.5,0.5,0.5,0.5,0.5,0.5,0.5,0.5,0.5,0.5,0.5,0.5,0.5,0.5,0.5,0.5,0.5,0.5,0.5,0.5,46600.0,47700.0,0.5,0.5,0.5,
30UP,47120, 110900, 0.5,0.5,0.5,0.5,12000.0,13800.0,13300.0,11100.0,16400.0,14900.0,14500.0,9600.0,5300.0,0.5,0.5,0.5,0.5,0.5,0.5,0.5,0.5,0.5,0.5,0.5,0.5,0.5,0.5,0.5,0.5,0.5,0.5,0.5,0.5,0.5,0.5,0.5,0.5,0.5,0.5,0.5,0.5,0.5,0.5,0.5,0.5,0.5,0.5,0.5,0.5,0.5,54200.0,56700.0,0.5,0.5,0.5,
30UQ,50919, 107800, 0.5,0.5,0.5,0.5,10300.0,11900.0,10600.0,10000.0,15100.0,14800.0,15600.0,11900.0,7600.0,0.5,0.5,0.5,0.5,0.5,0.5,0.5,0.5,0.5,0.5,0.5,0.5,0.5,0.5,0.5,0.5,0.5,0.5,0.5,0.5,0.5,0.5,0.5,0.5,0.5,0.5,0.5,0.5,0.5,0.5,0.5,0.5,0.5,0.5,0.5,0.5,0.5,52400.0,55400.0,0.5,0.5,0.5,
00CM,121879, 275700, 0.5,0.5,0.5,0.5,30300.0,31800.0,37500.0,31800.0,40300.0,38200.0,32000.0,21400.0,12400.0,0.5,0.5,0.5,0.5,0.5,0.5,0.5,0.5,0.5,0.5,0.5,0.5,0.5,0.5,0.5,0.5,0.5,0.5,0.5,0.5,0.5,0.5,0.5,0.5,0.5,0.5,0.5,0.5,0.5,0.5,0.5,0.5,0.5,0.5,0.5,0.5,0.5,134100.0,141600.0,0.5,0.5,0.5,
00CL,70919, 148600, 0.5,0.5,0.5,0.5,16100.0,17100.0,18600.0,16800.0,21800.0,21200.0,17300.0,11800.0,7900.0,0.5,0.5,0.5,0.5,0.5,0.5,0.5,0.5,0.5,0.5,0.5,0.5,0.5,0.5,0.5,0.5,0.5,0.5,0.5,0.5,0.5,0.5,0.5,0.5,0.5,0.5,0.5,0.5,0.5,0.5,0.5,0.5,0.5,0.5,0.5,0.5,0.5,71800.0,76800.0,0.5,0.5,0.5,
38UD,54919, 135700, 0.5,0.5,0.5,0.5,16400.0,15900.0,13600.0,16400.0,21600.0,17900.0,16200.0,10700.0,7000.0,0.5,0.5,0.5,0.5,0.5,0.5,0.5,0.5,0.5,0.5,0.5,0.5,0.5,0.5,0.5,0.5,0.5,0.5,0.5,0.5,0.5,0.5,0.5,0.5,0.5,0.5,0.5,0.5,0.5,0.5,0.5,0.5,0.5,0.5,0.5,0.5,0.5,66700.0,69000.0,0.5,0.5,0.5,
00CN,421997, 1085400, 0.5,0.5,0.5,0.5,160400.0,151600.0,184000.0,151100.0,140600.0,111300.0,85400.0,59900.0,41100.0,0.5,0.5,0.5,0.5,0.5,0.5,0.5,0.5,0.5,0.5,0.5,0.5,0.5,0.5,0.5,0.5,0.5,0.5,0.5,0.5,0.5,0.5,0.5,0.5,0.5,0.5,0.5,0.5,0.5,0.5,0.5,0.5,0.5,0.5,0.5,0.5,0.5,535200.0,550200.0,0.5,0.5,0.5,
38UB,60719, 143100, 0.5,0.5,0.5,0.5,18600.0,16600.0,16800.0,19700.0,22200.0,17900.0,15300.0,9700.0,6300.0,0.5,0.5,0.5,0.5,0.5,0.5,0.5,0.5,0.5,0.5,0.5,0.5,0.5,0.5,0.5,0.5,0.5,0.5,0.5,0.5,0.5,0.5,0.5,0.5,0.5,0.5,0.5,0.5,0.5,0.5,0.5,0.5,0.5,0.5,0.5,0.5,0.5,70700.0,72400.0,0.5,0.5,0.5,
00CH,87239, 200300, 0.5,0.5,0.5,0.5,22600.0,22500.0,26000.0,25400.0,29200.0,26200.0,22600.0,16100.0,9700.0,0.5,0.5,0.5,0.5,0.5,0.5,0.5,0.5,0.5,0.5,0.5,0.5,0.5,0.5,0.5,0.5,0.5,0.5,0.5,0.5,0.5,0.5,0.5,0.5,0.5,0.5,0.5,0.5,0.5,0.5,0.5,0.5,0.5,0.5,0.5,0.5,0.5,97900.0,102400.0,0.5,0.5,0.5,
00CK,91999, 201400, 0.5,0.5,0.5,0.5,22800.0,21900.0,22900.0,26300.0,30600.0,27500.0,23700.0,15400.0,10300.0,0.5,0.5,0.5,0.5,0.5,0.5,0.5,0.5,0.5,0.5,0.5,0.5,0.5,0.5,0.5,0.5,0.5,0.5,0.5,0.5,0.5,0.5,0.5,0.5,0.5,0.5,0.5,0.5,0.5,0.5,0.5,0.5,0.5,0.5,0.5,0.5,0.5,97300.0,104100.0,0.5,0.5,0.5,
00HA,77519, 177600, 0.5,0.5,0.5,0.5,18400.0,22100.0,27700.0,19500.0,25000.0,21600.0,20000.0,13300.0,10000.0,0.5,0.5,0.5,0.5,0.5,0.5,0.5,0.5,0.5,0.5,0.5,0.5,0.5,0.5,0.5,0.5,0.5,0.5,0.5,0.5,0.5,0.5,0.5,0.5,0.5,0.5,0.5,0.5,0.5,0.5,0.5,0.5,0.5,0.5,0.5,0.5,0.5,87000.0,90600.0,0.5,0.5,0.5,
00CE,125359, 303000, 0.5,0.5,0.5,0.5,36800.0,35300.0,39400.0,36500.0,43700.0,40100.0,34300.0,22700.0,14200.0,0.5,0.5,0.5,0.5,0.5,0.5,0.5,0.5,0.5,0.5,0.5,0.5,0.5,0.5,0.5,0.5,0.5,0.5,0.5,0.5,0.5,0.5,0.5,0.5,0.5,0.5,0.5,0.5,0.5,0.5,0.5,0.5,0.5,0.5,0.5,0.5,0.5,149600.0,153400.0,0.5,0.5,0.5,
00JA,75200, 186400, 0.5,0.5,0.5,0.5,26700.0,22600.0,27200.0,27400.0,26200.0,21200.0,17000.0,10700.0,7400.0,0.5,0.5,0.5,0.5,0.5,0.5,0.5,0.5,0.5,0.5,0.5,0.5,0.5,0.5,0.5,0.5,0.5,0.5,0.5,0.5,0.5,0.5,0.5,0.5,0.5,0.5,0.5,0.5,0.5,0.5,0.5,0.5,0.5,0.5,0.5,0.5,0.5,92200.0,94200.0,0.5,0.5,0.5,
00AT,95960, 259000, 0.5,0.5,0.5,0.5,36700.0,28300.0,43300.0,48900.0,35800.0,27400.0,19400.0,12100.0,7100.0,0.5,0.5,0.5,0.5,0.5,0.5,0.5,0.5,0.5,0.5,0.5,0.5,0.5,0.5,0.5,0.5,0.5,0.5,0.5,0.5,0.5,0.5,0.5,0.5,0.5,0.5,0.5,0.5,0.5,0.5,0.5,0.5,0.5,0.5,0.5,0.5,0.5,130600.0,128400.0,0.5,0.5,0.5,
22UH,54079, 126300, 0.5,0.5,0.5,0.5,14800.0,14300.0,13800.0,15700.0,19500.0,16700.0,15000.0,9500.0,7000.0,0.5,0.5,0.5,0.5,0.5,0.5,0.5,0.5,0.5,0.5,0.5,0.5,0.5,0.5,0.5,0.5,0.5,0.5,0.5,0.5,0.5,0.5,0.5,0.5,0.5,0.5,0.5,0.5,0.5,0.5,0.5,0.5,0.5,0.5,0.5,0.5,0.5,61200.0,65100.0,0.5,0.5,0.5,
00CA,118599, 274000, 0.5,0.5,0.5,0.5,28800.0,31400.0,30900.0,28100.0,39000.0,39000.0,34200.0,25600.0,17000.0,0.5,0.5,0.5,0.5,0.5,0.5,0.5,0.5,0.5,0.5,0.5,0.5,0.5,0.5,0.5,0.5,0.5,0.5,0.5,0.5,0.5,0.5,0.5,0.5,0.5,0.5,0.5,0.5,0.5,0.5,0.5,0.5,0.5,0.5,0.5,0.5,0.5,131300.0,142700.0,0.5,0.5,0.5,
00CC,99159, 233800, 0.5,0.5,0.5,0.5,27500.0,27100.0,28400.0,27200.0,36000.0,31400.0,27900.0,17700.0,10600.0,0.5,0.5,0.5,0.5,0.5,0.5,0.5,0.5,0.5,0.5,0.5,0.5,0.5,0.5,0.5,0.5,0.5,0.5,0.5,0.5,0.5,0.5,0.5,0.5,0.5,0.5,0.5,0.5,0.5,0.5,0.5,0.5,0.5,0.5,0.5,0.5,0.5,115100.0,118700.0,0.5,0.5,0.5,
00CB,135599, 320000, 0.5,0.5,0.5,0.5,37100.0,37800.0,35900.0,35400.0,46400.0,43400.0,39500.0,26300.0,18200.0,0.5,0.5,0.5,0.5,0.5,0.5,0.5,0.5,0.5,0.5,0.5,0.5,0.5,0.5,0.5,0.5,0.5,0.5,0.5,0.5,0.5,0.5,0.5,0.5,0.5,0.5,0.5,0.5,0.5,0.5,0.5,0.5,0.5,0.5,0.5,0.5,0.5,154000.0,166000.0,0.5,0.5,0.5,
00CG,241678, 557700, 0.5,0.5,0.5,0.5,65800.0,69100.0,99700.0,69900.0,76000.0,61600.0,53300.0,37600.0,24700.0,0.5,0.5,0.5,0.5,0.5,0.5,0.5,0.5,0.5,0.5,0.5,0.5,0.5,0.5,0.5,0.5,0.5,0.5,0.5,0.5,0.5,0.5,0.5,0.5,0.5,0.5,0.5,0.5,0.5,0.5,0.5,0.5,0.5,0.5,0.5,0.5,0.5,276000.0,281700.0,0.5,0.5,0.5,
00CY,89319, 205400, 0.5,0.5,0.5,0.5,25500.0,24700.0,23600.0,25400.0,31900.0,27300.0,23900.0,14000.0,9100.0,0.5,0.5,0.5,0.5,0.5,0.5,0.5,0.5,0.5,0.5,0.5,0.5,0.5,0.5,0.5,0.5,0.5,0.5,0.5,0.5,0.5,0.5,0.5,0.5,0.5,0.5,0.5,0.5,0.5,0.5,0.5,0.5,0.5,0.5,0.5,0.5,0.5,100600.0,104800.0,0.5,0.5,0.5,
00CX,203199, 524900, 0.5,0.5,0.5,0.5,79700.0,71200.0,73000.0,72400.0,70400.0,60400.0,46800.0,30600.0,20400.0,0.5,0.5,0.5,0.5,0.5,0.5,0.5,0.5,0.5,0.5,0.5,0.5,0.5,0.5,0.5,0.5,0.5,0.5,0.5,0.5,0.5,0.5,0.5,0.5,0.5,0.5,0.5,0.5,0.5,0.5,0.5,0.5,0.5,0.5,0.5,0.5,0.5,258400.0,266500.0,0.5,0.5,0.5,
22UJ,35280, 82600, 0.5,0.5,0.5,0.5,11500.0,9800.0,10800.0,11600.0,11900.0,10500.0,7400.0,5200.0,3900.0,0.5,0.5,0.5,0.5,0.5,0.5,0.5,0.5,0.5,0.5,0.5,0.5,0.5,0.5,0.5,0.5,0.5,0.5,0.5,0.5,0.5,0.5,0.5,0.5,0.5,0.5,0.5,0.5,0.5,0.5,0.5,0.5,0.5,0.5,0.5,0.5,0.5,40200.0,42400.0,0.5,0.5,0.5,
00CZ,173519, 425500, 0.5,0.5,0.5,0.5,55400.0,53100.0,56600.0,54300.0,62400.0,51700.0,46400.0,28300.0,17300.0,0.5,0.5,0.5,0.5,0.5,0.5,0.5,0.5,0.5,0.5,0.5,0.5,0.5,0.5,0.5,0.5,0.5,0.5,0.5,0.5,0.5,0.5,0.5,0.5,0.5,0.5,0.5,0.5,0.5,0.5,0.5,0.5,0.5,0.5,0.5,0.5,0.5,210100.0,215400.0,0.5,0.5,0.5,
00CU,104079, 270800, 0.5,0.5,0.5,0.5,36100.0,34300.0,35500.0,32700.0,38400.0,32200.0,28400.0,20700.0,12500.0,0.5,0.5,0.5,0.5,0.5,0.5,0.5,0.5,0.5,0.5,0.5,0.5,0.5,0.5,0.5,0.5,0.5,0.5,0.5,0.5,0.5,0.5,0.5,0.5,0.5,0.5,0.5,0.5,0.5,0.5,0.5,0.5,0.5,0.5,0.5,0.5,0.5,133100.0,137700.0,0.5,0.5,0.5,
00CT,86399, 207600, 0.5,0.5,0.5,0.5,23900.0,25900.0,22200.0,22500.0,31400.0,27500.0,25500.0,16600.0,12100.0,0.5,0.5,0.5,0.5,0.5,0.5,0.5,0.5,0.5,0.5,0.5,0.5,0.5,0.5,0.5,0.5,0.5,0.5,0.5,0.5,0.5,0.5,0.5,0.5,0.5,0.5,0.5,0.5,0.5,0.5,0.5,0.5,0.5,0.5,0.5,0.5,0.5,100700.0,106900.0,0.5,0.5,0.5,
00CW,100399, 251000, 0.5,0.5,0.5,0.5,32200.0,30700.0,36300.0,32800.0,35900.0,28900.0,24300.0,17700.0,12200.0,0.5,0.5,0.5,0.5,0.5,0.5,0.5,0.5,0.5,0.5,0.5,0.5,0.5,0.5,0.5,0.5,0.5,0.5,0.5,0.5,0.5,0.5,0.5,0.5,0.5,0.5,0.5,0.5,0.5,0.5,0.5,0.5,0.5,0.5,0.5,0.5,0.5,124400.0,126600.0,0.5,0.5,0.5,
47UC,34280, 74600, 0.5,0.5,0.5,0.5,7100.0,8900.0,6200.0,6500.0,10800.0,10600.0,11400.0,7700.0,5400.0,0.5,0.5,0.5,0.5,0.5,0.5,0.5,0.5,0.5,0.5,0.5,0.5,0.5,0.5,0.5,0.5,0.5,0.5,0.5,0.5,0.5,0.5,0.5,0.5,0.5,0.5,0.5,0.5,0.5,0.5,0.5,0.5,0.5,0.5,0.5,0.5,0.5,36200.0,38400.0,0.5,0.5,0.5,
00CQ,131959, 322900, 0.5,0.5,0.5,0.5,42700.0,41100.0,58400.0,42700.0,41800.0,34100.0,28800.0,19800.0,13500.0,0.5,0.5,0.5,0.5,0.5,0.5,0.5,0.5,0.5,0.5,0.5,0.5,0.5,0.5,0.5,0.5,0.5,0.5,0.5,0.5,0.5,0.5,0.5,0.5,0.5,0.5,0.5,0.5,0.5,0.5,0.5,0.5,0.5,0.5,0.5,0.5,0.5,161100.0,161800.0,0.5,0.5,0.5,
47UE,40960, 99600, 0.5,0.5,0.5,0.5,12200.0,11800.0,15000.0,13700.0,14700.0,11700.0,10000.0,6400.0,4100.0,0.5,0.5,0.5,0.5,0.5,0.5,0.5,0.5,0.5,0.5,0.5,0.5,0.5,0.5,0.5,0.5,0.5,0.5,0.5,0.5,0.5,0.5,0.5,0.5,0.5,0.5,0.5,0.5,0.5,0.5,0.5,0.5,0.5,0.5,0.5,0.5,0.5,48900.0,50700.0,0.5,0.5,0.5,
00CS,121519, 311400, 0.5,0.5,0.5,0.5,44300.0,39300.0,43900.0,42500.0,44100.0,34800.0,28500.0,20600.0,13400.0,0.5,0.5,0.5,0.5,0.5,0.5,0.5,0.5,0.5,0.5,0.5,0.5,0.5,0.5,0.5,0.5,0.5,0.5,0.5,0.5,0.5,0.5,0.5,0.5,0.5,0.5,0.5,0.5,0.5,0.5,0.5,0.5,0.5,0.5,0.5,0.5,0.5,153600.0,157800.0,0.5,0.5,0.5,
00CR,130559, 313600, 0.5,0.5,0.5,0.5,37200.0,37600.0,37100.0,37000.0,46800.0,38800.0,37100.0,26100.0,15900.0,0.5,0.5,0.5,0.5,0.5,0.5,0.5,0.5,0.5,0.5,0.5,0.5,0.5,0.5,0.5,0.5,0.5,0.5,0.5,0.5,0.5,0.5,0.5,0.5,0.5,0.5,0.5,0.5,0.5,0.5,0.5,0.5,0.5,0.5,0.5,0.5,0.5,154100.0,159500.0,0.5,0.5,0.5,
