Region,2004,2005,2006,2007,2008,2009,2010,2011,2012,2013,2014,2015,2016,2017,2018,2019,2020,2021,2022,2023,2024,2025,2026,2027,2028,2029,2030,2031,2032,2033,2034,2035,2036,2037,2038,2039,2040,2041,2042,2043,2044,2045,2046,2047,2048,2049,2050,2051,2052,2053,2054,2055,2056,2057,2058,2059,2060,2061,2062,2063,2064,2065,2066,2067,2068,2069,2070,2071,2072,2073,2074,2075,2076,2077,2078,2079,2080,2081,2082,2083,2084,2085,2086,2087,2088,2089,2090,2091,2092,2093,2094,2095,2096,2097,2098,2099,2100,2101,2102,2103,2104,2105,2106,
East Midlands,Persons,Persons,Persons,Persons,Persons,Persons,Persons,Persons,Persons,Persons,Persons,Persons,Persons,Persons,Persons,Persons,Persons,Persons,Persons,Persons,Persons,Persons,Persons,Persons,Persons,Persons,Persons,Persons,Persons,Persons,Persons,Persons,Persons,Persons,Persons,Persons,Persons,Persons,Persons,Persons,Persons,Persons,Persons,Persons,Persons,Persons,Persons,Persons,Persons,Persons,Persons,Persons,Persons,Persons,Persons,Persons,Persons,Persons,Persons,Persons,Persons,Persons,Persons,Persons,Persons,Persons,Persons,Persons,Persons,Persons,Persons,Persons,Persons,Persons,Persons,Persons,Persons,Persons,Persons,Persons,Persons,Persons,Persons,Persons,Persons,Persons,Persons,Persons,Persons,Persons,Persons,Persons,Persons,Persons,Persons,Persons,Persons,Persons,Persons,Persons,Persons,Persons,Persons,
0-4,255.3,255.3,255.3,255.3,255.3,261.0,266.315010136,269.482200624,271.29881187,271.600018441,272.09979349,273.095330435,274.099153752,275.991445676,277.563866736,280.008718423,281.607606464,282.880895533,283.606598091,284.117823187,284.001386472,
5-9,240.5,240.5,240.5,240.5,240.5,240.7,243.213708093,248.486500228,254.899106664,263.700016148,269.499726957,274.495120662,277.291623323,279.588920695,278.959479148,279.396227258,280.694615781,281.871972456,284.190370823,286.203443514,288.202876347,
10-14,264.3,264.3,264.3,264.3,264.3,260.2,256.614463391,252.486400883,248.198813608,245.899702811,246.199486638,248.195365662,253.995525218,261.689831358,269.4609498,274.996633217,280.894579897,283.964197297,285.387597155,285.198835552,285.090520929,
15-19,296.8,296.8,296.8,296.8,296.8,295.3,290.816391091,284.384560315,279.598941979,275.799938826,272.299662938,268.695174852,264.195281608,259.489529345,257.162204935,257.695856047,260.394481839,265.46981177,273.288916777,280.899587813,287.890832546,
20-24,308.6,308.6,308.6,308.6,308.6,313.5,317.317884777,321.881991829,324.59884835,322.900088361,320.599828092,315.994618295,309.694529584,305.588145963,301.856353489,298.896896895,294.395259884,289.86818601,285.088794847,283.600036608,284.590560702,
25-29,269.9,269.9,269.9,269.9,269.9,279.2,288.116238904,295.683867321,302.998861133,309.899943374,314.299621219,316.694321621,320.593453214,322.48746762,320.953468606,318.495817822,314.193859816,309.164668995,304.986821988,301.998856196,298.29066086,
30-34,251.6,251.6,251.6,251.6,251.6,250.8,255.214384479,263.185640441,272.799027157,282.8000014,291.799699386,300.99465681,308.294326422,315.287750035,322.353345995,327.496298538,329.593902838,333.161453807,335.586442401,333.199339442,330.689495494,
35-39,317.8,317.8,317.8,317.8,317.8,306.5,296.216695465,283.184894266,271.198541722,263.799489585,263.199250272,267.994792326,275.595332204,284.688948347,295.257259332,304.496453216,313.194234686,320.563602334,328.58677401,335.79955296,340.689660543,
40-44,342.7,342.7,342.7,342.7,342.7,343.2,339.919158638,337.78126722,332.498758539,324.700026754,314.099781021,303.894782245,291.29480456,279.288431343,271.959570175,271.59494271,275.893672805,284.067764767,292.487894009,302.699497805,312.590156922,
45-49,316.6,316.6,316.6,316.6,316.6,325.6,334.118831718,339.281294451,343.398760703,345.099994322,344.799638105,341.093935968,338.893277671,333.787038325,326.552769611,316.096018579,305.394481156,292.967167355,280.987222593,274.298274707,274.18908127,
50-54,277.6,277.6,277.6,277.6,277.6,282.2,290.216357272,299.083653319,307.998889885,316.799997185,325.599667089,333.594088987,339.093430651,343.586717162,345.050088873,344.496007941,340.993466954,339.560555577,334.385959297,326.498862882,316.489877375,
55-59,273.9,273.9,273.9,273.9,273.9,269.9,267.115055229,267.28558532,269.798901126,274.699840823,280.299545482,287.694719987,296.994612496,305.688117822,314.754394659,323.196291768,331.393747762,336.96109176,341.185898576,342.99899235,342.389250438,
60-64,282.0,282.0,282.0,282.0,282.0,285.8,288.716272724,289.183742386,277.098270986,267.99941999,264.799334615,261.295148142,261.995594384,265.189523508,269.960629232,275.696209156,283.294372381,291.966791628,301.087802779,309.999488249,318.88994513,
65-69,208.0,208.0,208.0,208.0,208.0,217.0,227.012794971,237.586816756,258.199793993,270.200518331,274.899985364,277.295113325,277.293998652,266.588999515,258.661917828,255.496332912,252.695148943,253.171888088,256.189703462,261.399739244,267.291111216,
70-74,176.0,176.0,176.0,176.0,176.0,180.3,183.210326162,184.289941686,187.199211706,192.999959152,201.69984313,211.596389584,222.096444394,241.59156447,252.964438105,257.998964916,260.396416277,260.470426803,250.989516075,243.199220595,240.791976116,
75-79,145.3,145.3,145.3,145.3,145.3,145.5,146.108235001,148.19154691,151.099557753,155.700116619,159.59994677,163.397217419,164.797239261,167.19345262,173.874913042,181.99836634,190.996970715,200.677958509,218.393608841,229.101717919,233.794743365,
80-84,106.6,106.6,106.6,106.6,106.6,108.0,109.706183297,111.59328395,113.799693487,115.000104983,116.399961408,118.497972538,120.498061285,124.195491472,128.781950989,133.100192303,136.79906368,138.485891089,141.395871948,147.20151601,154.396210131,
85-89,66.7,66.7,66.7,66.7,66.7,68.3,68.8038779473,68.9956539364,69.3998281804,70.700072853,72.499969224,74.4987179923,76.6988662933,79.1972931854,81.188901472,83.4009079502,85.4000447614,88.791550872,92.2986864627,96.6022432466,100.998632912,
90+,29.7,29.7,29.7,29.7,29.7,30.7,33.1018656985,36.0973727131,38.6999560707,40.300130843,42.1000745648,44.5993262103,46.0996599037,48.2985595132,50.1936192003,52.7021973012,55.3016440583,58.1960740531,61.4013290909,64.4037472561,67.1007060329,
Total,4429.9,4429.9,4429.9,4429.9,4429.9,4463.7,4501.85373499,4538.14621455,4574.78257491,4610.5993808,4646.79481576,4683.61679306,4719.51521488,4759.41722798,4797.51012123,4837.25933329,4873.5275707,4912.26194871,4951.52580923,4989.42077554,5028.3676848,
Births,na,na,na,na,na,na,53.5,53.3,53.1,53.3,53.5,54.0,54.7,55.0,55.3,55.5,55.7,55.7,55.5,55.6,55.7,
Deaths,na,na,na,na,na,na,53.2554346751,52.7831406331,52.7204276061,52.7188162893,52.7315379713,52.4292175693,52.4545406817,52.1655413433,52.7855727602,53.2934921684,53.7901548246,53.9063912635,54.0932143582,54.8381317614,55.974215684,
Migration,na,na,na,na,na,na,37.6554346751,36.2772249434,36.026926246,35.2190391054,35.4313806941,35.3292057532,33.6562710957,37.1671435422,36.0892159606,36.9080387682,34.3890185545,37.4063746895,37.5036532794,36.9398489413,39.3718001128,
West Midlands,
0-4,337.0,337.0,337.0,337.0,337.0,343.9,348.819660291,353.076674878,354.998416466,353.799995752,353.299711353,353.493942383,354.298945873,355.588963303,357.653429479,358.810966162,360.209608422,361.175555117,361.608385588,361.922729022,361.401760044,
5-9,309.8,309.8,309.8,309.8,309.8,311.0,314.717738227,320.98264058,328.59882941,338.899988509,345.299611527,350.493722414,354.689081927,356.585780456,355.748219457,355.094821716,355.492758949,356.264295415,357.787261004,359.403735653,360.903433293,
10-14,334.8,334.8,334.8,334.8,334.8,330.7,326.418397703,319.882904058,313.698515287,310.799626773,311.199345162,315.394099096,321.59428118,329.487104605,339.450687608,346.095469535,351.192864048,355.154575491,356.883962629,356.097942156,355.887528696,
15-19,365.1,365.1,365.1,365.1,365.1,360.7,353.019897026,345.681374552,340.598774401,336.499985735,332.599651655,328.294169,321.49414263,315.487146084,312.553840374,313.294398314,317.492678933,323.562600476,331.785600335,341.498550523,348.288159642,
20-24,367.9,367.9,367.9,367.9,367.9,372.8,376.521221616,380.678860885,381.498557625,377.900015396,373.899728446,368.393668481,360.39359518,355.686133865,352.1489376,347.795740533,343.19381282,337.662146944,331.485834165,329.398799671,330.78780535,
25-29,340.5,340.5,340.5,340.5,340.5,349.9,358.220190127,365.979922061,375.09867401,382.799997124,388.199570466,391.892987989,395.392270188,396.58463142,392.943160616,388.995435859,383.693137279,376.85760469,371.784898128,368.099449021,364.188506271,
30-34,307.8,307.8,307.8,307.8,307.8,306.2,311.71756913,320.982585428,331.198788375,343.499995817,353.199658873,361.393631282,368.992956721,377.985293093,385.644039999,391.095027657,394.292091548,397.553680715,398.58294974,396.098455506,392.087627891,
35-39,382.2,382.2,382.2,382.2,382.2,367.6,353.019897026,335.682283736,320.498293877,310.699381868,309.299079848,314.893819014,324.094415684,333.886932852,345.549811617,355.095298169,363.692745449,371.057015006,379.583785368,388.398445266,393.286965616,
40-44,406.0,406.0,406.0,406.0,406.0,405.6,402.922709665,398.977974643,391.598568254,380.600061726,367.199782673,352.093999568,335.69408165,321.086616675,311.853451047,310.693700978,315.992211175,324.2626188,334.385518911,345.498704711,355.788009821,
45-49,374.7,374.7,374.7,374.7,374.7,382.9,391.722078372,396.778232707,399.698522189,400.999964625,401.199561663,397.692924454,393.492138786,386.384981343,377.145431485,362.7951512,348.593460242,332.562557822,317.98511318,308.897536156,306.887024694,
50-54,332.2,332.2,332.2,332.2,332.2,335.9,342.419299552,351.780811615,360.798678058,368.599962582,376.799576523,385.193131076,390.792418273,393.884656359,395.242677226,394.595179693,391.492202658,387.554551805,381.283565027,370.998221685,358.088159643,
55-59,323.9,323.9,323.9,323.9,323.9,319.4,315.817800229,315.183047958,318.098753571,321.799842551,325.699485808,332.593893746,341.893743406,350.186303053,358.1479193,366.295323178,374.992489175,380.755664897,383.983486052,385.39822062,384.987333963,
60-64,327.0,327.0,327.0,327.0,327.0,329.8,331.018656985,330.18162894,317.498146341,308.99944309,304.499322299,301.29447161,301.094858559,303.787986494,307.355070608,311.69525585,318.693195662,327.262276368,336.585706491,344.098660332,352.38809105,
65-69,254.6,254.6,254.6,254.6,254.6,262.1,270.515246871,279.584552111,296.899547607,306.400431865,309.699894351,311.194485112,310.793445986,299.187696407,291.457102849,287.195626484,284.19421822,284.567932005,287.087918693,291.299071213,295.689530875,
70-74,217.7,217.7,217.7,217.7,217.7,223.3,225.912732969,225.887663446,227.499061862,233.59994264,241.299768423,249.195671931,258.395701579,274.79015056,284.059785347,286.898233639,288.995576877,289.066988883,278.888049527,271.298837904,268.390690579,
75-79,180.3,180.3,180.3,180.3,180.3,179.7,180.310162702,182.289657511,186.099513253,190.800182147,195.899957332,199.396611346,199.796561207,202.592105659,207.969991463,215.898177649,223.096464463,231.674420673,246.892225884,256.001389296,258.893570029,
80-84,130.5,130.5,130.5,130.5,130.5,131.6,133.907547342,136.091866518,139.099653458,140.800157476,141.799984715,144.097567489,147.097658923,151.294541877,156.778030316,161.900205575,165.798775874,167.282757079,169.194903432,175.401613873,182.195492894,
85-89,81.2,81.2,81.2,81.2,81.2,83.1,82.904672701,83.394783532,84.1998030041,86.1000996544,87.5999747203,90.3984558581,92.8986406661,95.7967272019,98.7864957983,100.300870537,103.399894012,106.98969542,111.19826404,116.002535791,121.098273347,
90+,35.6,35.6,35.6,35.6,35.6,37.7,40.6022884398,44.2968021677,46.8999203778,49.6001423276,51.6000798949,53.6991828649,56.1995921122,58.3982469773,61.0922107586,63.702482757,66.7018727471,70.3951773821,74.0014211107,76.9043369864,80.9007254711,
Total,5408.8,5408.8,5408.8,5408.8,5408.8,5433.9,5460.50776697,5487.39426733,5514.57901743,5543.19921766,5570.29374573,5601.10043472,5629.09853053,5658.68199828,5691.58029295,5718.24736549,5751.21005855,5781.66211499,5810.98884931,5842.71723539,5872.13868917,
Births,na,na,na,na,na,na,71.0,71.0,70.5,70.4,71.0,71.3,71.6,72.2,72.4,72.7,72.6,72.6,72.5,72.1,72.0,
Deaths,na,na,na,na,na,na,63.1013469536,62.2580740245,62.5249334895,62.1107873027,62.6506229834,62.244735507,62.1386601947,61.2335739188,61.256376971,61.6201963689,61.3921085565,61.303022174,61.6919100009,62.3203841724,63.0268111537,
Migration,na,na,na,na,na,na,18.4013469536,18.7511002355,18.9326014337,20.3110501535,18.75043481,21.8447171008,18.5407022655,18.7354475648,22.3606056036,14.8370147109,21.7909434957,19.7030895301,18.10387743,21.7224714352,20.624223719,
South West,
0-4,279.2,279.2,279.2,279.2,279.2,284.6,289.41631218,293.380597048,294.598652235,293.599971452,293.799743513,294.594944338,296.099109252,298.090764648,300.860862967,304.309578287,306.908329466,309.279099427,310.207188049,311.519482193,312.801476342,
5-9,272.9,272.9,272.9,272.9,272.9,271.8,272.915382149,276.984949282,284.799086036,293.400063284,299.099701381,304.294555589,308.490833142,309.387737246,308.055289111,308.296034114,308.994330649,310.669354348,312.489683827,315.704084131,318.703163371,
10-14,305.1,305.1,305.1,305.1,305.1,302.2,299.116858925,294.683986905,287.598539213,284.09962885,283.099435695,284.794763393,289.095048182,297.688551568,305.555833133,311.8965148,317.194177871,320.760079798,322.386478379,321.29918216,320.789777597,
15-19,336.5,336.5,336.5,336.5,336.5,335.0,331.918707714,327.182159085,323.298769488,320.199912281,317.399574729,312.894333191,308.594258782,301.487767237,298.356170204,297.495266659,298.993790751,303.965681891,311.98759462,321.299878436,327.889979217,
20-24,335.0,335.0,335.0,335.0,335.0,342.6,349.519699747,354.980244797,358.198679927,356.900029701,354.799731853,350.393942038,345.093705455,341.986663091,338.850867881,335.095999706,331.694058035,327.363258115,321.286554405,317.899256328,318.589135233,
25-29,295.5,295.5,295.5,295.5,295.5,304.6,315.117760773,323.282393208,333.498861267,344.800037149,351.69964686,356.393654195,361.392786335,363.785872813,362.147516746,360.195469603,356.093223468,351.05990935,347.885286469,344.598843354,341.588966309,
30-34,279.3,279.3,279.3,279.3,279.3,278.2,283.31596835,291.684056546,300.698859222,308.799960582,318.799672615,327.594224775,336.493941514,345.78665031,356.848459296,363.395868333,367.993116008,372.656908852,375.584611661,373.69910421,371.088327934,
35-39,349.6,349.6,349.6,349.6,349.6,338.9,329.318561163,316.682992799,304.998402781,297.399466481,297.299183937,301.09416548,309.594739111,317.787631624,327.152614223,336.396030563,345.393726997,354.160027647,364.78565897,375.799854316,381.488510908,
40-44,387.2,387.2,387.2,387.2,387.2,384.9,379.921413258,374.779340602,367.698616719,360.499999227,350.499702378,340.894071732,327.594090234,316.286998119,309.354185566,308.494560569,312.793060005,320.963715288,329.28652585,338.499624205,347.889199489,
45-49,364.7,364.7,364.7,364.7,364.7,374.0,383.521616174,389.678377054,395.298673128,394.000104002,391.699713946,386.293272546,381.492659528,374.485427527,367.646816145,357.795685546,347.193854492,334.36260391,323.085801268,315.798450596,315.687986122,
50-54,329.5,329.5,329.5,329.5,329.5,335.2,342.219288279,352.180645883,360.798614836,370.499936717,379.999570901,390.093070407,396.392365333,402.084651653,400.842237067,399.195852698,393.293058217,388.755599231,382.184519785,374.799358454,364.688702211,
55-59,331.8,331.8,331.8,331.8,331.8,326.0,322.818194788,322.782489104,326.198721423,332.199843266,337.299463878,345.893641951,355.893500877,364.985777431,375.145685434,384.99594632,395.392909898,401.854002668,407.484063797,407.299729003,404.788241829,
60-64,353.3,353.3,353.3,353.3,353.3,359.6,361.520376133,360.479653206,344.79788487,332.599310624,327.399198639,323.994004461,324.794621797,328.187168632,334.351472668,341.195944018,348.993636908,359.059667967,368.685684106,379.000073171,389.888350952,
65-69,267.0,267.0,267.0,267.0,267.0,278.7,291.016402364,305.582839228,330.799693145,346.000661736,352.200010703,354.193823557,353.592460222,337.586160506,326.952008263,322.29571111,319.394198021,319.864834015,323.987677891,329.800391719,337.089626939,
70-74,229.4,229.4,229.4,229.4,229.4,233.7,238.513443175,239.98677881,244.299002996,252.499949259,264.29975978,276.395218139,290.495250806,315.688995493,329.953759834,336.499254065,339.195896331,338.162164941,323.487007732,313.099534312,309.290132726,
75-79,196.8,196.8,196.8,196.8,196.8,196.3,197.011104006,198.788522398,201.799437187,206.800174761,212.099940138,217.09631178,218.496396878,222.69138178,231.766723781,242.798347188,253.796365717,267.570900382,291.092117749,304.702936607,311.493597904,
80-84,151.2,151.2,151.2,151.2,151.2,152.3,155.008736655,157.290311371,159.099612758,161.600188356,162.599975956,164.297218525,167.097385861,171.593874171,176.075470509,182.300844407,187.19916424,189.681058118,193.294991693,202.002689666,211.795327776,
85-89,100.9,100.9,100.9,100.9,100.9,103.3,104.10586765,103.293277509,104.099887973,104.600199703,107.000000871,110.098126893,113.09837612,115.296160418,117.98408698,120.501960916,123.500507772,126.888249001,131.198697715,137.10369043,141.898460991,
90+,46.7,46.7,46.7,46.7,46.7,48.2,52.9029817356,57.2955890324,60.8000920661,64.1003201202,67.4001820417,69.7989877036,72.499497028,76.1978914465,78.3902925723,81.8041978984,85.7028604521,89.7939610898,94.3025061578,98.4059927693,102.401173767,
Total,5211.6,5211.6,5211.6,5211.6,5211.6,5250.1,5299.19867522,5340.99920387,5383.38008727,5424.59975755,5468.49420981,5511.10233069,5556.30102646,5601.08612571,5646.29035238,5694.9590668,5739.7202653,5786.87107604,5834.70265012,5882.33215606,5929.85013762,
Births,na,na,na,na,na,na,56.6,56.5,56.8,57.0,57.2,57.9,58.5,59.0,59.7,60.0,60.3,60.6,60.7,60.7,60.7,
Deaths,na,na,na,na,na,na,80.9067514959,81.3188982029,81.1068728615,80.6565230568,80.2821674501,80.1938058902,79.6188038796,79.2353018771,79.9697957617,79.9431461238,80.144294307,80.889431474,80.6943475879,81.6177884049,82.8855624593,
Migration,na,na,na,na,na,na,73.1067514959,67.209771556,66.4172640832,64.8566815862,66.9818057551,64.9937203116,66.3213941577,65.1376011147,66.0751331867,67.864656016,64.641561886,67.9887468626,67.4094583873,68.3194602339,69.8812321262,
North East,
0-4,144.5,144.5,144.5,144.5,144.5,147.3,150.008454827,151.190041912,152.299357749,152.50002758,151.999894405,152.097401304,152.399541498,152.495261839,153.080055872,153.504675086,153.50410494,153.389646339,153.103557387,152.40960263,151.400749884,
5-9,134.5,134.5,134.5,134.5,134.5,134.6,135.607643164,138.392507455,142.199533036,145.800038335,148.799882771,151.497344272,153.195360914,154.093900337,153.777660205,153.597846725,153.596939459,153.584647494,154.094583541,154.601664531,154.90146419,
10-14,149.9,149.9,149.9,149.9,149.9,147.1,144.008116634,140.692469159,136.599290988,134.899788671,134.999680831,135.697438256,138.697563386,142.194474664,146.478762974,149.698131349,151.897003586,153.280492285,154.193152964,153.799178451,153.694702155,
15-19,172.6,172.6,172.6,172.6,172.6,170.6,168.009469406,163.591110909,159.799382573,156.49994843,153.499789748,150.597271779,146.997385428,143.094154372,140.979202911,141.0976863,142.196971843,144.983551449,148.693999127,152.699812361,155.695010359,
20-24,190.3,190.3,190.3,190.3,190.3,192.0,192.410844725,193.889130061,193.799271465,191.60001409,189.299862246,186.396792322,181.896825233,178.193098558,175.474676287,172.498322179,169.397428441,165.682035441,162.09385944,160.300269362,160.794762879,
25-29,161.5,161.5,161.5,161.5,161.5,166.5,171.409661049,176.990324945,182.299358203,186.000006221,187.999810384,188.496653271,188.896002807,189.292565543,186.972776627,184.897382798,181.996245997,178.07950736,174.792212684,172.199127433,169.694689371,
30-34,137.4,137.4,137.4,137.4,137.4,139.2,143.708099724,148.69196444,155.099457776,162.400002603,167.799820195,171.996928491,177.396651825,182.592927163,186.273012153,188.697684608,188.696278094,189.377670985,189.691832355,187.999120967,185.693661993,
35-39,171.0,171.0,171.0,171.0,171.0,164.6,158.108911388,150.192130083,142.699189823,139.09968723,140.399566747,144.697164522,150.297452823,156.193918136,162.876356375,168.197740252,173.096459573,177.779360774,182.992237701,186.39926592,189.093873398,
40-44,191.8,191.8,191.8,191.8,191.8,188.2,183.510343072,180.390088152,176.599375354,171.600034317,164.799894294,158.897269069,151.197361303,143.793921305,139.979006144,141.19711145,145.396420464,150.282698394,156.79327289,163.399416973,168.594330537,
45-49,188.7,188.7,188.7,188.7,188.7,191.1,193.610912363,194.78921745,193.699211161,190.899932589,187.299772178,182.496754949,179.496571652,175.593189888,170.375321261,164.097826553,157.797103664,150.283238244,143.293276138,139.198897277,140.693995443,
50-54,171.6,171.6,171.6,171.6,171.6,174.0,177.409999242,180.790124472,183.799313956,186.199960074,188.599755955,190.896552979,192.396154357,191.092508719,188.972562732,185.297547506,180.996347306,177.87934266,174.292611828,169.099354752,163.194627665,
55-59,162.5,162.5,162.5,162.5,162.5,161.1,160.209029755,161.391286314,163.899392515,167.1999643,169.999780799,173.196872473,176.796687121,179.992968425,182.37349106,184.897721323,187.596264878,188.777920177,187.891858953,185.499078024,182.293963384,
60-64,158.6,158.6,158.6,158.6,158.6,162.6,165.309317219,166.290716693,159.998988651,155.899649599,154.999598251,154.39712067,155.397324704,157.893806337,161.376526404,163.697723027,167.096578517,170.280336933,174.192665494,176.299330243,178.994056423,
65-69,119.8,119.8,119.8,119.8,119.8,121.0,123.906983687,128.593037861,140.09992036,148.400293085,152.79998139,155.097239103,156.196560949,150.493717426,147.078244738,146.09764312,145.896910743,146.683358548,149.393736212,152.799555857,155.194721022,
70-74,109.9,109.9,109.9,109.9,109.9,111.7,111.806301664,110.593948988,109.899494277,109.299944252,110.299906233,112.598092737,117.898310756,128.295495956,136.980701354,140.999266663,143.497843708,144.483375799,139.393785681,136.399189449,135.395118049,
75-79,90.5,90.5,90.5,90.5,90.5,90.9,91.0051292617,90.894923655,92.2997818876,94.3001069394,96.4999882019,97.0983508848,96.498251189,95.9962006196,95.5860849157,97.2986505593,99.698127518,104.288546911,114.096405093,121.200661889,125.296861483,
80-84,63.4,63.4,63.4,63.4,63.4,64.1,64.9036581218,66.2961157567,67.2998017453,68.700063829,69.5999965465,70.4988268876,71.2988302238,73.2973480232,75.7893492076,77.599980427,79.0992648813,78.8916211074,78.6973069571,78.800403074,80.3976748088,
85-89,37.3,37.3,37.3,37.3,37.3,37.9,38.8021869819,39.0976320262,39.6998871042,40.4000217095,41.2999629767,42.1992511558,43.8993247501,45.2984066041,46.593555301,47.1001640981,49.3997511614,50.4949471421,52.4989500957,54.500964208,56.6990662636,
90+,15.6,15.6,15.6,15.6,15.6,16.5,17.1009638503,18.9987096835,20.1999200099,21.2000238925,22.2000107483,23.3996278769,24.1998135469,25.2991803846,26.2965397541,27.7007860735,29.1006307683,30.7977910363,32.3003498311,34.4017081586,35.500177916,
Total,2571.4,2571.4,2571.4,2571.4,2571.4,2581.0,2590.84602613,2601.75548002,2612.28992863,2622.89950775,2633.1969549,2642.252953,2655.05197446,2665.1970443,2677.31388628,2688.1738901,2699.95667554,2709.30008908,2722.49965437,2732.00660156,2743.22350722,
Births,na,na,na,na,na,na,30.6,30.4,30.5,30.0,30.2,30.4,30.6,30.6,30.6,30.5,30.4,30.3,30.2,29.9,29.9,
Deaths,na,na,na,na,na,na,27.0958566351,26.5199149041,26.7968186169,26.8758368157,26.8302571316,26.607686978,26.5590904089,26.2967666082,26.4407683752,26.4429738237,26.2984857211,26.3758432963,26.2681853067,26.5271322566,26.9363177855,
Migration,na,na,na,na,na,na,6.1958566351,7.31694279669,6.70001171691,7.47598207058,6.93020202782,5.30769476598,8.75997318537,5.89760473684,8.24264110648,6.45027976284,7.69823828949,5.67605600351,9.07342864175,6.02826397697,8.33542421242,
Northern Ireland,
0-4,119.327,119.327,119.327,119.327,119.327,122.066,124.148997328,125.789684687,126.317423549,125.610987684,125.121890441,124.758857984,124.485639344,124.238131942,123.937828618,123.575678535,123.060251512,122.366738119,121.526813417,120.554614546,119.46257867,
5-9,113.326,113.326,113.326,113.326,113.326,112.447,112.941365639,114.309855965,116.697593171,120.296995066,122.934851384,124.930742936,126.529096519,127.038928069,126.314609554,125.844208334,125.482469386,125.199476377,124.965550486,124.685269546,124.304090505,
10-14,123.201,123.201,123.201,123.201,123.201,122.3,120.769806868,118.530615617,115.831442624,113.849865919,112.90377717,113.328906011,114.671018315,117.03841339,120.616463046,123.265407226,125.262456187,126.848778018,127.370296197,126.664273971,126.173626233,
15-19,126.577,126.577,126.577,126.577,126.577,125.433,124.791033514,123.838295377,122.825544222,121.834984485,120.855865746,119.195877796,116.914770931,114.204332621,112.206406514,111.276863337,111.706320069,113.038903795,115.417834968,119.01236144,121.641747185,
20-24,132.88,132.88,132.88,132.88,132.88,132.914,131.11538997,128.454114064,126.376500958,123.77494161,122.054819585,121.096796735,119.9867405,118.854296948,117.756790094,116.721255493,115.071531139,112.789814146,110.099623889,108.127881082,107.187533503,
25-29,122.049,122.049,122.049,122.049,122.049,126.524,130.114333548,134.130511462,137.124546385,138.044071798,137.311959725,135.101730705,132.171625564,129.942872222,127.262410008,125.548190494,124.600465796,123.489817913,122.375835539,121.304572041,120.255812975,
30-34,113.294,113.294,113.294,113.294,113.294,112.857,114.80947093,116.578747415,119.473546147,124.103955053,128.218805261,131.522584855,135.339291299,138.218711955,139.062973707,138.331440956,136.135541812,133.206864578,131.007344152,128.358389479,126.635567923,
35-39,126.045,126.045,126.045,126.045,126.045,124.254,121.556851228,119.150590396,116.812456376,114.678877437,114.089783568,115.86086576,117.512994365,120.342241756,124.912789494,129.019293388,132.316244699,136.110004456,138.991179136,139.858538579,139.112741165,
40-44,131.333,131.333,131.333,131.333,131.333,130.496,129.283286708,128.616960704,127.446511157,125.965980588,124.096869552,121.287858336,118.815818783,116.454274462,114.307120551,113.741882199,115.510342995,117.150582606,119.979719307,124.551452964,128.620541472,
45-49,122.661,122.661,122.661,122.661,122.661,125.611,127.834205034,128.825946031,129.610518865,129.837986648,129.027859738,127.754729025,127.066566149,125.885061167,124.398911423,122.565349689,119.795641687,117.349580941,115.037755267,112.941199346,112.380552815,
50-54,107.691,107.691,107.691,107.691,107.691,110.166,113.382390496,116.346642565,118.877557732,121.076990559,124.004873064,126.170771719,127.157549973,127.936013511,128.166406741,127.403320772,126.176469373,125.51445474,124.384649517,122.956472337,121.150921843,
55-59,96.471,96.471,96.471,96.471,96.471,97.131,98.067527315,100.114569423,102.621608959,105.453968942,107.915854284,111.046990775,113.975859382,116.477445565,118.650759661,121.570575403,123.732636962,124.724567835,125.530652038,125.809461818,125.069847478,
60-64,91.369,91.369,91.369,91.369,91.369,91.845,92.817231396,93.5598510624,92.8585385243,93.0868915448,93.8328224834,94.7532630008,96.7682972813,99.2201082094,101.989163405,104.426599865,107.513861869,110.396328565,112.882283578,115.057649382,117.921177248,
65-69,73.943,73.943,73.943,73.943,73.943,76.598,79.2744680942,82.0004259473,85.0447382088,86.2250297466,86.8729247828,87.8764402835,88.675290126,88.1004538709,88.3950654755,89.1907288274,90.1352016772,92.1125832417,94.5240998044,97.2417630179,99.6146581708,
70-74,61.618,61.618,61.618,61.618,61.618,62.801,63.7815948797,64.3464931763,65.5227437516,68.2679782354,70.9149027739,73.4716718059,76.0776011478,78.9980354632,80.1975006047,80.9312506226,81.9816354706,82.8226541317,82.408601145,82.7968147232,83.6112083589,
75-79,49.517,49.517,49.517,49.517,49.517,50.004,50.5268478112,51.2371005622,52.6318571478,53.8100465218,55.206985709,56.3090419779,57.0140396513,58.2517394875,60.8732342874,63.3915216586,65.7869709462,68.1893985879,70.9305523996,72.1512200521,72.932008954,
80-84,35.702,35.702,35.702,35.702,35.702,36.151,36.8290757728,37.4467851332,37.9118731037,38.6910203368,39.5119813544,40.3003123081,41.2683368126,42.785453704,44.0698040707,45.5249676767,46.6735979963,47.4510900511,48.6995268879,51.1064390327,53.3766683754,
85-89,19.541,19.541,19.541,19.541,19.541,20.439,21.0231849158,21.8496386852,22.7099505937,23.3320276562,23.9639916166,24.6825742927,25.4156117411,26.0630812733,26.9232856936,27.8492218777,28.758959052,29.8201190123,31.285492742,32.5316947591,33.8805004977,
90+,8.458,8.458,8.458,8.458,8.458,8.561,9.20451878818,9.86532208085,10.5629572245,11.2320150038,11.9930088767,12.7458005934,13.643907671,14.5605524953,15.3270230605,16.16056013,17.0534557223,18.0727712229,19.0693295087,20.1361206713,21.3061951061,
Total,1775.003,1775.003,1775.003,1775.003,1775.003,1788.598,1802.27158024,1814.99215035,1827.2579087,1839.17461484,1850.83382712,1862.1958169,1873.49005555,1884.61014811,1895.36854601,1906.33831649,1916.75405435,1926.65452833,1936.48713998,1945.84618879,1954.63797848,
Births,na,na,na,na,na,na,25.232,25.123,25.036,24.966,24.926,24.891,24.849,24.785,24.67,24.535,24.366,24.158,23.924,23.682,23.439,
Deaths,na,na,na,na,na,na,16.3019383593,16.2586976508,16.2846365292,16.3969914746,16.488324407,16.5690310562,16.5810851731,16.643910704,16.7851598066,16.9094366388,17.0392742609,17.1160604603,17.2210995634,17.4330967927,17.6717472043,
Migration,na,na,na,na,na,na,4.64193835927,4.05688023053,3.4225835945,3.34108259795,3.22329231305,3.07103780001,3.02763723037,3.0184380514,3.07534141333,3.09408881526,3.10105743085,3.04115108716,2.99149191691,3.03477952411,3.08310767019,
Scotland,
0-4,282.972,282.972,282.972,282.972,282.972,287.827,290.949398588,293.105701772,293.343662689,291.234963155,289.454730918,288.75001943,288.554173309,288.656023604,288.882334924,289.143731609,289.093683932,288.624496386,287.826670118,286.680056069,285.241386686,
5-9,269.48,269.48,269.48,269.48,269.48,267.797,269.56619338,272.504311627,278.281081978,285.171044612,290.06071054,293.121769235,295.262986868,295.402192326,293.248275514,291.499707446,290.801053745,290.581928094,290.714672958,290.985038226,291.200661332,
10-14,297.754,297.754,297.754,297.754,297.754,293.008,287.505204465,282.173809666,275.342660045,271.080676226,269.399471781,271.10500343,274.024229122,279.717121938,286.558417557,291.47732116,294.544126414,296.659227158,296.82971635,294.721324478,292.92873007,
15-19,327.435,327.435,327.435,327.435,327.435,325.736,322.613183233,315.94385478,310.012794607,304.58789337,299.719587283,294.060673284,288.680726589,281.774556226,277.475130106,275.832288599,277.542893183,280.438932774,286.158009416,293.042200751,297.914168236,
20-24,354.053,354.053,354.053,354.053,354.053,356.854,355.507037207,356.082292697,356.396732143,353.54505497,351.410736772,347.543973374,340.436916831,334.189972696,328.650372879,323.815366248,318.193584614,312.81229588,305.96358776,301.730598179,300.057609882,
25-29,334.831,334.831,334.831,334.831,334.831,340.785,347.536587974,352.794664252,358.911734572,364.58103842,366.537674285,363.584605261,363.022936442,362.526897085,359.413863264,357.246619562,353.41937363,346.322669001,340.143590644,334.682906756,329.824558443,
30-34,299.272,299.272,299.272,299.272,299.272,301.666,309.545446705,319.030586774,330.31189274,339.487084329,344.813743942,350.472889237,354.914250929,360.385989638,365.835010144,367.763388857,364.850882644,364.281797348,363.848554516,360.820628415,358.621251768,
35-39,363.027,363.027,363.027,363.027,363.027,348.574,335.984936896,322.291978826,309.324333173,302.348408864,304.308132778,311.53094953,320.513333029,331.328187202,340.305712653,345.606327787,351.246882665,355.637674201,361.110518337,366.585573629,368.445968645,
40-44,402.888,402.888,402.888,402.888,402.888,398.058,390.578013889,385.77669754,376.264456915,364.051884602,349.423622753,336.513096663,322.655360294,309.52705205,302.515817288,304.4770842,311.650395169,320.536745551,331.297718937,340.253632494,345.471435554,
45-49,392.085,392.085,392.085,392.085,392.085,397.66,402.406680581,402.911911776,402.920512147,400.171933923,395.227508568,387.611012812,382.754422759,373.229314674,361.123458701,346.728905089,334.00244223,320.308978901,307.387611338,300.533704311,302.461398813,
50-54,350.577,350.577,350.577,350.577,350.577,358.591,366.859677068,374.593526399,381.843644708,388.432035522,393.941653874,398.552010063,399.07928076,399.068467611,396.396482864,391.675046662,384.28327654,379.556685393,370.307846933,358.510134255,344.345164378,
55-59,325.201,325.201,325.201,325.201,325.201,323.272,324.433285818,328.731237893,336.33680385,343.631972254,351.521591166,359.607549913,367.269098927,374.396434906,380.914777827,386.482388459,391.126464368,391.731557765,391.885282351,389.456270642,384.896293115,
60-64,312.382,312.382,312.382,312.382,312.382,320.182,327.224443134,331.474465171,318.268826087,313.230184988,311.649118868,312.948129748,317.288542574,324.726324409,331.892727684,339.724508684,347.69104965,355.2310528,362.320724551,368.848711933,374.344814639,
65-69,247.796,247.796,247.796,247.796,247.796,252.049,254.530345925,260.907941205,281.09872329,291.855421983,299.543781798,306.43733454,310.78209767,298.858332495,294.547292557,293.495986447,295.047583621,299.401975811,306.702171074,313.768089937,321.364153619,
70-74,215.568,215.568,215.568,215.568,215.568,218.213,220.001399793,219.143065653,220.685146566,224.595052921,228.948948149,231.569197096,237.718435575,256.657826026,266.944973154,274.476874105,281.166183839,285.477779259,275.088075486,271.629865059,271.035799337,
75-79,173.347,173.347,173.347,173.347,173.347,174.416,176.553950993,178.841942695,180.889409743,184.506095845,187.886921024,190.342760399,190.351644147,192.321523222,196.335680168,200.689746548,203.399526628,209.103053299,226.438592021,236.049820388,243.09715026,
80-84,119.349,119.349,119.349,119.349,119.349,121.032,123.543963226,125.936708768,129.423631789,132.295087433,134.552917878,137.596596608,140.800551717,143.717654242,147.726059448,151.46552417,154.348274611,155.050407625,157.311682397,161.26497013,165.348616515,
85-89,69.292,69.292,69.292,69.292,69.292,72.124,71.8390490166,73.1715972028,74.3377464924,75.8660268069,78.0179429809,80.640602399,83.3197473258,86.7189226781,89.6835023609,92.4062496024,95.7434100486,99.2129256496,102.44664577,106.328626167,109.885948584,
90+,31.191,31.191,31.191,31.191,31.191,31.25,34.5179455121,36.8945465449,38.8298109013,40.3330129418,42.3779947418,44.3252733624,46.6756255825,48.6543861972,50.6132778386,53.3032925331,56.2541293542,59.5307411565,63.0796008651,66.4062380126,70.0712716437,
Total,5168.5,5168.5,5168.5,5168.5,5168.5,5189.094,5211.6967434,5232.31084124,5252.82360444,5271.00487317,5288.7967901,5306.31344639,5324.10436045,5341.85717923,5359.06316693,5377.31035777,5394.40521689,5410.50092405,5426.86127182,5442.29838983,5456.55638152,
Births,na,na,na,na,na,na,58.31,57.97,57.76,57.62,57.567,57.648,57.797,57.876,57.869,57.772,57.589,57.341,57.036,56.692,56.329,
Deaths,na,na,na,na,na,na,49.9497641192,49.7026392367,49.4657399724,49.39771135,49.2286347198,49.1722887398,48.9808387179,48.8841334722,49.0245325569,49.1378257935,49.3112090656,49.4272110122,49.5482241303,50.091175831,50.6108487109,
Migration,na,na,na,na,na,na,13.9487641192,12.9250683691,11.9545730132,9.9400217067,9.45856839251,9.12932762568,8.97848522257,8.87272869577,8.93205397196,8.90749457048,8.85096781506,8.69474883983,8.48522261275,8.62550395823,8.70334624862,
South East,
0-4,497.1,497.1,497.1,497.1,497.1,507.4,515.529056422,520.965617812,521.297568755,518.799902486,516.299505044,516.091101264,518.098498101,520.883851892,523.931793379,527.816370053,532.014283569,535.063775619,537.812512931,540.233854618,541.302637325,
5-9,473.0,473.0,473.0,473.0,473.0,474.3,477.126891986,486.473548423,500.898392506,516.200124394,526.199501849,534.990469012,540.48376469,541.678447736,539.221669862,536.392635619,536.489711543,537.546712566,539.881753755,543.706654693,548.005296671,
10-14,511.4,511.4,511.4,511.4,511.4,505.3,500.328199666,494.273297308,485.797627145,482.299424538,482.899053123,486.991020304,496.09128739,510.980269148,526.123858401,537.293667132,545.8895144,551.030535125,552.57583847,549.297523912,547.681703335,
15-19,545.2,545.2,545.2,545.2,545.2,543.0,537.6303021,531.071157291,523.997907101,518.599782846,513.19927848,507.590812185,501.490681117,492.179963305,489.327911628,490.591619693,494.389016226,505.442014068,519.77824351,534.498521777,544.982351928,
20-24,514.1,514.1,514.1,514.1,514.1,524.4,531.929980816,540.170308589,545.798029757,542.600028794,539.899545266,534.490677355,526.489957152,520.179334685,515.224704586,509.692380206,504.289457468,498.442611079,490.777297059,488.296590224,488.88138281,
25-29,503.2,503.2,503.2,503.2,503.2,510.8,519.629287521,528.270999277,540.998097258,556.800024614,566.59939983,571.389801643,578.289373419,582.177637891,579.416401745,575.393759324,569.590236135,561.736623065,555.977790372,551.09933938,545.881861806,
30-34,501.7,501.7,501.7,501.7,501.7,501.3,508.528661863,517.971481872,526.397888841,535.599861425,544.199402841,553.690234564,563.589865022,576.977777339,592.914538874,602.093782495,607.089368402,613.73076214,617.575960256,614.499928959,610.082358985,
35-39,604.2,604.2,604.2,604.2,604.2,591.5,579.332652542,563.369502466,546.497257945,536.099194651,537.098688254,543.489639755,552.090160051,562.078079107,570.717311084,580.493151866,590.889469844,601.432477489,614.976252058,630.900427747,641.281496691,
40-44,659.5,659.5,659.5,659.5,659.5,654.6,644.836344483,637.664992093,629.99769893,620.199998461,608.099421698,596.489503004,580.389261365,564.07699453,554.918128412,554.991067598,561.58803704,570.535137632,579.476050339,589.199051376,599.481398247,
45-49,607.7,607.7,607.7,607.7,607.7,624.7,640.736113384,652.763796484,660.997631676,661.100082339,656.199489225,647.488748569,639.987797029,631.275381945,621.909779225,610.192149054,599.088764567,582.833926203,567.174702388,557.796890513,558.079218315,
50-54,529.0,529.0,529.0,529.0,529.0,540.4,553.831215221,571.068779508,587.097782179,601.999873944,618.79923713,635.78859796,646.687242262,655.874695176,656.105184793,652.092264217,642.587860397,635.626799195,628.373590379,619.197878179,607.479992714,
55-59,502.1,502.1,502.1,502.1,502.1,495.1,491.927726196,494.773357492,502.698042838,514.59977002,526.899187267,540.590093164,556.789697562,572.077561802,588.314454444,605.292671517,621.687731343,633.126139845,641.973074023,642.797704985,638.779869199,
60-64,517.2,517.2,517.2,517.2,517.2,526.0,529.329834266,525.670665053,500.996833207,483.098881499,476.598717688,474.191106037,477.892047127,484.880875955,496.22765081,508.593049589,522.389531415,539.738311146,554.776880154,570.398294722,587.180641606,
65-69,378.0,378.0,378.0,378.0,378.0,391.4,406.722923854,429.676004104,467.599656732,490.501018998,500.100092564,503.591291603,501.089264763,477.380163899,460.231956651,455.293044644,453.590945286,456.749135929,464.481249546,475.699355894,487.983553718,
70-74,328.5,328.5,328.5,328.5,328.5,335.3,339.219119182,338.181480367,343.09857959,353.799886089,366.699609113,381.79331999,404.493601247,440.684716003,462.235270112,472.29900127,474.694262106,473.4469362,452.08131261,436.098673904,431.185170759,
75-79,279.2,279.2,279.2,279.2,279.2,280.1,282.115900711,285.283491513,289.299217245,295.900307196,303.099998231,307.694881536,307.695005537,312.387903447,323.253520584,336.197272963,350.794657044,370.559702781,405.089087585,426.004182476,434.991106321,
80-84,209.8,209.8,209.8,209.8,209.8,212.5,216.712214407,221.486374521,225.299446938,229.500258039,231.799949489,235.795985489,239.896179642,245.591270305,252.464932304,259.901338207,266.09890156,266.673390813,271.39293501,281.803665636,293.393339166,
85-89,140.6,140.6,140.6,140.6,140.6,143.0,143.108065905,141.890836123,143.399816085,145.800253367,148.999979486,153.897360693,159.097723328,163.994546235,169.477166899,172.802795024,177.900660029,183.382905075,188.398099239,195.605266746,203.297899878,
90+,68.7,68.7,68.7,68.7,68.7,70.6,76.5043119618,83.9934906082,88.5001022513,92.9004497516,96.9002548197,100.598537154,104.899291359,109.196981738,113.985916657,119.006191751,124.804179577,131.291182029,137.503681786,144.108750139,150.50164875,
Total,8370.2,8370.2,8370.2,8370.2,8370.2,8431.7,8495.07880249,8565.01918091,8630.66757698,8696.39912345,8760.5903114,8826.64318128,8895.54069816,8964.55645214,9036.00215045,9106.42821222,9175.86658795,9248.389078,9320.07631147,9391.24255588,9460.45292823,
Births,na,na,na,na,na,na,100.8,100.2,100.1,100.1,100.3,100.8,101.8,102.8,103.4,104.0,104.8,105.0,105.4,105.7,105.7,
Deaths,na,na,na,na,na,na,116.135242372,115.27618664,115.436785577,115.423070247,115.510061756,115.70756344,115.261253605,115.087347537,115.163701118,116.350965429,116.585068741,116.52365382,117.143861378,118.251179445,120.132317635,
Migration,na,na,na,na,na,na,78.2352423725,85.9632631383,80.5515304228,81.0233381299,79.4095596446,81.1074509626,82.3650066694,81.4906816409,84.1713854477,81.5822317412,81.2811076429,84.9227461526,82.7658622723,83.3536843461,83.9261726939,
North West,
0-4,412.9,412.9,412.9,412.9,412.9,421.8,427.524096257,431.171588428,431.698025984,429.799947463,428.199605987,426.992641073,427.598755981,428.486691134,429.244057192,429.913028402,431.211443967,430.970838451,430.209945469,428.826971616,427.602062799,
5-9,379.8,379.8,379.8,379.8,379.8,379.9,384.321661267,391.878829528,401.59863004,413.600038427,421.799570383,427.192385529,430.686692848,431.782708565,429.237414818,427.493592576,427.291134162,427.457102666,428.584609188,429.904338511,430.703982495,
10-14,417.0,417.0,417.0,417.0,417.0,409.7,401.422625117,393.478935314,383.298043079,379.39943434,378.999125791,382.99278951,391.29309165,399.884391304,411.940189381,420.794680831,425.991454055,429.045064252,430.980584664,428.197373882,427.284831483,
15-19,469.1,469.1,469.1,469.1,469.1,461.3,451.325437756,437.976448731,427.598373017,419.299858351,411.899414844,404.492630965,395.792750846,386.184120767,381.74350536,380.992948505,385.690980141,393.754524131,403.182607299,415.198417692,423.385814256,
20-24,493.1,493.1,493.1,493.1,493.1,498.3,499.62816021,502.971998934,503.798227797,497.900146206,489.799751367,480.591831699,467.391830085,458.982109162,450.634646619,443.694894475,436.49249291,428.352484962,419.28272756,415.19914185,415.884949641,
25-29,430.4,430.4,430.4,430.4,430.4,446.8,462.22605214,476.073826357,489.298266214,501.100041982,506.599531087,507.591050138,510.289799115,510.280261386,505.526893866,498.093850901,489.390906873,477.24601881,468.580324231,461.898750357,454.785611505,
30-34,388.2,388.2,388.2,388.2,388.2,385.5,391.522067098,400.97850925,415.398554934,431.499988359,447.999492454,462.791702558,475.590777187,488.78101165,500.927472668,506.293611845,507.389828831,510.640138778,510.87804721,505.597807285,498.883881548,
35-39,481.6,481.6,481.6,481.6,481.6,462.5,444.625060107,422.577701953,401.297798262,387.299216235,384.598904879,390.092449929,400.093370208,413.683775413,429.737389204,445.593813426,459.590352502,473.344583594,486.078816857,497.997551982,503.283293599,
40-44,519.6,519.6,519.6,519.6,519.6,515.1,506.228532223,500.872391243,491.298205287,477.600058293,459.699686622,441.792408006,420.192479031,397.983276301,385.342372166,382.491937288,388.090353995,398.054364585,411.48202222,427.598199965,442.784498553,
45-49,492.0,492.0,492.0,492.0,492.0,502.2,511.328819687,514.671736641,515.798052795,511.59990005,507.199392147,498.491074463,493.49030808,484.081178685,470.331846847,452.693940178,434.691774631,413.953252299,392.381201161,379.096569217,376.68365793,
50-54,431.3,431.3,431.3,431.3,431.3,437.4,448.525279933,459.874963105,471.698369917,481.900051776,492.599541376,500.691160064,504.690083365,505.980255944,502.626979729,498.093539404,489.489997585,484.243284671,475.179416998,462.697727153,444.78510068,
55-59,418.2,418.2,418.2,418.2,418.2,410.1,405.022828033,405.378256567,409.398382782,415.699804663,423.799361155,433.292095363,444.991804089,457.182226824,467.232185357,477.894287856,486.790488426,490.142828794,492.078767421,488.597503009,483.883795259,
60-64,414.4,414.4,414.4,414.4,414.4,423.6,429.124186442,429.476012707,410.197362504,396.499068597,389.498960042,384.792808335,385.393462414,389.884532835,396.042060926,403.293832333,413.591127885,425.650794559,436.081300873,446.598159116,456.484801091,
65-69,319.2,319.2,319.2,319.2,319.2,324.0,330.518628802,340.881520905,367.299695189,385.100679873,394.599883908,399.592829186,400.491108236,383.083965775,370.445115081,363.993790188,360.192183851,361.459063551,365.184233332,371.598437075,379.18624158,
70-74,278.3,278.3,278.3,278.3,278.3,283.3,286.116126173,285.284390917,284.998730151,289.399905598,294.899781513,300.694920349,310.895294917,335.788106486,352.850094355,361.798007848,367.594318089,368.357375197,352.984036914,340.997603154,336.387510269,
75-79,225.5,225.5,225.5,225.5,225.5,225.8,226.712778062,229.487067532,233.699337325,239.300175075,244.999893556,248.495720823,248.295526419,249.29017034,253.863254694,259.396945207,265.895344952,275.369739395,297.990582087,314.401661007,322.091829563,
80-84,161.1,161.1,161.1,161.1,161.1,163.4,165.809345402,168.490073239,170.399428774,173.100068989,174.89988189,178.396907054,181.996996928,186.693168332,192.872810412,198.699856264,202.298070368,204.178373732,205.89321107,210.001363869,215.194208864,
85-89,99.5,99.5,99.5,99.5,99.5,101.3,100.705676007,100.193923196,101.199728506,102.800065598,105.099909829,108.698074338,111.198251226,114.695916458,117.683666862,120.600592408,123.999504205,128.987254494,133.697416044,139.902591846,145.097626867,
90+,43.4,43.4,43.4,43.4,43.4,44.4,47.8026942715,50.996508338,54.3998603915,56.2001211116,58.2000695285,60.8990630923,63.1995348536,65.4979177733,67.8911245491,71.0021450153,74.1017200137,78.3944572148,82.101084299,86.2044589389,90.0005387275,
Total,6874.6,6874.6,6874.6,6874.6,6874.6,6896.4,6920.49005499,6942.71468288,6964.37307295,6989.09857099,7015.39175836,7038.57454247,7063.57191748,7088.22578513,7116.17308009,7142.82929495,7169.78347744,7199.60154413,7222.8309349,7250.51462752,7274.39423671,
Births,na,na,na,na,na,na,86.2,86.0,85.6,85.7,85.5,86.1,86.4,86.6,86.6,86.6,86.4,85.9,85.3,85.0,84.7,
Deaths,na,na,na,na,na,na,72.2858067817,71.3066175874,70.656788118,71.028144991,70.5956050055,70.3738170869,69.8272399752,68.6067169977,69.1193667321,69.0190461022,69.2482383856,68.8459889507,69.7143007051,69.7439529715,70.4045810465,
Migration,na,na,na,na,na,na,9.78580678173,8.29862901644,6.36525056232,10.0285051402,11.3954468945,7.5738365539,8.42956686712,6.80890323736,11.2242598857,8.13809660234,9.84747737904,13.4464649925,7.12815250986,12.1468202851,9.80216764162,
Yorkshire and The Humber,
0-4,310.1,310.1,310.1,310.1,310.1,317.5,324.018262426,328.878233353,331.898556441,332.900037382,333.79976342,335.694279059,337.998941643,340.689454078,343.355329173,345.810725374,347.809359099,349.276390905,350.108133064,350.321987744,350.30170811,
5-9,283.5,283.5,283.5,283.5,283.5,284.2,288.016233268,294.684064179,302.59892127,312.29998884,319.699644413,325.394180495,330.089799223,333.786724389,334.551341118,335.395143451,337.393152939,339.365926577,342.187855546,344.503625403,346.80346966,
10-14,312.2,312.2,312.2,312.2,312.2,307.0,301.717005475,294.184330215,288.398660391,284.999662781,285.699388506,289.794551991,296.394777033,304.488089138,313.65441088,320.995798145,326.993384862,331.857573348,335.085059481,335.798177296,336.988258684,
15-19,355.5,355.5,355.5,355.5,355.5,353.5,348.619649018,342.481251858,336.298703794,331.499954651,326.399668984,320.494362393,313.594652524,307.287657886,303.955371788,304.595272314,308.593659662,315.164430265,322.987074976,332.999740277,340.38908048,
20-24,409.0,409.0,409.0,409.0,409.0,416.2,422.22379752,427.675675511,430.398376883,427.900024912,424.599660567,418.792742689,411.49314406,405.484548837,400.542674655,395.397437571,389.59544284,382.159924613,375.487634963,372.702434889,374.189064283,
25-29,353.0,353.0,353.0,353.0,353.0,368.6,382.021531626,394.478358619,407.198563253,418.200020498,425.199575912,429.692378439,433.990797816,435.683018294,433.537156942,430.294570102,425.391901894,418.552873155,412.782900691,408.299464532,403.78921433,
30-34,298.2,298.2,298.2,298.2,298.2,300.8,311.017529675,325.382335563,342.198834881,359.700056163,374.799668048,387.393173845,399.292377454,411.384035572,421.438926993,427.794585996,432.091380666,436.148466297,437.88115278,435.798105838,433.085846814,
35-39,364.1,364.1,364.1,364.1,364.1,351.7,339.419130455,325.682769897,312.398197907,305.699287149,308.099020741,318.093736632,331.294412839,346.786527725,363.347315097,378.295270044,390.792321437,401.553470932,413.382400729,423.898274438,430.085835689,
40-44,386.3,386.3,386.3,386.3,386.3,385.4,381.921525989,379.779001341,375.398655212,366.900061039,355.599761219,343.494087602,329.394161898,316.286669192,309.753635208,311.893536551,321.392083801,334.361671599,348.985153855,364.998915224,379.487489921,
45-49,364.7,364.7,364.7,364.7,364.7,373.3,380.021418895,384.278855773,386.498518214,386.299921339,385.299548002,381.393195652,379.392590474,374.785499383,366.7469615,354.995385899,343.29370234,329.263120448,316.485206244,309.997605463,311.986780786,
50-54,322.9,322.9,322.9,322.9,322.9,328.7,337.119000814,346.281054258,354.098659234,361.299935133,369.999568092,377.093271505,380.892570986,383.485028652,383.244365858,382.395265476,378.792498503,376.256167575,372.084269924,364.098598783,352.488574395,
55-59,309.0,309.0,309.0,309.0,309.0,305.0,301.717005475,303.183690875,308.398849219,315.099899167,321.499531684,329.793971826,338.693659223,346.486425056,353.948549002,362.395650378,369.192860988,373.456720835,376.184039122,376.098465669,374.98776709,
60-64,310.2,310.2,310.2,310.2,310.2,316.8,319.818025691,320.682034388,306.698009893,296.899298245,293.099227718,290.294597025,291.69512016,296.688334737,303.455775067,309.595615702,317.793468072,326.462421963,334.685913715,341.798843937,349.98851208,
65-69,232.7,232.7,232.7,232.7,232.7,237.9,245.013809551,255.385997263,276.999770614,290.900525553,298.299931754,301.394619002,302.093336725,289.587901032,280.258519026,276.695493689,274.494253864,275.968964191,280.988340792,287.399263112,293.589870936,
70-74,207.2,207.2,207.2,207.2,207.2,210.5,212.211960762,210.688488565,209.89901044,213.299863938,218.499762167,225.696102139,235.196386598,256.090993673,269.362019106,276.098737347,279.595947177,280.967815088,269.288183826,260.998603916,258.290780846,
75-79,167.0,167.0,167.0,167.0,167.0,167.8,169.709565228,172.290195893,176.099551298,180.600185916,184.299970512,186.496837623,186.096718454,185.892627106,189.37253343,194.09768956,201.496443488,210.576843359,229.193029462,242.001577984,248.094085277,
80-84,122.1,122.1,122.1,122.1,122.1,122.6,124.006989324,126.292485591,127.49955783,129.500043532,131.799906535,134.597667233,137.997740919,142.194889702,146.779444984,150.800188431,153.998799083,153.683976837,154.495054862,158.401185731,162.695630158,
85-89,76.1,76.1,76.1,76.1,76.1,77.4,77.7043796004,76.9952446255,78.199840794,79.0000849604,80.3999486495,82.8985370248,85.0986955901,87.1969169116,89.6876158531,92.4007280132,95.1998183411,99.3903241766,103.398348435,107.60229968,112.098431006,
90+,34.5,34.5,34.5,34.5,34.5,35.3,37.9021362529,41.0970629593,43.0998981998,45.200117491,47.3000741369,48.799267538,50.9996367517,53.0983979103,55.1929288169,57.1020999485,60.1016147034,63.0956641559,65.5011545569,69.4038299406,72.5006236109,
Total,5218.3,5218.3,5218.3,5218.3,5218.3,5260.2,5304.19895705,5350.40113073,5394.27913577,5438.19896869,5484.39362106,5527.30155971,5571.69952037,5617.38373928,5662.1848745,5707.04919399,5754.01209376,5797.56274632,5841.19090702,5887.12099986,5931.84102415,
Births,na,na,na,na,na,na,66.3,66.3,66.5,67.0,67.6,68.1,68.9,69.4,69.6,70.0,70.1,70.0,70.2,70.2,70.1,
Deaths,na,na,na,na,na,na,58.1096605281,57.5147294355,57.1453540687,56.7662968916,56.9323026337,56.7695713384,56.3275369938,56.5723882521,56.5534898221,56.7028714321,56.8271162378,57.3914124334,57.472144106,57.3665208521,57.4606808689,
Migration,na,na,na,na,na,na,35.5096605281,38.0082870206,34.2523214713,33.6665700867,35.5321572788,31.6695733953,31.8294036715,32.9741488948,32.3574295341,30.8184059675,33.7261754893,31.4915830441,30.4833822084,32.8685950311,32.2584529315,
Wales,
0-4,168.279,168.279,168.279,168.279,168.279,171.154,173.26676572,174.762482373,175.758239118,175.187013761,175.254865277,175.62299163,176.303469255,177.172505692,178.072813464,178.94349815,179.559812192,179.836849265,179.828173079,179.533284388,178.993873337,
5-9,163.069,163.069,163.069,163.069,163.069,161.448,161.737115882,162.868242069,166.396471421,171.004047557,174.158846282,176.460870706,178.083622154,179.052896676,178.452057804,178.54152446,178.911481794,179.575086853,180.460735878,181.38903053,182.233747983,
10-14,183.008,183.008,183.008,183.008,183.008,179.883,176.831966663,173.636601734,168.543141105,165.327782118,163.916676941,164.333988163,165.553180655,169.064449023,173.647842752,176.821823657,179.126519672,180.732165195,181.718082396,181.146204528,181.209862139,
15-19,202.6,202.6,202.6,202.6,202.6,199.7,197.217115617,193.768460603,191.040283577,188.245950354,185.293747178,182.344686652,179.227658621,174.123908059,170.887835132,169.503165663,169.925360248,171.131590297,174.657829865,179.26469227,182.412112081,
20-24,207.801,207.801,207.801,207.801,207.801,210.232,209.468806151,210.468394112,211.347255249,209.78103727,208.001851382,206.190433057,203.03429718,200.236192681,197.404351617,194.481619422,191.547492488,188.427776916,183.356139516,180.156374994,178.75166311,
25-29,173.394,173.394,173.394,173.394,173.394,179.464,184.777414487,190.261651325,197.129399971,203.228105697,206.389888769,206.125434399,207.388855906,208.130881673,206.471971376,204.708091428,202.914788204,199.755830724,196.993176125,194.204828704,191.263483702,
30-34,156.887,156.887,156.887,156.887,156.887,155.868,159.34098083,164.219101217,169.020321189,175.732947552,182.303787563,187.879666736,193.486475901,200.254355718,206.26730023,209.434694922,209.184129815,210.434590949,211.204117995,209.594180302,207.813944052,
35-39,195.604,195.604,195.604,195.604,195.604,188.419,181.662238908,173.023840211,165.530124302,160.598681898,160.022519566,163.715778462,168.703106328,173.446152664,180.076799206,186.63759725,192.200240287,197.771339594,204.532710937,210.555640343,213.682521046,
40-44,215.036,215.036,215.036,215.036,215.036,212.252,208.62175841,206.47959497,203.260284441,198.53805634,191.740902412,185.203852217,176.732894505,169.264979605,164.338514261,163.795787652,167.481036167,172.435345924,177.177446762,183.800522314,190.302750643,
45-49,207.129,207.129,207.129,207.129,207.129,211.994,216.233187408,217.693977558,217.85515521,216.197950717,213.737748841,210.292252559,208.287996303,205.099085056,200.404064343,193.708633082,187.251691649,178.859044106,171.490249447,166.653928839,166.111230902,
50-54,189.061,189.061,189.061,189.061,189.061,190.659,193.98893367,198.748127392,203.207267071,207.640996906,212.703778301,217.030148357,218.596700834,218.782481078,217.15851558,214.804341557,211.452877265,209.49977416,206.41246112,201.834476409,195.22089426,
55-59,192.703,192.703,192.703,192.703,192.703,189.482,186.386505179,185.284987719,186.750292168,188.589930811,190.423716663,193.839453243,198.638399896,203.059109458,207.445942853,212.504752846,216.805057554,218.375832015,218.636929868,217.128310807,214.843173303,
60-64,196.485,196.485,196.485,196.485,196.485,200.381,202.923437239,203.457546532,195.666836128,189.54065528,186.801598327,184.029654462,183.134922466,184.626777157,186.465874596,188.350422006,191.738219583,196.454712428,200.851926207,205.233743571,210.201499731,
65-69,153.05,153.05,153.05,153.05,153.05,157.751,162.742172529,168.415729675,179.952750719,187.733270276,191.835917618,194.521518253,195.285762166,188.119297361,182.501199855,180.101525729,177.603639757,176.845302951,178.39585851,180.286788879,182.165974375,
70-74,129.17,129.17,129.17,129.17,129.17,131.33,133.10750225,134.359633977,136.773465303,141.264004178,146.028906564,150.925431799,156.411443625,167.367999771,174.844244103,178.914075224,181.61832142,182.493129359,176.09655779,171.131397683,169.070443909,
75-79,105.332,105.332,105.332,105.332,105.332,105.641,106.729015497,107.944875322,110.037670255,112.481070471,115.129946188,117.269984323,118.861978832,121.403303264,125.74291299,130.309831722,134.940872315,140.027612662,150.18229634,157.218896599,161.075030132,
80-84,79.355,79.355,79.355,79.355,79.355,79.299,79.4684790291,79.9782703702,80.7867577504,82.2780572686,83.4799606391,85.2055346496,87.0545849768,89.5367372283,92.2300212717,95.0339549369,97.3491528178,99.1047068313,101.653949533,105.696983433,109.843292895,
85-89,50.411,50.411,50.411,50.411,50.411,50.975,51.401897131,51.8597312082,52.0728710727,52.2680575929,52.9489851514,53.7260842255,54.8021979218,56.0620462002,57.7810554665,59.3715203683,61.3669287558,63.4738622006,66.0209158535,68.6654531237,71.2989246149,
90+,21.884,21.884,21.884,21.884,21.884,23.013,24.8874027122,26.818099941,28.7049423508,30.0210775448,31.3770408599,32.8904911734,34.4317239589,35.7879256716,36.8072915514,38.1924368067,39.7761086316,41.6121664612,43.5078057128,45.5335521702,47.7264466549,
Total,2990.258,2990.258,2990.258,2990.258,2990.258,2998.945,3010.79269531,3024.04934831,3039.8335284,3055.65869359,3071.55068452,3087.60825507,3104.01927148,3120.59108404,3137.00060845,3154.15929688,3170.75373062,3186.84671889,3203.17736293,3219.02828989,3234.22086887,
Births,na,na,na,na,na,na,34.845,34.746,34.737,34.822,34.958,35.167,35.413,35.613,35.74,35.799,35.781,35.7,35.577,35.428,35.261,
Deaths,na,na,na,na,na,na,36.7862836554,36.5339081148,36.3694174616,36.4282315296,36.3282958703,36.1937518199,36.0321831714,35.8988201336,35.9450319064,35.9802554526,36.0201136286,36.0553479524,36.1215460405,36.4751912666,36.8944712064,
Migration,na,na,na,na,na,na,13.6192836554,15.3788115863,17.2638599434,17.4204063466,17.2652003458,17.1357499428,17.0323756491,16.9229299369,16.9485259976,16.9261070738,16.8534730783,16.7503993301,16.6465591304,16.7734395373,16.9229636988,
London,
0-4,550.2,550.2,550.2,550.2,550.2,565.0,575.33242708,582.761476169,584.697312562,583.399933726,582.299481943,582.489993243,583.898269404,586.581803729,590.22316464,593.718337924,597.616027723,601.259293773,604.014063735,606.538047937,608.602945823,
5-9,429.4,429.4,429.4,429.4,429.4,437.1,448.32526866,463.675444127,478.898310867,494.799952673,507.499396628,517.090694531,523.18207563,525.378409724,523.82273664,523.08957448,523.786455989,524.745482015,527.677608286,530.402333892,533.905564138,
10-14,410.1,410.1,410.1,410.1,410.1,406.8,403.822760394,398.979155919,395.798121958,398.999463679,405.699054068,415.692086266,429.392335019,443.582387473,457.632889586,469.492308715,478.088517046,483.434029816,485.874858219,484.593473764,483.578691839,
15-19,432.9,432.9,432.9,432.9,432.9,427.5,422.523814429,417.077485182,413.398466958,409.299952567,406.89957122,402.892865456,398.193264229,395.983823031,398.041108439,403.392528768,412.790105096,424.450598347,438.080285281,451.296930846,462.282346678,
20-24,574.7,574.7,574.7,574.7,574.7,579.6,582.032804729,586.166186773,589.197764559,587.200050997,583.399542403,576.990011144,568.791861504,562.679029256,557.720886417,553.598310593,548.595620302,542.645205411,537.585014617,537.605940289,541.284558065,
25-29,746.2,746.2,746.2,746.2,746.2,755.2,769.04334508,782.654680402,802.097274348,817.200310449,824.999456771,829.185622167,834.686173659,837.269224643,833.782562918,828.699381838,820.394967879,811.120498235,803.582084322,797.714486238,791.587885645,
30-34,746.4,746.4,746.4,746.4,746.4,748.5,751.142336137,753.859136951,754.296686649,759.799468466,771.498821912,785.985806522,798.482901321,815.868440327,830.179991552,838.389780037,842.983862482,848.404151264,851.865944724,847.6005619,842.182652237,
35-39,671.8,671.8,671.8,671.8,671.8,668.2,670.337781803,671.964322783,670.497216578,671.999580305,674.398944409,677.387649914,680.786125979,682.671940907,688.397869715,699.485998763,712.181285181,724.210179203,740.363325042,753.492124604,760.772314273,
40-44,622.6,622.6,622.6,622.6,622.6,625.3,623.235126988,619.667037052,615.497477418,611.699610277,608.899000999,609.788803076,609.988524939,607.075304817,607.810092852,610.788241854,613.784419998,617.724969602,619.767628974,625.291239422,635.871177152,
45-49,515.4,515.4,515.4,515.4,515.4,530.3,545.230730478,557.669791131,570.598168589,576.800206662,578.099635552,575.890019954,572.789198093,568.677070996,565.31665643,561.789540066,562.186029685,561.933024705,559.47176455,560.0930366,562.475378528,
50-54,413.6,413.6,413.6,413.6,413.6,425.8,439.62477828,453.875572601,466.998184393,481.699862554,495.299392202,508.790906968,520.790087662,532.579365666,537.921875949,539.192212058,537.1883866,534.437075068,530.174325212,527.294331207,523.978013198,
55-59,352.9,352.9,352.9,352.9,352.9,350.2,351.219795568,356.481122888,364.398562805,375.499800012,387.599380105,399.792655748,413.1922279,424.883017185,438.335704611,451.192684335,464.089089637,474.743236434,485.477286247,489.595575825,491.581685952,
60-64,316.6,316.6,316.6,316.6,316.6,323.4,326.21838643,326.082231946,315.998157301,308.999383675,306.099230157,307.694232427,312.494625747,319.387092206,328.8514559,338.993669479,350.691223506,362.0567427,373.581563773,385.995758779,397.083801771,
65-69,238.9,238.9,238.9,238.9,238.9,237.5,239.313488267,244.586967922,261.09975577,270.700466252,276.899945545,279.695042634,279.994047778,271.688561713,265.160424382,263.394509334,264.493242048,269.068548509,274.286494362,283.096961552,293.287259297,
70-74,212.6,212.6,212.6,212.6,212.6,214.2,214.112067856,210.188502701,206.699083903,207.099921223,206.699826403,208.196457981,213.896968972,228.391840597,237.266286222,242.998329321,246.195932948,246.771404643,239.288796231,233.797779847,232.190090888,
75-79,177.7,177.7,177.7,177.7,177.7,176.8,176.00992033,176.089961549,177.499580471,179.200197966,181.599970484,182.796893325,179.796816621,177.793036289,178.074298383,178.197989749,180.696921636,185.579904046,198.693825637,207.201178651,212.594324114,
80-84,131.3,131.3,131.3,131.3,131.3,130.8,132.407462794,134.191867383,135.299660494,136.100146584,136.499975028,137.197676435,138.697791444,140.794990748,143.380004639,146.000522551,147.798987917,146.18476745,144.695561067,146.301215564,146.896190132,
85-89,83.8,83.8,83.8,83.8,83.8,85.0,85.0047910686,83.7946682503,84.1998905775,84.7001385104,85.5999809192,87.6984879762,89.5987080365,91.4969228809,93.0873800602,94.6013248606,96.000209222,98.3907086889,101.498838653,103.602570623,106.798718248,
90+,40.7,40.7,40.7,40.7,40.7,41.8,44.4025026288,47.9963226325,50.2000738091,51.6002435617,54.6001337351,56.1991775414,57.8996437467,59.1983598847,61.4924085199,63.1032257972,66.5022306916,69.3954347685,71.7019704255,74.0046325041,77.3009868293,
Total,7667.8,7667.8,7667.8,7667.8,7667.8,7729.0,7799.339589,7867.76193436,7937.36975001,8006.79869014,8074.59074048,8141.45508331,8206.55164769,8271.98062207,8336.49779785,8400.11847052,8466.06351559,8526.55525468,8587.68123936,8645.51818004,8704.25458481,
Births,na,na,na,na,na,na,126.3,126.2,125.9,125.9,126.8,127.2,128.6,129.1,129.6,130.5,131.5,132.3,132.8,133.0,133.3,
Deaths,na,na,na,na,na,na,72.852065345,71.9513473778,72.0210977436,71.5436517596,71.0732485553,71.1777777134,71.1417496768,70.0835903462,69.500637801,68.8266964019,67.5323784314,67.6994696983,67.4978910667,67.6140970566,67.5778318521,
Migration,na,na,na,na,na,na,16.452065345,15.0433224465,15.3300950134,15.0437934529,12.0729581175,10.9777255518,7.6440665102,6.58565222492,5.3053285575,0.84523949634,2.03062583412,-3.30060785199,-4.78908434037,-7.88382024025,-6.72494027207,
East,
0-4,342.6,342.6,342.6,342.6,342.6,349.1,354.719992848,359.376242006,361.598392031,360.500001591,360.399711773,361.593810791,363.198906481,366.488652173,369.151966226,372.111574914,374.310094993,377.674435778,379.808840516,380.923883462,381.801869932,
5-9,323.5,323.5,323.5,323.5,323.5,325.6,329.818589346,336.781641174,346.098816204,356.600035696,364.199629563,370.693395003,374.788807908,376.885083909,375.545497321,375.395025875,376.192910077,378.462482733,380.687188842,384.004730355,386.90379507,
10-14,348.2,348.2,348.2,348.2,348.2,346.3,342.319293915,338.281756846,333.0983923,331.199606481,332.599331915,338.293732272,344.593840669,354.286240439,365.447079762,373.29558184,378.992771231,384.051789967,385.483327252,384.298486177,384.787313366,
15-19,357.4,357.4,357.4,357.4,357.4,355.7,353.419919572,350.081083859,348.898768222,347.499995881,344.19963421,340.893923304,336.593650784,331.686444989,330.051240231,332.39408117,336.892226955,344.760064878,354.584628341,364.79846201,372.387673415,
20-24,346.1,346.1,346.1,346.1,346.1,351.1,352.91989139,356.380485832,357.198598907,354.899937724,352.599659197,350.19388442,346.693605105,343.186509827,341.350232301,338.6949924,335.793004019,331.36167985,327.18465399,324.797374211,326.58706617,
25-29,349.6,349.6,349.6,349.6,349.6,358.3,369.220810147,377.678856041,388.998716294,400.400124427,406.89967243,408.892806978,412.592853602,413.684211222,410.741034607,408.296697898,404.494356629,400.55638793,397.38620684,394.501588557,392.188147673,
30-34,347.5,347.5,347.5,347.5,347.5,348.0,353.819942119,362.979958721,370.89848477,380.199884317,388.999559244,398.492962873,407.692339437,419.58401265,430.238199427,436.895951066,439.492772906,441.550972471,443.883231352,441.400685223,438.388605524,
35-39,415.0,415.0,415.0,415.0,415.0,405.6,398.322450384,386.379186429,376.798195385,371.799492578,372.599101719,377.99276685,386.993073439,395.084542991,403.141516653,413.795232161,423.192458316,431.851079375,442.982953106,454.200358638,460.987157232,
40-44,443.5,443.5,443.5,443.5,443.5,445.1,440.624834645,438.375815208,433.998393767,427.200030652,417.999688781,411.392901598,400.392793776,390.0841797,384.643292848,385.793752507,391.091673326,399.954599758,408.083243422,416.699452338,426.286813876,
45-49,406.1,406.1,406.1,406.1,406.1,417.6,429.924231534,438.275769497,444.39837592,447.000001112,447.69957028,444.092176596,441.191429103,436.482997608,430.137671434,421.694616715,414.792363377,403.254520409,393.38260658,388.297998075,389.185542531,
50-54,356.1,356.1,356.1,356.1,356.1,363.6,372.520996154,384.178986187,396.298566081,406.399969291,417.899530988,430.392319714,439.09147411,445.882764421,447.835233658,448.49490866,444.291723871,442.149066472,437.381714985,431.298634269,422.486296274,
55-59,346.8,346.8,346.8,346.8,346.8,342.3,339.519136092,340.781587269,345.2986293,353.399837498,360.199455764,369.593255476,381.2930924,392.98471582,403.641437235,414.89510872,427.191835384,435.949614734,442.681796672,444.598810638,445.086210965,
60-64,362.5,362.5,362.5,362.5,362.5,369.9,372.220979244,370.079263213,351.697718488,339.399176793,335.599074563,332.593751306,334.494411906,338.786661038,346.349584964,353.795274609,363.292891729,375.057422037,386.384317998,397.999292076,409.286923669,
65-69,265.5,265.5,265.5,265.5,265.5,274.9,287.216188175,303.483043476,332.299846328,348.500781896,355.600089448,358.293795159,356.792290446,339.185884721,327.851589612,323.695188218,322.093704804,323.86403381,328.686915653,336.199800677,343.588747542,
70-74,233.3,233.3,233.3,233.3,233.3,238.2,241.113589725,240.386830023,242.398914561,249.899874736,259.699715919,271.295281628,286.995505755,314.289187825,330.253827531,336.599197607,339.595812571,339.161880927,322.986537604,311.899031297,308.989523613,
75-79,194.9,194.9,194.9,194.9,194.9,196.1,198.011160372,200.788405906,204.699481812,209.80023339,215.299993585,218.196344878,218.296367741,220.791355887,228.367074003,237.397855056,248.496061524,263.671218449,288.992105601,303.702827242,311.193525361,
80-84,144.1,144.1,144.1,144.1,144.1,146.6,149.008398461,152.590669064,155.799618234,158.600181577,160.899973685,163.997219356,167.697338986,172.493886159,177.675304234,183.900927249,187.49920658,188.28114054,190.894775106,198.302358573,206.095122876,
85-89,91.8,91.8,91.8,91.8,91.8,94.5,94.8053434506,95.0938913026,96.7998662238,98.600169291,101.89999129,105.398202589,108.2984472,112.096246642,114.98442313,117.701642492,121.700318758,125.588232351,130.598620434,136.303621834,140.89857664,
90+,42.0,42.0,42.0,42.0,42.0,43.7,46.6026266329,51.4960934006,55.0000396836,58.3002664451,60.9001563973,63.6990726147,66.7995536372,70.098015716,72.6909177101,76.10359235,80.5025662649,84.2943543133,89.3022051952,93.4056039927,98.3010667007,
Total,5716.5,5716.5,5716.5,5716.5,5716.5,5772.2,5826.12837421,5883.46956545,5942.27781451,6000.19960138,6056.19354075,6115.99160341,6174.48978249,6234.06159374,6290.09712289,6350.95120151,6409.90875331,6471.49497678,6531.37586949,6587.63299965,6645.42997843,
Births,na,na,na,na,na,na,69.8,69.7,69.7,69.9,70.4,71.4,72.2,72.7,73.1,73.7,73.9,74.0,74.1,74.2,74.3,
Deaths,na,na,na,na,na,na,76.6083479024,75.8704418825,76.7683558068,77.1902196413,77.266673878,77.5502532782,76.9918873798,76.4777129765,76.8135255433,76.9579559197,76.9964395737,77.6761673587,77.5952205939,79.2501537596,80.3739560838,
Migration,na,na,na,na,na,na,60.4083479024,64.1619374935,65.5780328175,65.1904254187,62.8663579111,66.0501846309,63.294395063,63.4799697313,60.4187076371,63.2787673727,62.0942726626,65.8757870889,62.9099278468,61.0521331879,64.0700653427,
